Phase,Site id,Municipality,Site name,Collection,Main number,Subnumber,p,i,z,m1,m2,m3,n1,n2,n3,n4,p1,p2,r1,r2,Category,Type,Subtype,Subtype (Finnish),Certainty,Integrity,Length (mm),Width (mm),Thickness (mm),Fragment length (mm),Fragment width (mm),Fragment thickness (mm),Other notes (Finnish),PhotoID,X,Y,Length,Mon1,Mon2,Mon3,Mon4,Mon5,Mon6,Main temper (Finnish),Other tempers (Finnish),Count (1-10),Count (10-100),Count (>100),Ajoitusperuste,Subtype 2,Subtype 2 (Finnish)
BA,Kö 6.16,Kökar,,ÅM,200,287,6662169.0,3158475.0,,False,False,False,False,False,False,False,False,True,False,False,Birch bark tar,Birch bark tar piece,,Koivutervaa,2.0,False,,,,,,,useita kappaleita,ÅM 200_287,"20,88363679","59,92960346",,,,,,,,,,,,,,,
BA,Kö 6.16,Kökar,,ÅM,200,290,6662169.0,3158475.0,,False,False,False,False,False,False,False,False,True,False,False,Birch bark tar,Birch bark tar piece,,Koivutervaa,1.0,False,,,,,,,,ÅM 200_290,"20,88363679","59,92960346",,,,,,,,,,,,,,,
BA,Kö 6.16,Kökar,,ÅM,200,319,6662169.0,3158475.0,,False,False,False,False,False,False,False,False,True,False,False,Birch bark tar,Chewing pitch,,Purupihka,1.0,True,24.0,14.0,8.0,,,,,ÅM 200_319,"20,88363679","59,92960346",,,,,,,,,,,,,,,
BA,Kö 6.16,Kökar,,ÅM,200,349,6662169.0,3158475.0,,False,False,False,False,False,False,False,False,True,False,False,Birch bark tar,Birch bark tar piece,,Koivutervaa,2.0,False,,,,,,,useita kappaleita,ÅM 200_349,"20,88363679","59,92960346",,,,,,,,,,,,,,,
BA,Kö 6.16,Kökar,,ÅM,200,368,6662169.0,3158475.0,,False,False,False,False,False,False,False,False,True,False,False,Birch bark tar,Birch bark tar piece,,Koivutervaa,2.0,False,,,,,,,useita kappaleita,ÅM 200_368,"20,88363679","59,92960346",,,,,,,,,,,,,,,
BA,Kö 6.16,Kökar,,ÅM,200,396,6662169.0,3158475.0,,False,False,False,False,False,False,False,False,True,False,False,Birch bark tar,Chewing pitch,,Purupihka,1.0,True,17.0,10.0,7.0,,,,,ÅM 200_396,"20,88363679","59,92960346",,,,,,,,,,,,,,,
BA,Kö 6.16,Kökar,,ÅM,200,459,6662169.0,3158475.0,,False,False,False,False,False,False,False,False,True,False,False,Birch bark tar,Birch bark tar piece,,Koivutervaa,2.0,False,,,,,,,useita kappaleita,ÅM 200_459,"20,88363679","59,92960346",,,,,,,,,,,,,,,
BA,Kö 6.16,Kökar,,ÅM,200,479,6662169.0,3158475.0,,False,False,False,False,False,False,False,False,True,False,False,Birch bark tar,Chewing pitch,,Purupihka,2.0,True,30.0,24.0,17.0,,,,,ÅM 200_479,"20,88363679","59,92960346",,,,,,,,,,,,,,,
BA,Sa 20.11,Saltvik,,ÅM,225,12,6708778.0,3122759.0,,False,False,False,False,False,False,False,False,True,False,False,Birch bark tar,Caulking pitch,,Hartsitiiviste,2.0,False,,,,,,,,ÅM 225_12,"20,16329745","60,31392076",,,,,,,,,,,,,,,
BA,Sa 20.11,Saltvik,,ÅM,225,32,6708778.0,3122759.0,,False,False,False,False,False,False,False,False,True,False,False,Birch bark tar,Chewing pitch,,Purupihka,1.0,False,,,,,,,,ÅM 225_32,"20,16329745","60,31392076",,,,,,,,,,,,,,,
BA,Sa 20.11,Saltvik,,ÅM,225,50,6708778.0,3122759.0,,False,False,False,False,False,False,False,False,True,False,False,Birch bark tar,Caulking pitch,,Hartsitiiviste,2.0,False,,,,,,,,ÅM 225_50,"20,16329745","60,31392076",,,,,,,,,,,,,,,
BA,Sa 20.11,Saltvik,,ÅM,225,53,6708778.0,3122759.0,,False,False,False,False,False,False,False,False,True,False,False,Birch bark tar,Caulking pitch,,Hartsitiiviste,1.0,False,,,,,,,,ÅM 225_53,"20,16329745","60,31392076",,,,,,,,,,,,,,,
BA,Sa 20.11,Saltvik,,ÅM,225,54,6708778.0,3122759.0,,False,False,False,False,False,False,False,False,True,False,False,Birch bark tar,Caulking pitch,,Hartsitiiviste,2.0,False,,,,,,,,ÅM 225_54,"20,16329745","60,31392076",,,,,,,,,,,,,,,
BA,Sa 20.11,Saltvik,,ÅM,225,67,6708778.0,3122759.0,,False,False,False,False,False,False,False,False,True,False,False,Birch bark tar,Caulking pitch,,Hartsitiiviste,1.0,False,,,,,,,,ÅM 225_67,"20,16329745","60,31392076",,,,,,,,,,,,,,,
BA,Sa 20.11,Saltvik,,ÅM,225,68,6708778.0,3122759.0,,False,False,False,False,False,False,False,False,True,False,False,Birch bark tar,Caulking pitch,,Hartsitiiviste,1.0,False,,,,,,,,ÅM 225_68,"20,16329745","60,31392076",,,,,,,,,,,,,,,
BA,Sa 20.11,Saltvik,,ÅM,225,74,6708778.0,3122759.0,,False,False,False,False,False,False,False,False,True,False,False,Birch bark tar,Caulking pitch,,Hartsitiiviste,2.0,False,,,,,,,,ÅM 225_74,"20,16329745","60,31392076",,,,,,,,,,,,,,,
BA,Sa 20.11,Saltvik,,ÅM,225,77,6708778.0,3122759.0,,False,False,False,False,False,False,False,False,True,False,False,Birch bark tar,Caulking pitch,,Hartsitiiviste,1.0,False,,,,,,,,ÅM 225_77,"20,16329745","60,31392076",,,,,,,,,,,,,,,
BA,Sa 20.11,Saltvik,,ÅM,225,78,6708778.0,3122759.0,,False,False,False,False,False,False,False,False,True,False,False,Birch bark tar,Caulking pitch,,Hartsitiiviste,2.0,False,,,,,,,,ÅM 225_78,"20,16329745","60,31392076",,,,,,,,,,,,,,,
BA,Sa 20.11,Saltvik,,ÅM,225,80,6708778.0,3122759.0,,False,False,False,False,False,False,False,False,True,False,False,Birch bark tar,Chewing pitch,,Purupihka,1.0,False,,,,,,,pallomainen kappale,ÅM 225_80,"20,16329745","60,31392076",,,,,,,,,,,,,,,
BA,Sa 20.11,Saltvik,,ÅM,225,83,6708778.0,3122759.0,,False,False,False,False,False,False,False,False,True,False,False,Birch bark tar,Chewing pitch,,Purupihka,1.0,False,,,,,,,kaksi kappaletta,ÅM 225_83,"20,16329745","60,31392076",,,,,,,,,,,,,,,
BA,Sa 20.11,Saltvik,,ÅM,225,87,6708778.0,3122759.0,,False,False,False,False,False,False,False,False,True,False,False,Birch bark tar,Caulking pitch,,Hartsitiiviste,1.0,False,,,,,,,,ÅM 225_87,"20,16329745","60,31392076",,,,,,,,,,,,,,,
BA,Sa 20.11,Saltvik,,ÅM,225,123,6708778.0,3122759.0,,False,False,False,False,False,False,False,False,True,False,False,Birch bark tar,Caulking pitch,,Hartsitiiviste,1.0,False,,,,,,,,ÅM 225_123,"20,16329745","60,31392076",,,,,,,,,,,,,,,
BA,Sa 20.11,Saltvik,,ÅM,225,127,6708778.0,3122759.0,,False,False,False,False,False,False,False,False,True,False,False,Birch bark tar,Chewing pitch,,Purupihka,1.0,False,,,,,,,mahdolliset hampaanjäljet,ÅM 225_127,"20,16329745","60,31392076",,,,,,,,,,,,,,,
BA,Sa 20.11,Saltvik,,ÅM,225,128,6708778.0,3122759.0,,False,False,False,False,False,False,False,False,True,False,False,Birch bark tar,Caulking pitch,,Hartsitiiviste,,False,,,,,,,,ÅM 225_128,"20,16329745","60,31392076",,,,,,,,,,,,,,,
BA,Sa 20.11,Saltvik,,ÅM,225,129,6708778.0,3122759.0,,False,False,False,False,False,False,False,False,True,False,False,Birch bark tar,Caulking pitch,,Hartsitiiviste,1.0,False,,,,,,,,ÅM 225_129,"20,16329745","60,31392076",,,,,,,,,,,,,,,
BA,Sa 20.11,Saltvik,,ÅM,225,151,6708778.0,3122759.0,,False,False,False,False,False,False,False,False,True,False,False,Birch bark tar,Chewing pitch,,Purupihka,1.0,False,,,,,,,pallomaisia kappaleita,ÅM 225_151,"20,16329745","60,31392076",,,,,,,,,,,,,,,
BA,Sa 20.11,Saltvik,,ÅM,225,188,6708778.0,3122759.0,,False,False,False,False,False,False,False,False,True,False,False,Birch bark tar,Caulking pitch,,Hartsitiiviste,1.0,False,,,,,,,,ÅM 225_188,"20,16329745","60,31392076",,,,,,,,,,,,,,,
BA,Sa 20.11,Saltvik,,ÅM,466,94,6708778.0,3122759.0,,False,False,False,False,False,False,False,False,True,False,False,Birch bark tar,Chewing pitch,,Purupihka,2.0,False,15.0,10.0,8.0,,,,pallomainen kappale,ÅM 466_94,"20,16329745","60,31392076",,,,,,,,,,,,,,,
BA,x683,Hattula,Lahdentaka,KM,14534,,6782686.0,3356094.0,,False,False,False,False,False,False,False,False,False,False,False,Bone artefacts,Bone artefact,Bone knife,Luuveitsi,2.0,True,,,,397.0,48.0,22.0,Löydetty hiekkamaasta. Pronssikautisuus kunnon perusteella hyvin kyseenalainen.,KM 14534,"24,32606027","61,12667329",,,,,,,,,,,,,,,
BA,x683,Hattula,Lahdentaka,KM,14534,,6782686.0,3356094.0,,False,False,False,False,False,False,False,False,False,False,False,Bone artefacts,Bone knife,Bone knife,Luuveitsi,2.0,True,,,,397.0,48.0,22.0,Löydetty hiekkamaasta. Pronssikautisuus kunnon perusteella hyvin kyseenalainen.,KM 14534,"24,32606027","61,12667329",,,,,,,,,,,,,,,
BA,423010011,Lieto,Kotokallio,KM,16731,,6716270.0,3245661.0,45.0,False,False,False,False,False,False,False,False,False,False,False,Bone artefacts,Bone artefact,Bone arrowhead,Luunuolenkärki,2.0,False,,11.0,4.0,,,,"Palanut. Liimattu yhteen neljästä osasta. Kärki puuttuu. ""Kokoelmalaatikkoon kirjoitettu ""Luutikari?""",KM 16731,"22,36959222","60,47666511",55.0,,,,,,,,,,,,,,
BA,423010011,Lieto,Kotokallio,KM,16731,,6716270.0,3245661.0,45.0,False,False,False,False,False,False,False,False,False,False,False,Bone artefacts,Bone arrowhead,Bone arrowhead,Luunuolenkärki,2.0,False,,11.0,4.0,,,,"Palanut. Liimattu yhteen neljästä osasta. Kärki puuttuu. ""Kokoelmalaatikkoon kirjoitettu ""Luutikari?""",KM 16731,"22,36959222","60,47666511",55.0,,,,,,,,,,,,,,
BA,564010051,Oulu,Hangaskangas,KM,31379,4.0,7200515.0,3442572.0,39.0,False,False,False,False,False,False,False,True,False,False,False,Bone artefacts,Other bone artefact,Other bone artefact,Luuesineen katkelma,1.0,False,,,,,,,,KM 31379_4,"25,78367254","64,89675774",,,,,,,,,,,,,,,
BA,564010051,Oulu,Hangaskangas,KM,31379,9.0,7200515.0,3442572.0,39.0,False,False,False,False,False,False,False,True,False,False,False,Bone artefacts,Other bone artefact,Other bone artefact,Luuesineen katkelma,1.0,False,,,,,,,,KM 31379_9,"25,78367254","64,89675774",,,,,,,,,,,,,,,
BA,564010051,Oulu,Hangaskangas,KM,31379,12.0,7200515.0,3442572.0,39.0,False,False,False,False,False,False,False,True,False,False,False,Bone artefacts,Bone arrowhead,Bone arrowhead,Luunuolenkärki,1.0,False,,,,20.0,,,kärkikatkelma,KM 31379_12,"25,78367254","64,89675774",,,,,,,,,,,,,,,
BA,564010051,Oulu,Hangaskangas,KM,31379,13.0,7200515.0,3442572.0,39.0,False,False,False,False,False,False,False,True,False,False,False,Bone artefacts,Bone arrowhead,Bone arrowhead,Luunuolenkärki,1.0,False,,,,20.0,,,kärkikatkelma,KM 31379_13,"25,78367254","64,89675774",,,,,,,,,,,,,,,
BA,564010051,Oulu,Hangaskangas,KM,31379,19.0,7200515.0,3442572.0,39.0,False,False,False,False,False,False,False,True,False,False,False,Bone artefacts,Other bone artefact,Other bone artefact,Luuesineen katkelma,1.0,False,,,,,,,,KM 31379_19,"25,78367254","64,89675774",,,,,,,,,,,,,,,
BA,564010051,Oulu,Hangaskangas,KM,31379,24.0,7200515.0,3442572.0,39.0,False,False,False,False,False,False,False,True,False,False,False,Bone artefacts,Other bone artefact,Other bone artefact,Luuesineen katkelma,1.0,False,,,,,,,,KM 31379_24,"25,78367254","64,89675774",,,,,,,,,,,,,,,
BA,564010051,Oulu,Hangaskangas,KM,31379,26.0,7200515.0,3442572.0,39.0,False,False,False,False,False,False,False,True,False,False,False,Bone artefacts,Other bone artefact,Other bone artefact,Luuesineen katkelma,1.0,False,,,,,,,,KM 31379_26,"25,78367254","64,89675774",,,,,,,,,,,,,,,
BA,564010051,Oulu,Hangaskangas,KM,31379,29.0,7200515.0,3442572.0,39.0,False,False,False,False,False,False,False,True,False,False,False,Bone artefacts,Other bone artefact,Other bone artefact,Luuesineen katkelma,1.0,False,,,,,,,,KM 31379_29,"25,78367254","64,89675774",,,,,,,,,,,,,,,
BA,564010051,Oulu,Hangaskangas,KM,31379,31.0,7200515.0,3442572.0,39.0,False,False,False,False,False,False,False,True,False,False,False,Bone artefacts,Other bone artefact,Other bone artefact,Luuesineen katkelma,1.0,False,,,,,,,,KM 31379_31,"25,78367254","64,89675774",,,,,,,,,,,,,,,
BA,564010051,Oulu,Hangaskangas,KM,31379,40.0,7200515.0,3442572.0,39.0,False,False,False,False,False,False,False,True,False,False,False,Bone artefacts,Other bone artefact,Other bone artefact,Luuesineen katkelma,1.0,False,,,,,,,,KM 31379_40,"25,78367254","64,89675774",,,,,,,,,,,,,,,
BA,564010051,Oulu,Hangaskangas,KM,31379,47.0,7200515.0,3442572.0,39.0,False,False,False,False,False,False,False,True,False,False,False,Bone artefacts,Other bone artefact,Other bone artefact,Luuesineen katkelma,1.0,False,,,,,,,siksak-koristelua,KM 31379_47,"25,78367254","64,89675774",,,,,,,,,,,,,,,
BA,564010051,Oulu,Hangaskangas,KM,31379,48.0,7200515.0,3442572.0,39.0,False,False,False,False,False,False,False,True,False,False,False,Bone artefacts,Other bone artefact,Other bone artefact,Luuesineen katkelma,1.0,False,,,,,,,siksak-koristelua,KM 31379_48,"25,78367254","64,89675774",,,,,,,,,,,,,,,
BA,564010051,Oulu,Hangaskangas,KM,31379,49.0,7200515.0,3442572.0,39.0,False,False,False,False,False,False,False,True,False,False,False,Bone artefacts,Other bone artefact,Other bone artefact,Luuesineen katkelma,1.0,False,,,,,,,,KM 31379_49,"25,78367254","64,89675774",,,,,,,,,,,,,,,
BA,564010051,Oulu,Hangaskangas,KM,31379,56.0,7200515.0,3442572.0,39.0,False,False,False,False,False,False,False,True,False,False,False,Bone artefacts,Other bone artefact,Other bone artefact,Luuesineen katkelma,1.0,False,,,,,,,siksak- ja uurreviivakoristelua,KM 31379_56,"25,78367254","64,89675774",,,,,,,,,,,,,,,
BA,564010051,Oulu,Hangaskangas,KM,31379,57.0,7200515.0,3442572.0,39.0,False,False,False,False,False,False,False,True,False,False,False,Bone artefacts,Other bone artefact,Other bone artefact,Luuesineen katkelma,1.0,False,,,,,,,,KM 31379_57,"25,78367254","64,89675774",,,,,,,,,,,,,,,
BA,564010051,Oulu,Hangaskangas,KM,31379,62.0,7200515.0,3442572.0,39.0,False,False,False,False,False,False,False,True,False,False,False,Bone artefacts,Other bone artefact,Other bone artefact,Luuesineen katkelma,1.0,False,,,,,,,,KM 31379_62,"25,78367254","64,89675774",,,,,,,,,,,,,,,
BA,564010051,Oulu,Hangaskangas,KM,31379,65.0,7200515.0,3442572.0,39.0,False,False,False,False,False,False,False,True,False,False,False,Bone artefacts,Other bone artefact,Other bone artefact,Luuesineen katkelma,1.0,False,,,,,,,,KM 31379_65,"25,78367254","64,89675774",,,,,,,,,,,,,,,
BA,564010051,Oulu,Hangaskangas,KM,31379,73.0,7200515.0,3442572.0,39.0,False,False,False,False,False,False,False,True,False,False,False,Bone artefacts,Other bone artefact,Other bone artefact,Luuesineen katkelma,1.0,False,,,,,,,,KM 31379_73,"25,78367254","64,89675774",,,,,,,,,,,,,,,
BA,564010051,Oulu,Hangaskangas,KM,31379,80.0,7200515.0,3442572.0,39.0,False,False,False,False,False,False,False,True,False,False,False,Bone artefacts,Other bone artefact,Other bone artefact,Luuesineen katkelma,1.0,False,,,,,,,,KM 31379_80,"25,78367254","64,89675774",,,,,,,,,,,,,,,
BA,564010051,Oulu,Hangaskangas,KM,31379,83.0,7200515.0,3442572.0,39.0,False,False,False,False,False,False,False,True,False,False,False,Bone artefacts,Other bone artefact,Other bone artefact,Luuesineen katkelma,1.0,False,,,,,,,,KM 31379_83,"25,78367254","64,89675774",,,,,,,,,,,,,,,
BA,564010051,Oulu,Hangaskangas,KM,31379,84.0,7200515.0,3442572.0,39.0,False,False,False,False,False,False,False,True,False,False,False,Bone artefacts,Other bone artefact,Other bone artefact,Luuesineen katkelma,1.0,False,,,,,,,,KM 31379_84,"25,78367254","64,89675774",,,,,,,,,,,,,,,
BA,564010051,Oulu,Hangaskangas,KM,31379,87.0,7200515.0,3442572.0,39.0,False,False,False,False,False,False,False,True,False,False,False,Bone artefacts,Other bone artefact,Other bone artefact,Luuesineen katkelma,1.0,False,,,,,,,siksak- ja uurreviivakoristelua,KM 31379_87,"25,78367254","64,89675774",,,,,,,,,,,,,,,
BA,564010051,Oulu,Hangaskangas,KM,31379,88.0,7200515.0,3442572.0,39.0,False,False,False,False,False,False,False,True,False,False,False,Bone artefacts,Bone arrowhead,Bone arrowhead,Luunuolenkärki,1.0,False,,9.0,4.0,,,,,KM 31379_88,"25,78367254","64,89675774",136.0,,,,,,,,,,,,,,
BA,564010051,Oulu,Hangaskangas,KM,31379,89.0,7200515.0,3442572.0,39.0,False,False,False,False,False,False,False,True,False,False,False,Bone artefacts,Bone arrowhead,Bone arrowhead,Luunuolenkärki,1.0,False,,11.0,5.0,,,,,KM 31379_89,"25,78367254","64,89675774",99.0,,,,,,,,,,,,,,
BA,564010051,Oulu,Hangaskangas,KM,31379,90.0,7200515.0,3442572.0,39.0,False,False,False,False,False,False,False,True,False,False,False,Bone artefacts,Bone arrowhead,Bone arrowhead,Luunuolenkärki,1.0,False,,12.0,4.0,,,,,KM 31379_90,"25,78367254","64,89675774",79.0,,,,,,,,,,,,,,
BA,564010051,Oulu,Hangaskangas,KM,31379,91.0,7200515.0,3442572.0,39.0,False,False,False,False,False,False,False,True,False,False,False,Bone artefacts,Bone arrowhead,Bone arrowhead,Luunuolenkärki,1.0,False,,11.0,4.0,,,,,KM 31379_91,"25,78367254","64,89675774",65.0,,,,,,,,,,,,,,
BA,564010051,Oulu,Hangaskangas,KM,31379,92.0,7200515.0,3442572.0,39.0,False,False,False,False,False,False,False,True,False,False,False,Bone artefacts,Bone arrowhead,Bone arrowhead,Luunuolenkärki,1.0,False,,,,58.0,14.0,3.0,,KM 31379_92,"25,78367254","64,89675774",,,,,,,,,,,,,,,
BA,564010051,Oulu,Hangaskangas,KM,31379,93.0,7200515.0,3442572.0,39.0,False,False,False,False,False,False,False,True,False,False,False,Bone artefacts,Bone arrowhead,Bone arrowhead,Luunuolenkärki,1.0,False,,,,68.0,8.0,4.0,,KM 31379_93,"25,78367254","64,89675774",,,,,,,,,,,,,,,
BA,564010051,Oulu,Hangaskangas,KM,31379,94.0,7200515.0,3442572.0,39.0,False,False,False,False,False,False,False,True,False,False,False,Bone artefacts,Bone arrowhead,Bone arrowhead,Luunuolenkärki,1.0,False,,,,43.0,9.0,5.0,,KM 31379_94,"25,78367254","64,89675774",,,,,,,,,,,,,,,
BA,564010051,Oulu,Hangaskangas,KM,31379,95.0,7200515.0,3442572.0,39.0,False,False,False,False,False,False,False,True,False,False,False,Bone artefacts,Bone arrowhead,Bone arrowhead,Luunuolenkärki,1.0,False,,,,31.0,11.0,5.0,kärkikatkelma,KM 31379_95,"25,78367254","64,89675774",,,,,,,,,,,,,,,
BA,564010051,Oulu,Hangaskangas,KM,31379,96.0,7200515.0,3442572.0,39.0,False,False,False,False,False,False,False,True,False,False,False,Bone artefacts,Bone arrowhead,Bone arrowhead,Luunuolenkärki,1.0,False,,,,50.0,8.0,4.0,kärkikatkelma,KM 31379_96,"25,78367254","64,89675774",,,,,,,,,,,,,,,
BA,564010051,Oulu,Hangaskangas,KM,31379,97.0,7200515.0,3442572.0,39.0,False,False,False,False,False,False,False,True,False,False,False,Bone artefacts,Bone arrowhead,Bone arrowhead,Luunuolenkärki,1.0,False,,,,48.0,10.0,3.0,kärkikatkelma,KM 31379_97,"25,78367254","64,89675774",,,,,,,,,,,,,,,
BA,564010051,Oulu,Hangaskangas,KM,31379,98.0,7200515.0,3442572.0,39.0,False,False,False,False,False,False,False,True,False,False,False,Bone artefacts,Bone arrowhead,Bone arrowhead,Luunuolenkärki,1.0,False,,,,31.0,,4.0,kärkikatkelma,KM 31379_98,"25,78367254","64,89675774",,,,,,,,,,,,,,,
BA,564010051,Oulu,Hangaskangas,KM,31379,99.0,7200515.0,3442572.0,39.0,False,False,False,False,False,False,False,True,False,False,False,Bone artefacts,Bone arrowhead,Bone arrowhead,Luunuolenkärki,1.0,False,,,,58.0,,3.0,kärkikatkelma,KM 31379_99,"25,78367254","64,89675774",,,,,,,,,,,,,,,
BA,564010051,Oulu,Hangaskangas,KM,31379,100.0,7200515.0,3442572.0,39.0,False,False,False,False,False,False,False,True,False,False,False,Bone artefacts,Bone arrowhead,Bone arrowhead,Luunuolenkärki,1.0,False,,,,38.0,,3.0,,KM 31379_100,"25,78367254","64,89675774",,,,,,,,,,,,,,,
BA,564010051,Oulu,Hangaskangas,KM,31379,101.0,7200515.0,3442572.0,39.0,False,False,False,False,False,False,False,True,False,False,False,Bone artefacts,Bone arrowhead,Bone arrowhead,Luunuolenkärki,1.0,False,,,,22.0,6.0,3.0,kärkikatkelma,KM 31379_101,"25,78367254","64,89675774",,,,,,,,,,,,,,,
BA,564010051,Oulu,Hangaskangas,KM,31379,102.0,7200515.0,3442572.0,39.0,False,False,False,False,False,False,False,True,False,False,False,Bone artefacts,Bone arrowhead,Bone arrowhead,Luunuolenkärki,1.0,False,,,,59.0,11.0,4.0,,KM 31379_102,"25,78367254","64,89675774",,,,,,,,,,,,,,,
BA,564010051,Oulu,Hangaskangas,KM,31379,103.0,7200515.0,3442572.0,39.0,False,False,False,False,False,False,False,True,False,False,False,Bone artefacts,Bone arrowhead,Bone arrowhead,Luunuolenkärki,1.0,False,,,,55.0,10.0,4.0,kantakatkelma,KM 31379_103,"25,78367254","64,89675774",,,,,,,,,,,,,,,
BA,564010051,Oulu,Hangaskangas,KM,31379,104.0,7200515.0,3442572.0,39.0,False,False,False,False,False,False,False,True,False,False,False,Bone artefacts,Bone arrowhead,Bone arrowhead,Luunuolenkärki,1.0,False,,,,26.0,13.0,5.0,,KM 31379_104,"25,78367254","64,89675774",,,,,,,,,,,,,,,
BA,564010051,Oulu,Hangaskangas,KM,31379,105.0,7200515.0,3442572.0,39.0,False,False,False,False,False,False,False,True,False,False,False,Bone artefacts,Bone arrowhead,Bone arrowhead,Luunuolenkärki,1.0,False,,,,29.0,12.0,4.0,,KM 31379_105,"25,78367254","64,89675774",,,,,,,,,,,,,,,
BA,564010051,Oulu,Hangaskangas,KM,31379,106.0,7200515.0,3442572.0,39.0,False,False,False,False,False,False,False,True,False,False,False,Bone artefacts,Bone arrowhead,Bone arrowhead,Luunuolenkärki,1.0,False,,,,16.0,9.0,5.0,,KM 31379_106,"25,78367254","64,89675774",,,,,,,,,,,,,,,
BA,564010051,Oulu,Hangaskangas,KM,31379,107.0,7200515.0,3442572.0,39.0,False,False,False,False,False,False,False,True,False,False,False,Bone artefacts,Bone arrowhead,Bone arrowhead,Luunuolenkärki,1.0,False,,,,15.0,9.0,4.0,,KM 31379_107,"25,78367254","64,89675774",,,,,,,,,,,,,,,
BA,564010051,Oulu,Hangaskangas,KM,31379,108.0,7200515.0,3442572.0,39.0,False,False,False,False,False,False,False,True,False,False,False,Bone artefacts,Bone arrowhead,Bone arrowhead,Luunuolenkärki,1.0,False,,,,15.0,9.0,4.0,,KM 31379_108,"25,78367254","64,89675774",,,,,,,,,,,,,,,
BA,564010051,Oulu,Hangaskangas,KM,31379,109.0,7200515.0,3442572.0,39.0,False,False,False,False,False,False,False,True,False,False,False,Bone artefacts,Bone arrowhead,Bone arrowhead,Luunuolenkärki,1.0,False,,,,25.0,7.0,3.0,,KM 31379_109,"25,78367254","64,89675774",,,,,,,,,,,,,,,
BA,564010051,Oulu,Hangaskangas,KM,31379,110.0,7200515.0,3442572.0,39.0,False,False,False,False,False,False,False,True,False,False,False,Bone artefacts,Bone arrowhead,Bone arrowhead,Luunuolenkärki,1.0,False,,,,76.0,,7.0,kantakatkelma,KM 31379_110,"25,78367254","64,89675774",,,,,,,,,,,,,,,
BA,564010051,Oulu,Hangaskangas,KM,31379,111.0,7200515.0,3442572.0,39.0,False,False,False,False,False,False,False,True,False,False,False,Bone artefacts,Bone arrowhead,Bone arrowhead,Luunuolenkärki,1.0,False,,,,38.0,8.0,4.0,kantakatkelma,KM 31379_111,"25,78367254","64,89675774",,,,,,,,,,,,,,,
BA,564010051,Oulu,Hangaskangas,KM,31379,112.0,7200515.0,3442572.0,39.0,False,False,False,False,False,False,False,True,False,False,False,Bone artefacts,Bone arrowhead,Bone arrowhead,Luunuolenkärki,1.0,False,,,,35.0,8.0,6.0,,KM 31379_112,"25,78367254","64,89675774",,,,,,,,,,,,,,,
BA,564010051,Oulu,Hangaskangas,KM,31379,113.0,7200515.0,3442572.0,39.0,False,False,False,False,False,False,False,True,False,False,False,Bone artefacts,Other bone artefact,Other bone artefact,Luuesineen katkelma,1.0,False,,,,29.0,9.0,6.0,,KM 31379_113,"25,78367254","64,89675774",,,,,,,,,,,,,,,
BA,564010051,Oulu,Hangaskangas,KM,31379,114.0,7200515.0,3442572.0,39.0,False,False,False,False,False,False,False,True,False,False,False,Bone artefacts,Bone arrowhead,Bone arrowhead,Luunuolenkärki,1.0,False,,,,40.0,,3.0,kantakatkelma,KM 31379_114,"25,78367254","64,89675774",,,,,,,,,,,,,,,
BA,564010051,Oulu,Hangaskangas,KM,31379,115.0,7200515.0,3442572.0,39.0,False,False,False,False,False,False,False,True,False,False,False,Bone artefacts,Bone arrowhead,Bone arrowhead,Luunuolenkärki,1.0,False,,,,45.0,6.0,4.0,kantakatkelma,KM 31379_115,"25,78367254","64,89675774",,,,,,,,,,,,,,,
BA,564010051,Oulu,Hangaskangas,KM,31379,116.0,7200515.0,3442572.0,39.0,False,False,False,False,False,False,False,True,False,False,False,Bone artefacts,Bone arrowhead,Bone arrowhead,Luunuolenkärki,1.0,False,,,,42.0,8.0,5.0,kantakatkelma,KM 31379_116,"25,78367254","64,89675774",,,,,,,,,,,,,,,
BA,564010051,Oulu,Hangaskangas,KM,31379,117.0,7200515.0,3442572.0,39.0,False,False,False,False,False,False,False,True,False,False,False,Bone artefacts,Bone arrowhead,Bone arrowhead,Luunuolenkärki,1.0,False,,,,43.0,6.0,5.0,kantakatkelma,KM 31379_117,"25,78367254","64,89675774",,,,,,,,,,,,,,,
BA,564010051,Oulu,Hangaskangas,KM,31379,118.0,7200515.0,3442572.0,39.0,False,False,False,False,False,False,False,True,False,False,False,Bone artefacts,Bone arrowhead,Bone arrowhead,Luunuolenkärki,1.0,False,,,,51.0,5.0,4.0,kantakatkelma,KM 31379_118,"25,78367254","64,89675774",,,,,,,,,,,,,,,
BA,564010051,Oulu,Hangaskangas,KM,31379,119.0,7200515.0,3442572.0,39.0,False,False,False,False,False,False,False,True,False,False,False,Bone artefacts,Bone arrowhead,Bone arrowhead,Luunuolenkärki,1.0,False,,,,45.0,5.0,5.0,kantakatkelma,KM 31379_119,"25,78367254","64,89675774",,,,,,,,,,,,,,,
BA,564010051,Oulu,Hangaskangas,KM,31379,120.0,7200515.0,3442572.0,39.0,False,False,False,False,False,False,False,True,False,False,False,Bone artefacts,Bone arrowhead,Bone arrowhead,Luunuolenkärki,1.0,False,,,,22.0,6.0,3.0,kantakatkelma,KM 31379_120,"25,78367254","64,89675774",,,,,,,,,,,,,,,
BA,564010051,Oulu,Hangaskangas,KM,31379,121.0,7200515.0,3442572.0,39.0,False,False,False,False,False,False,False,True,False,False,False,Bone artefacts,Bone arrowhead,Bone arrowhead,Luunuolenkärki,1.0,False,,,,12.0,6.0,3.0,kantakatkelma,KM 31379_121,"25,78367254","64,89675774",,,,,,,,,,,,,,,
BA,564010051,Oulu,Hangaskangas,KM,31379,122.0,7200515.0,3442572.0,39.0,False,False,False,False,False,False,False,True,False,False,False,Bone artefacts,Bone arrowhead,Bone arrowhead,Luunuolenkärki,1.0,False,,,,,,,,KM 31379_122,"25,78367254","64,89675774",,,,,,,,,,,,,,,
BA,564010051,Oulu,Hangaskangas,KM,31379,123.0,7200515.0,3442572.0,39.0,False,False,False,False,False,False,False,True,False,False,False,Bone artefacts,Bone arrowhead,Bone arrowhead,Luunuolenkärki,1.0,False,,,,45.0,8.0,6.0,,KM 31379_123,"25,78367254","64,89675774",,,,,,,,,,,,,,,
BA,564010051,Oulu,Hangaskangas,KM,31379,124.0,7200515.0,3442572.0,39.0,False,False,False,False,False,False,False,True,False,False,False,Bone artefacts,Other bone artefact,Other bone artefact,Luuesineen katkelma,1.0,False,,,,95.0,15.0,4.0,reijitetty esine,KM 31379_124,"25,78367254","64,89675774",,,,,,,,,,,,,,,
BA,564010051,Oulu,Hangaskangas,KM,31379,125.0,7200515.0,3442572.0,39.0,False,False,False,False,False,False,False,True,False,False,False,Bone artefacts,Other bone artefact,Other bone artefact,Luuesineen katkelma,1.0,False,,,,102.0,17.0,4.0,Reijitetty luuesine,KM 31379_125,"25,78367254","64,89675774",,,,,,,,,,,,,,,
BA,564010051,Oulu,Hangaskangas,KM,31379,126.0,7200515.0,3442572.0,39.0,False,False,False,False,False,False,False,True,False,False,False,Bone artefacts,Other bone artefact,Other bone artefact,Luuesineen katkelma,1.0,False,,,,58.0,13.0,2.0,Reijitetty luuesine,KM 31379_126,"25,78367254","64,89675774",,,,,,,,,,,,,,,
BA,564010051,Oulu,Hangaskangas,KM,31379,127.0,7200515.0,3442572.0,39.0,False,False,False,False,False,False,False,True,False,False,False,Bone artefacts,Other bone artefact,Other bone artefact,Luuesineen katkelma,1.0,False,,,,30.0,13.0,3.0,Reijitetty luuesine,KM 31379_127,"25,78367254","64,89675774",,,,,,,,,,,,,,,
BA,564010051,Oulu,Hangaskangas,KM,31379,128.0,7200515.0,3442572.0,39.0,False,False,False,False,False,False,False,True,False,False,False,Bone artefacts,Other bone artefact,Other bone artefact,Luuesineen katkelma,1.0,False,,,,28.0,13.0,3.0,Reijitetty luuesine,KM 31379_128,"25,78367254","64,89675774",,,,,,,,,,,,,,,
BA,564010051,Oulu,Hangaskangas,KM,31379,129.0,7200515.0,3442572.0,39.0,False,False,False,False,False,False,False,True,False,False,False,Bone artefacts,Other bone artefact,Other bone artefact,Luuesineen katkelma,1.0,False,,,,,,,,KM 31379_129,"25,78367254","64,89675774",,,,,,,,,,,,,,,
BA,564010051,Oulu,Hangaskangas,KM,31379,130.0,7200515.0,3442572.0,39.0,False,False,False,False,False,False,False,True,False,False,False,Bone artefacts,Other bone artefact,Other bone artefact,Luuesineen katkelma,1.0,False,,,,72.0,31.0,6.0,,KM 31379_130,"25,78367254","64,89675774",,,,,,,,,,,,,,,
BA,564010051,Oulu,Hangaskangas,KM,31379,131.0,7200515.0,3442572.0,39.0,False,False,False,False,False,False,False,True,False,False,False,Bone artefacts,Other bone artefact,Other bone artefact,Luuesineen katkelma,2.0,False,,,,,,,,KM 31379_131,"25,78367254","64,89675774",,,,,,,,,,,,,,,
BA,564010051,Oulu,Hangaskangas,KM,31379,137.0,7200515.0,3442572.0,39.0,False,False,False,False,False,False,False,True,False,False,False,Bone artefacts,Bone arrowhead,Bone arrowhead,Luunuolenkärki,1.0,False,,,,7.0,6.0,4.0,,KM 31379_137,"25,78367254","64,89675774",,,,,,,,,,,,,,,
BA,564010051,Oulu,Hangaskangas,KM,31379,138.0,7200515.0,3442572.0,39.0,False,False,False,False,False,False,False,True,False,False,False,Bone artefacts,Other bone artefact,Other bone artefact,Luuesineen katkelma,1.0,False,,,,10.0,7.0,3.0,Reijitetty luuesine,KM 31379_138,"25,78367254","64,89675774",,,,,,,,,,,,,,,
BA,297010010,Kuopio,Kuusikkolahdenniemi,KHMESIE,6154.0,,6982320.0,3541460.0,85,False,False,False,False,False,False,False,False,True,False,False,Bronze artefacts,Other bronze artefact,Melted bronze,Pala sulanutta pronssia,,False,18.0,5.0,5.0,,,,"--pronssi--pituus: 18,0 mm, leveys: 5,0 mm",KHMESIE 6154,"27,81322114","62,94206424",,False,False,False,False,False,False,,,,,,,,
BA,297010010,Kuopio,Kuusikkolahdenniemi,KHMESIE,6154.0,,6982320.0,3541460.0,85,False,False,False,False,False,False,False,False,True,False,False,Bronze artefacts,Bronze hygiene accessory,Bronze razor,"Partaveitsi, karkeatekoinen",,True,81.0,21.0,1.0,0.0,0.0,0.0,"Esine leikattu 1 mm paksuisesta pronssilevystä. --pronssi--pituus: 89,0 mm, leveys, suurin: 21,0 mm, paksuus: 0,5 mm",KHMESIE 6154,"27,81322114","62,94206424",,False,False,False,False,False,False,,,,,,,,
BA,297010010,Kuopio,Kuusikkolahdenniemi,KHMESIE,6154.0,,6982320.0,3541460.0,85,False,False,False,False,False,False,False,False,True,False,False,Bronze artefacts,Bronze button,Bronze double button,Kaksoisnappi,,False,0.0,0.0,0.0,17.0,17.0,9.0,--pronssi--,KHMESIE 6154,"27,81322114","62,94206424",,False,False,False,False,False,False,,,,,,,,
BA,1000005674,Helsinki,Tapaninkylä,KM,72.0,1.0,6684987.0,3388664.0,,False,False,False,False,False,False,False,True,False,False,False,Bronze artefacts,Bronze axe,Palstave,Olkakirves,,True,,52.0,23.0,,,,Kirveet lähes identtiset,KM 72_1,"24,98559945","60,26100599",,False,True,False,False,False,False,,,,,,,,
BA,1000005674,Helsinki,Tapaninkylä,KM,72.0,1.0,6684987.0,3388664.0,,False,False,False,False,False,False,False,True,False,False,False,Bronze artefacts,Bronze axe,Palstave,Olkakirves,,True,,49.0,25.0,,,,Kirveet lähes identtiset,KM 72_1,"24,98559945","60,26100599",,False,True,False,False,False,False,,,,,,,,
BA,257010026,Kirkkonummi,Kasaberget,KM,81.0,,6665758.0,3354429.0,45,False,False,False,False,False,False,False,True,False,False,False,Bronze artefacts,Bronze sword,Scandinavian flange-hilted sword,"Kieliruotomiekka, skandinaavinen",,False,,,,338.0,47.0,6.0,Katkennut kahvasta. Terän leveys 30 mm,KM 81,"24,38156378","60,07778206",,False,False,True,False,False,False,,,,,,,,
BA,399010042,Laihia,Alatalo/Jätinhaudanmaa,KM,703.0,,6986858.0,3244395.0,35,False,False,False,False,False,False,False,True,False,False,False,Bronze artefacts,Bronze hygiene accessory,Scandinavian bronze razor,"Partaveitsi, skandinaavinen",,False,,,,,,,Hiidenkiuaslöytö. Samasta röykkiöstä palanutta luuta.,KM 703,"21,966629","62,89530079",,False,True,True,False,False,False,,,,,,,,
BA,uusi 7077,Isokyrö,Laurola,KM,714.0,,6995094.0,3266066.0,,False,False,False,False,False,False,False,True,False,False,False,Bronze artefacts,Bronze sword,Scandinavian flange-hilted sword,"Kieliruotomiekka, skandinaavinen",,True,522.0,53.0,9.0,,,,"Terän leveys 40 mm, paksuus 6 mm.",KM 714,"22,37974115","62,98350011",,False,False,True,False,False,False,,,,,,,,
BA,uusi 7078,Kemiönsaari,Kemiö,KM,800.0,,6680554.0,3263645.0,,False,False,False,False,False,False,False,False,True,False,False,Bronze artefacts,Bronze axe,Mälar bronze age,Mälarin kirves,,True,101.0,39.0,29.0,,,,Neljä koristeviivaa 20mm putken suusta.,KM 800,"22,73761891","60,16794351",,False,False,False,True,True,True,,,,,,,,
BA,399010042,Laihia,Alatalo/Jätinhaudanmaa,KM,1108.0,1.0,6986858.0,3244395.0,35,False,False,False,False,False,False,False,False,True,False,False,Bronze artefacts,Bronze hygiene accessory,Bronze razor,"Partaveitsi, karkeatekoinen",,False,47.0,15.0,1.0,0.0,0.0,0.0,"Leikattu pronssilevystä, koristelematon. Hiidenkiuaslöytö. Samasta röykkiöstä palanutta luuta.",KM 1108_1,"21,966629","62,89530079",,False,False,False,False,True,False,,,,,,,,
BA,uusi 7079,Vihti,Haapkylä,KM,1536.0,,6694859.0,3349633.0,,False,False,False,False,False,False,False,False,True,False,False,Bronze artefacts,Bronze sword,Hallstatt sword,Hallstatt-miekka,,True,760.0,56.0,7.0,,,,Terän leveys 35 mm,KM 1536,"24,27392937","60,3369483",,False,False,False,False,True,False,,,,,,,,
BA,uusi 7080,Viipuri,Tiikanurmi,KM,1537.0,,6735312.0,3597926.0,,False,False,False,False,False,False,False,False,True,False,False,Bronze artefacts,Bronze brooch,Spectacle-shaped brooch,Silmälasisolki,,True,131.0,56.0,12.0,,,,"Toinen kupura rikki, muuten hyvässä kunnossa.",KM 1537,"28,79088578","60,7159978",,False,False,False,False,True,False,,,,,,,,
BA,40010001,Kemiönsaari,Hammarsboda 1,KM,1910.0,,6669253.0,3244537.0,,False,False,False,False,False,False,False,True,False,False,False,Bronze artefacts,Bronze axe,Palstave,Olkakirves,,False,145.0,41.0,26.0,,,,Löydetty röykkiöstä palaneiden luiden kanssa,KM 1910,"22,40864924","60,05533584",,False,True,True,False,False,False,,,,,,,,
BA,586010021,Salo,Paarskylän kartano,KM,2025.0,10.0,6688054.0,3286627.0,20,False,False,False,False,False,False,False,True,False,False,False,Bronze artefacts,Bronze axe,Palstave,Olkakirves,,False,145.0,43.0,28.0,,,,,KM 2025_10,"23,1427335","60,24776465",,False,True,True,False,False,False,,,,,,,,
BA,uusi 6124,Laukaa,Simuna Kapeekoski,KM,2058.0,1.0,6919744.0,3457496.0,,False,False,False,False,False,False,False,True,False,False,False,Bronze artefacts,Bronze axe,Seima bronze axe,Seiman kirves,,False,105.0,56.0,29.0,,,,Kopio. Poikkiteräinen. Ajoitushaarukka n. 1900-1600 eaa.,KM 2058_1,"26,17525279","62,38052205",,True,False,False,False,False,False,,,,,,,,
BA,uusi 7081,Nakkila,Leistilänjärvi,KM,2151.0,572.0,6817218.0,3229524.0,,False,False,False,False,False,False,False,False,True,False,False,Bronze artefacts,Bronze axe,Skandau bronze axe,Skandaun kirves,,True,80.0,41.0,23.0,,,,,KM 2151_572,"21,93566813","61,36868067",,False,False,False,False,False,True,,,,,,,,
BA,uusi 7082,Valkjärvi,Karvsaari,KM,2298.0,193.0,6731617.0,3649081.0,,False,False,False,False,False,False,False,False,True,False,False,Bronze artefacts,Bronze axe,Skandau bronze axe,Skandaun kirves,,False,0.0,0.0,0.0,63.0,39.0,25.0,,KM 2298_193,"29,72420583","60,66709335",,False,False,False,False,False,True,,,,,,,,
BA,734010028,Salo,Veitakkalan linnamäki,KM,2435.0,12.0,6708172.0,3289126.0,,False,False,False,False,False,False,False,True,False,False,False,Bronze artefacts,Bronze dagger,Scandinavian bronze dagger,"Pronssitikari, skandinaavinen",,False,0.0,0.0,0.0,143.0,28.0,5.0,Kahva puuttuu.,KM 2435_12,"23,16665007","60,42922806",,False,True,True,False,False,False,,,,,,,,
BA,uusi 7083,Eura,Panelia,KM,2476.0,,6800896.0,3230378.0,,False,False,False,False,False,False,False,False,False,True,False,Bronze artefacts,Bronze neck ring,Scandinavian spiral bronze neck ring,"Kierteinen kaularengas, skandinaavinen",,False,,,,,,,"Ajoittuvat esiroomalaiselle rautakaudellealaiselle rautakaudelle, eivät pronssikaudelle.",KM 2476,"21,9750244","61,22336727",,False,False,False,False,False,False,,,,,,,,
BA,uusi 7083,Eura,Panelia,KM,2476.0,,6800896.0,3230378.0,,False,False,False,False,False,False,False,False,False,True,False,Bronze artefacts,Bronze neck ring,Scandinavian spiral bronze neck ring,"Kierteinen kaularengas, skandinaavinen",,False,,,,,,,"Ajoittuvat esiroomalaiselle rautakaudellealaiselle rautakaudelle, eivät pronssikaudelle.",KM 2476,"21,9750244","61,22336727",,False,False,False,False,False,False,,,,,,,,
BA,uusi 7083,Eura,Panelia,KM,2476.0,,6800896.0,3230378.0,,False,False,False,False,False,False,False,False,False,True,False,Bronze artefacts,Bronze neck ring,Scandinavian spiral bronze neck ring,"Kierteinen kaularengas, skandinaavinen",,False,,,,,,,"Ajoittuvat esiroomalaiselle rautakaudellealaiselle rautakaudelle, eivät pronssikaudelle.",KM 2476,"21,9750244","61,22336727",,False,False,False,False,False,False,,,,,,,,
BA,40010012,Kemiönsaari,Långnäsudden 1,KM,2503.0,1.0,6669522.0,3247878.0,21,False,False,False,False,False,False,False,True,False,False,False,Bronze artefacts,Bronze dagger,Nordic full-hilted dagger,"Umpikahvatikari, skandinaavinen",,True,258.0,34.0,30.0,0.0,0.0,0.0,Kahva valettu erikseen ja kiinnitetty neljällä niitillä. Terän paksuus 5 mm.,KM 2503_1,"22,46810502","60,05980939",,False,True,False,False,False,False,,,,,,,,
BA,uusi 7084,Kaukola,Rokosina,KM,2535.0,1.0,6772380.0,3653014.0,,False,False,False,False,False,False,False,False,True,False,False,Bronze artefacts,Bronze axe,Mälar bronze age,Mälarin kirves,,False,76.0,39.0,30.0,0.0,0.0,0.0,,KM 2535_1,"29,82818049","61,03099837",,False,False,False,True,True,True,,,,,,,,
BA,1000010309,Kokemäki,Nappari,KM,2791.0,1.0,6802918.0,3253125.0,,False,False,False,False,False,False,False,False,True,False,False,Bronze artefacts,Bronze sword,Möriger sword,Möriger-miekka,,True,715.0,0.0,0.0,0.0,0.0,0.0,,KM 2791_1,"22,39436006","61,25647149",,False,False,False,False,True,False,,,,,,,,
BA,1000010309,Kokemäki,Nappari,KM,2791.0,2.0,6802918.0,3253125.0,,False,False,False,False,False,False,False,False,True,False,False,Bronze artefacts,Bronze brooch,Spectacle-shaped brooch,Silmälasisolki,,False,0.0,0.0,0.0,0.0,0.0,0.0,"Erittäin suuri. Sanka irronnut ja kupurat murtuneet, ts. esine kolmessa osassa. Kupuroiden läpimitat 141 ja mm, sangan pituus 60 mm ja leveys 37 mm.",KM 2791_2,"22,39436006","61,25647149",,False,False,False,False,False,True,,,,,,,,
BA,406010018,Rauma,Huhdanniska (Vahala),KM,2800.0,,6787970.0,3222388.0,"32,5",False,False,False,False,False,False,False,True,False,False,False,Bronze artefacts,Bronze dagger,Central European dagger with triangular hilt-plate,"Kolmioruototikari, keskieurooppalainen",,False,,,,156.0,34.0,4.0,,KM 2800,"21,84584236","61,10225325",,False,False,True,False,False,False,,,,,,,,
BA,uusi 7085,Iisalmi,Haapajärvi,KM,3017.0,2.0,7051683.0,3500014.0,,False,False,False,False,False,False,False,False,True,False,False,Bronze artefacts,Bronze sword,Scandinavian tanged sword,"Kaitaruotomiekka, skandinaavinen",,True,333.0,0.0,0.0,0.0,0.0,0.0,,KM 3017_2,"26,99683791","63,56668371",,False,False,False,True,True,False,,,,,,,,
BA,uusi 7086,Pori,Stenbacka,KM,3033.0,1.0,6845802.0,3225785.0,,False,False,False,False,False,False,False,True,False,False,False,Bronze artefacts,Bronze axe,Seima bronze axe,Seiman kirves/Esimaaningan kirves,,True,91.0,45.0,33.0,0.0,0.0,0.0,"Ilmeisesti paikallista tuotantoa, muotoilussa esimakua Maaningan kirveistä. Muistuttaa Paimion Sähköyhtiöntien kirvestä (KM 37946), joka C-14 ajoitettu puuvarresta n. 1620-1320 calBCE.",KM 3033_1,"21,82365809","61,62152772",,True,True,False,False,False,False,,,,,,,,
BA,uusi 7087,Eura,Ella,KM,3036.0,1.0,6789649.0,3228683.0,,False,False,False,False,False,False,False,False,True,False,False,Bronze artefacts,Bronze spearhead,West Baltic bronze spearhead,Länsibalttilainen keihäänkärki,,False,0.0,0.0,0.0,143.0,39.0,28.0,"""Löytäjät koetellakseen

esineen kovuutta, löivät siitä nirkon poikki.""",KM 3036_1,"21,95971135","61,12165608",,False,False,False,False,True,False,,,,,,,,
BA,1000009842,Salo,Kärennokan pelto,KM,3101.0,11.0,6692580.0,3309600.0,"47,5",False,False,False,False,False,False,False,True,False,False,False,Bronze artefacts,Bronze sword,Bronze sword/dagger,Pronssimiekka/tikari,,False,0.0,0.0,0.0,170.0,29.0,7.0,,KM 3101_11,"23,55250152","60,29971182",,False,False,False,False,False,False,,,,,,,,
BA,uusi 7088,Eura,Mäkelä,KM,3361.0,1.0,6797902.0,3235279.0,,False,False,False,False,False,False,False,False,True,False,False,Bronze artefacts,Bronze axe,Scandinavian socketed axe,Skandinaavinen putkikirves,,True,58.0,41.0,25.0,0.0,0.0,0.0,,KM 3361_1,"22,07010268","61,19994499",,False,False,False,False,True,True,,,,,,,,
BA,79010001,Harjavalta,Kaunismäki A ja B,KM,3471.0,1.0,6809580.0,3233211.0,30,False,False,False,False,False,False,False,False,True,False,False,Bronze artefacts,Bronze hygiene accessory,Scandinavian bronze razor,"Partaveitsi, skandinaavinen",,False,0.0,0.0,0.0,0.0,0.0,0.0,Hiidenkiuaslöytö. Samasta röykkiöstä palanutta ihmisluuta.,KM 3471_1,"22,01523855","61,30294469",,False,False,False,True,True,False,,,,,,,,
BA,uusi 7089,Porvoo,Finnby,KM,3502.0,,6701561.0,3424571.0,,False,False,False,False,False,False,False,False,True,False,False,Bronze artefacts,Bronze axe,Maaninka bronze axe,Maaningan kirves,,True,62.0,46.0,27.0,0.0,0.0,0.0,Pääluettelossa saatettu sekoittaa tieto siitä kumpi on alkuperäinen kirves ja kumpi messinkikopio toisesta kirveestä.,KM 3502,"25,62777612","60,41797385",,False,False,False,False,True,True,,,,,,,,
BA,uusi 7089,Porvoo,Finnby,KM,3502.0,,6701561.0,3424571.0,,False,False,False,False,False,False,False,False,True,False,False,Bronze artefacts,Bronze axe,Ananjino bronze axe,Ananjinon kirves,,True,52.0,45.0,26.0,0.0,0.0,0.0,Pääluettelossa saatettu sekoittaa tieto siitä kumpi on alkuperäinen kirves ja kumpi messinkikopio toisesta kirveestä.,KM 3502,"25,62777612","60,41797385",,False,False,False,False,True,True,,,,,,,,
BA,1000008996,Masku,Wallinin paja,KM,3699.0,2.0,6727790.0,3232480.0,20,False,False,False,False,False,False,False,False,True,False,False,Bronze artefacts,Bronze axe,Scandinavian socketed axe,Skandinaavinen putkikirves,,True,65.0,33.0,25.0,,,,,KM 3699_2,"22,11524807","60,5711579",,False,False,False,False,True,True,,,,,,,,
BA,586010002,Salo,Tattaroistenmäki,KM,4079.0,,6692784.0,3277778.0,20,False,False,False,False,False,False,False,True,False,False,False,Bronze artefacts,Bronze knife,Scandinavian bronze knife,"Pronssiveitsi, skandinaavinen",,True,81.0,12.0,6.0,,,,,KM 4079,"22,97814097","60,28537879",,False,False,True,False,False,False,,,,,,,,
BA,79010010,Harjavalta,Heinilä W (Taalperi),KM,4123.0,,6809477.0,3235520.0,28,False,False,False,False,False,False,False,False,True,False,False,Bronze artefacts,Bronze axe,Scandinavian socketed axe,Skandinaavinen putkikirves,,True,68.0,45.0,30.0,,,,"""Löydetty pienestä kivikasasta eli ""Hiittenkiukaan"" pohjasta,josta kivet joskus on viety pois, Harjavallan Torttilan kylän Tolvin talon maalta"".",KM 4123,"22,05830844","61,30359644",,False,False,False,False,True,True,,,,,,,,
BA,1000010307,Kokemäki,Ojala,KM,4519.0,,6801600.0,3248440.0,,False,False,False,False,False,False,False,False,True,False,False,Bronze artefacts,Bronze spearhead,West Baltic bronze spearhead,Länsibalttilainen keihäänkärki,,True,302.0,41.0,23.0,,,,,KM 4519,"22,30912067","61,24169544",,False,False,False,False,True,False,,,,,,,,
BA,734010058,Salo,Palomäki 2,KM,4567.0,,6705973.0,3288145.0,40,False,False,False,False,False,False,False,True,False,False,False,Bronze artefacts,Bronze button,Bronze double button,Kaksoisnappi,,True,25.0,25.0,16.0,,,,,KM 4567,"23,15120929","60,40902323",,False,False,True,False,False,False,,,,,,,,
BA,1000000414,Sodankylä,Vajukoski,KM,4740.0,1.0,7511900.0,3491960.0,196,False,False,False,False,False,False,False,False,True,False,False,Bronze artefacts,Bronze sword,Scandinavian tanged sword,"Kaitaruotomiekka, skandinaavinen",,True,700.0,,,,,,Säilä koristeltu eläinornamentiikalla.,KM 4740_1,"26,80618895","67,69400357",,False,False,False,False,True,False,,,,,,,,
BA,1000000414,Sodankylä,Vajukoski,KM,4740.0,2.0,7511900.0,3491960.0,196,False,False,False,False,False,False,False,False,True,False,False,Bronze artefacts,Bronze sword,Scandinavian tanged sword,"Kaitaruotomiekka, skandinaavinen",,False,730.0,,,,,,"Kahvan päätehela tallella, mutta katkennut toiselta sivulta. Hienoja piirtoviivoja kummallakin lappeella esineen kärkipäässä. Säilän pituus 660 mm",KM 4740_2,"26,80618895","67,69400357",,False,False,False,False,True,False,,,,,,,,
BA,1000000414,Sodankylä,Vajukoski,KM,4740.0,3.0,7511900.0,3491960.0,196,False,False,False,False,False,False,False,False,True,False,False,Bronze artefacts,Bronze sword,Scandinavian tanged sword,"Kaitaruotomiekka, skandinaavinen",,False,630.0,,,,,,,KM 4740_3,"26,80618895","67,69400357",,False,False,False,False,True,False,,,,,,,,
BA,1000000414,Sodankylä,Vajukoski,KM,4740.0,4.0,7511900.0,3491960.0,196,False,False,False,False,False,False,False,False,True,False,False,Bronze artefacts,Bronze sword,Scandinavian tanged sword,"Kaitaruotomiekka, skandinaavinen",,False,,,,,,,Säilä koristeltu kohoviivoin.,KM 4740_4,"26,80618895","67,69400357",,False,False,False,False,True,False,,,,,,,,
BA,uusi 7090,Inkoo,Kalkulla,KM,4806.0,1.0,6664076.0,3329762.0,,False,False,False,False,False,False,False,True,False,False,False,Bronze artefacts,Bronze axe,Palstave,Olkakirves,,True,163.0,36.0,16.0,,,,,KM 4806_1,"23,9404679","60,05319953",,False,True,True,False,False,False,,,,,,,,
BA,uusi 7090,Inkoo,Kalkulla,KM,4806.0,2.0,6664076.0,3329762.0,,False,False,False,False,False,False,False,True,False,False,False,Bronze artefacts,Bronze axe,Palstave,Olkakirves,,False,,,,130.0,30.0,21.0,Huonosti valettu.,KM 4806_2,"23,9404679","60,05319953",,False,False,False,False,False,False,,,,,,,,
BA,uusi 7091,Rauma,Vermuntila,KM,5235.0,,6778651.0,3203775.0,,False,False,False,False,False,False,False,False,True,False,False,Bronze artefacts,Bronze axe,Scandinavian socketed axe,Skandinaavinen putkikirves,,False,,,,52.0,33.0,25.0,,KM 5235,"21,51673805","61,00543225",,False,False,False,False,True,True,,,,,,,,
BA,1000016751,Kuopio,Hämeensuo,KM,5311.0,,7005100.0,3517420.0,85,False,False,False,False,False,False,False,True,True,False,False,Bronze artefacts,Bronze axe,Maaninka bronze axe,Maaningan kirves,,True,102.0,44.0,31.0,,,,,KM 5311,"27,34213843","63,14836577",,False,False,True,True,False,False,,,,,,,,
BA,uusi 7092,Salo,Viurila,KM,5512.0,21.0,6702723.0,3282701.0,,False,False,False,False,False,False,False,True,False,False,False,Bronze artefacts,Bronze axe,Palstave,Olkakirves,,True,157.0,39.0,27.0,0.0,0.0,0.0,,KM 5512_21,"23,05618423","60,37703467",,False,True,True,False,False,False,,,,,,,,
BA,531010010,Nakkila,Kyllijoki,KM,5922.0,,6811602.0,3230031.0,"23,5",False,False,False,False,False,False,False,True,False,False,False,Bronze artefacts,Bronze spearhead,Smörumövre bronze spearhead,Smörumövren keihäänkärki,,False,,,,125.0,33.0,23.0,,KM 5922,"21,95321847","61,31883155",,True,True,False,False,False,False,,,,,,,,
BA,262010040,Eura,Tyrisevä,KM,6690.0,,6806663.0,3230721.0,57,False,False,False,False,False,False,False,False,True,False,False,Bronze artefacts,Bronze axe,Mälar bronze age,Mälarin kirves,,True,72.0,40.0,26.0,,,,,KM 6690,"21,97313761","61,27515751",,False,False,False,True,True,True,,,,,,,,
BA,uusi 6772,Salo,,KM,6795.0,5.0,6689593.0,3287213.0,,False,False,False,False,False,False,False,True,False,False,False,Bronze artefacts,Bronze dagger,Scandinavian bronze dagger,"Pronssitikari, skandinaavinen",,False,,,,172.0,33.0,4.0,"Toinen niitti tallella, toinen pudonnut.",KM 6795_5,"23,15167116","60,26185328",,False,True,True,False,False,False,,,,,,,,
BA,uusi 4653,Salo,Willilä,KM,7109.0,,6695757.0,3288641.0,,False,False,False,False,False,False,False,False,True,False,False,Bronze artefacts,Bronze spearhead,Phalbau bronze spearhead,Phalbaun keihäänkärki,,True,275.0,40.0,28.0,,,,,KM 7109,"23,17095014","60,31779792",,False,False,False,False,True,True,,,,,,,,
BA,271010026,Kokemäki,Myllymäki (Pusso),KM,7980.0,,6803898.0,3251351.0,40,False,False,False,False,False,False,False,False,True,False,False,Bronze artefacts,Bronze hygiene accessory,Bronze tweezers,Pinsetit,,True,61.0,17.0,7.0,,,,,KM 7980,"22,36011967","61,26411227",,False,False,False,True,False,False,,,,,,,,
BA,uusi 5375,Sauvo,Kallisuo,KM,8052.0,,6698217.0,3264823.0,,False,False,False,False,False,False,False,False,True,False,False,Bronze artefacts,Bronze axe,Scandinavian socketed axe,Skandinaavinen putkikirves,,True,93.0,38.0,32.0,,,,Oletetun silmukan paikalla reikä. Näyttää hallitusti tehdyltä..,KM 8052,"22,73825101","60,32671816",,False,False,False,True,False,False,,,,,,,,
BA,uusi 5445,Lohja,Peitsalo,KM,8330.0,,6682137.0,3330174.0,,False,False,False,False,False,False,False,False,True,False,False,Bronze artefacts,Bronze axe,Mälar bronze age,Mälarin kirves,,True,97.0,,,,,,,KM 8330,"23,93280812","60,21524512",,False,False,False,True,True,True,,,,,,,,
BA,148010049,Inari,Lusmasaari,KM,8724.0,1.0,7643760.0,3545670.0,118,False,False,False,False,False,False,False,False,True,False,False,Bronze artefacts,Bronze axe,Pre-Ananjino bronze axe,Esiananjinon kirves,,True,88.0,42.0,22.0,,,,"Kirves selkeästi itäistä muototraditiota seuraava, todennäköisesti paikallista (fennoskandista) tuotantoa oleva. Tarkempi typologisointi avoin tulkinnoille.",KM 8724_1,"28,13065166","68,87254445",,False,False,False,False,True,False,,,,,,,,
BA,148010049,Inari,Lusmasaari,KM,8724.0,2.0,7643760.0,3545670.0,118,False,False,False,False,False,False,False,False,True,False,False,Bronze artefacts,Bronze hygiene accessory,Bronze razor,"Partaveitsi, karkeatekoinen",,True,118.0,33.0,1.0,,,,"Yksinkertainen, todennäköisesti paikallista tuotantoa",KM 8724_2,"28,13065166","68,87254445",,False,False,False,True,True,False,,,,,,,,
BA,148010049,Inari,Lusmasaari,KM,8724.0,3.0,7643760.0,3545670.0,118,False,False,False,False,False,False,False,False,True,False,False,Bronze artefacts,Bronze neck ring,Scandinavian spiral bronze neck ring,"Kierteinen kaularengas, skandinaavinen",,True,151.0,151.0,4.0,,,,,KM 8724_3,"28,13065166","68,87254445",,False,False,False,True,True,False,,,,,,,,
BA,148010049,Inari,Lusmasaari,KM,8724.0,4.0,7643760.0,3545670.0,118,False,False,False,False,False,False,False,False,True,False,False,Bronze artefacts,Bronze neck ring,Scandinavian spiral bronze neck ring,"Kierteinen kaularengas, skandinaavinen",,True,159.0,159.0,4.0,,,,,KM 8724_4,"28,13065166","68,87254445",,False,False,False,True,True,False,,,,,,,,
BA,148010049,Inari,Lusmasaari,KM,8724.0,5.0,7643760.0,3545670.0,118,False,False,False,False,False,False,False,False,True,False,False,Bronze artefacts,Bronze neck ring,Scandinavian spiral bronze neck ring,"Kierteinen kaularengas, skandinaavinen",,True,151.0,147.0,5.0,,,,,KM 8724_5,"28,13065166","68,87254445",,False,False,False,True,True,False,,,,,,,,
BA,148010049,Inari,Lusmasaari,KM,8724.0,6.0,7643760.0,3545670.0,118,False,False,False,False,False,False,False,False,True,False,False,Bronze artefacts,Bronze neck ring,Scandinavian spiral bronze neck ring,"Kierteinen kaularengas, skandinaavinen",,True,161.0,145.0,5.0,,,,,KM 8724_6,"28,13065166","68,87254445",,False,False,False,True,True,False,,,,,,,,
BA,148010049,Inari,Lusmasaari,KM,8724.0,7.0,7643760.0,3545670.0,118,False,False,False,False,False,False,False,False,True,False,False,Bronze artefacts,Bronze bracelet,Scandinavian bronze bracelet,"Rannerengas, skandinaavinen",,True,68.0,58.0,3.0,,,,Korkeus 7 mm.,KM 8724_7,"28,13065166","68,87254445",,False,False,False,True,True,False,,,,,,,,
BA,148010049,Inari,Lusmasaari,KM,8724.0,8.0,7643760.0,3545670.0,118,False,False,False,False,False,False,False,False,True,False,False,Bronze artefacts,Bronze bracelet,Scandinavian bronze bracelet,"Rannerengas, skandinaavinen",,True,61.0,53.0,3.0,,,,Korkeus 6 mm. Päät epäsymmetriset,KM 8724_8,"28,13065166","68,87254445",,False,False,False,True,True,False,,,,,,,,
BA,148010049,Inari,Lusmasaari,KM,8724.0,9.0,7643760.0,3545670.0,118,False,False,False,False,False,False,False,False,True,False,False,Bronze artefacts,Bronze bracelet,Simple bronze bracelet,"Rannerengas, yksinkertainen",,True,55.0,48.0,3.0,,,,"Korkeus 5 mm,",KM 8724_9,"28,13065166","68,87254445",,False,False,False,True,True,False,,,,,,,,
BA,uusi 4521,Salo,,KM,8837.0,124.0,6710249.0,3293171.0,,False,False,False,False,False,False,False,True,False,False,False,Bronze artefacts,Bronze spearhead,Scandinavian bronze spearhead,"Keihäänkärki, skandinaavinen",,True,196.0,37.0,20.0,,,,Kärki ei katkennut.,KM 8837_124,"23,23778278","60,4499201",,False,False,True,False,False,False,,,,,,,,
BA,586040028,Salo,Hakala,KM,9138.0,2.0,6684400.0,3294820.0,25,False,False,False,False,False,False,False,True,False,False,False,Bronze artefacts,Bronze spearhead,Balanovo/Abashevo bronze spearhead,Balanovon/Abashevon keihäänkärki,,True,209.0,21.0,14.0,,,,,KM 9138_2,"23,29405841","60,21925055",,True,False,False,False,False,False,,,,,,,,
BA,uusi 4183,Salo,Rauvolank.,KM,9305.0,,6698152.0,3282494.0,,False,False,False,False,False,False,False,True,False,False,False,Bronze artefacts,Bronze axe,Palstave,Olkakirves,,False,168.0,36.0,18.0,,,,Hieman syöpynyt. Selvä valinsauma.,KM 9305,"23,05739277","60,33599529",,False,True,True,False,False,False,,,,,,,,
BA,1000013176,Turku,Anttila,KM,9685.0,1.0,6719455.0,3245224.0,"32,5",False,False,False,False,False,False,False,False,True,False,False,Bronze artefacts,Bronze axe,Ananjino bronze axe,Ananjinon kirves,,False,50.0,50.0,,,,,Reunassa valettaessa tullut aukko.,KM 9685_1,"22,35759259","60,50488094",,False,False,False,False,True,False,,,,,,,,
BA,1000008834,Paimio,Saarikko,KM,9830.0,,6707569.0,3265563.0,,False,False,False,False,False,False,False,True,False,False,False,Bronze artefacts,Bronze axe,Palstave,Olkakirves,,True,132.0,44.0,28.0,,,,,KM 9830,"22,74067931","60,41085064",,False,True,True,False,False,False,,,,,,,,
BA,1000005250,Sipoo,Nikkilän sairaala 1,KM,10046.0,,6696701.0,3405135.0,,False,False,False,False,False,False,False,True,False,False,False,Bronze artefacts,Bronze axe,Palstave,Olkakirves,,True,118.0,42.0,28.0,,,,,KM 10046,"25,2774584","60,37027421",,False,True,True,False,False,False,,,,,,,,
BA,1000016643,Vehmaa,Ylikylä,KM,10232.0,,6745790.0,3207720.0,,False,False,False,False,False,False,False,False,True,False,False,Bronze artefacts,Bronze brooch,Scandinavian dress pin,"Vaateneula, skandinaavinen",,True,101.0,,,,,,,KM 10232,"21,6389135","60,71476378",,False,False,False,False,True,False,,,,,,,,
BA,1000008835,Paimio,Alhaisi,KM,10454.0,,6714244.0,3263482.0,,False,False,False,False,False,False,False,True,True,False,False,Bronze artefacts,Bronze axe,Pre-Maaninka bronze axe,Esimaaningan kirves,,True,101.0,54.0,,,,,,KM 10454,"22,69511305","60,46937868",,False,False,True,True,False,False,,,,,,,,
BA,uusi 2386,Laukaa,,KM,10551.0,,6920331.0,3458058.0,,False,False,False,False,False,False,False,True,False,False,False,Bronze artefacts,Bronze axe,Seima bronze axe,Seiman kirves,,True,105.0,56.0,31.0,,,,"""tikapuu-koristelu"" vyöhykkeenä lähellä putken suuta",KM 10551,"26,18597007","62,38585226",,True,False,False,False,False,False,,,,,,,,
BA,152010008,Isokyrö,Niemenmaanmäki,KM,10679.0,1.0,6992878.0,3263191.0,25,False,False,False,False,False,False,False,False,True,False,False,Bronze artefacts,Bronze hygiene accessory,Bronze razor,"Partaveitsi, karkeatekoinen",,True,58.0,21.0,1.0,,,,"Teroitettu pronssilevyn kappale. Löydetty kiviröykkiöstä, jossa myös palanutta luuta.",KM 10679_1,"22,32639732","62,96182258",,False,False,False,False,False,True,,,,,,,,
BA,1000010308,Kokemäki,Rantala,KM,10732.0,1.0,6804098.0,3251003.0,"41,5",False,False,False,False,False,False,False,False,True,False,False,Bronze artefacts,Bronze brooch,Spectacle-shaped brooch,Silmälasisolki,,True,254.0,140.0,,,,,"Neula puuttuu, toinen levy halki.",KM 10732_1,"22,35339066","61,26567948",,False,False,False,False,False,True,,,,,,,,
BA,1000010308,Kokemäki,Rantala,KM,10732.0,1.0,6804098.0,3251003.0,"41,5",False,False,False,False,False,False,False,False,True,False,False,Bronze artefacts,Other bronze artefact,Bronze container,Pronssiastia/rasia,,True,,,,110.0,8.0,2.0,,KM 10732_1,"22,35339066","61,26567948",,False,False,False,False,False,True,,,,,,,,
BA,1000010308,Kokemäki,Rantala,KM,10732.0,2.0,6804098.0,3251003.0,"41,5",False,False,False,False,False,False,False,False,True,False,False,Bronze artefacts,Bronze brooch,Spectacle-shaped brooch,Silmälasisolki,,True,174.0,89.0,,,,,"Neula puuttuu. Katkennut kaaresta, mutta juotettu ehjäksi",KM 10732_2,"22,35339066","61,26567948",,False,False,False,False,False,True,,,,,,,,
BA,1000010308,Kokemäki,Rantala,KM,10732.0,3.0,6804098.0,3251003.0,"41,5",False,False,False,False,False,False,False,False,True,False,False,Bronze artefacts,Bronze brooch,Tutlus pin,"Vaateneula, tutuluspäinen",,False,,,,179.0,34.0,36.0,Muoto poikkeuksellinen. Varren leveys 5 mm ja paksuus 4 mm.,KM 10732_3,"22,35339066","61,26567948",,False,False,False,False,False,True,,,,,,,,
BA,1000010308,Kokemäki,Rantala,KM,10732.0,4.0,6804098.0,3251003.0,"41,5",False,False,False,False,False,False,False,False,True,False,False,Bronze artefacts,Other bronze artefact,Bronze container,Pronssiastia/rasia,,True,109.0,109.0,20.0,,,,"Sisäpuolella laitaa pitkin kulkeva syvennys, johon tulkinta astian kanneksi perustuu. Keskellä olevan reiän kohdallla ollut ehkä kahva.",KM 10732_4,"22,35339066","61,26567948",,False,False,False,False,False,True,,,,,,,,
BA,1000010308,Kokemäki,Rantala,KM,10732.0,5.0,6804098.0,3251003.0,"41,5",False,False,False,False,False,False,False,False,True,False,False,Bronze artefacts,Other bronze artefact,Bronze knob,Pronssikupura,,True,58.0,58.0,20.0,,,,Pieni vaurioreikä keskellä,KM 10732_5,"22,35339066","61,26567948",,False,False,False,False,False,True,,,,,,,,
BA,1000010308,Kokemäki,Rantala,KM,10732.0,6.0,6804098.0,3251003.0,"41,5",False,False,False,False,False,False,False,False,True,False,False,Bronze artefacts,Other bronze artefact,Bronze knob,Pronssikupura,,True,54.0,50.0,19.0,,,,Vaurioita reunoissa ja keskustassa,KM 10732_6,"22,35339066","61,26567948",,False,False,False,False,False,True,,,,,,,,
BA,1000010308,Kokemäki,Rantala,KM,10732.0,7.0,6804098.0,3251003.0,"41,5",False,False,False,False,False,False,False,False,True,False,False,Bronze artefacts,Other bronze artefact,Bronze knob,Pronssikupura,,True,59.0,57.0,21.0,,,,Vaurioreiän lisäksi repeämä keskustassa ja vaurioreikä myös reunassa,KM 10732_7,"22,35339066","61,26567948",,False,False,False,False,False,True,,,,,,,,
BA,1000010308,Kokemäki,Rantala,KM,10732.0,8.0,6804098.0,3251003.0,"41,5",False,False,False,False,False,False,False,False,True,False,False,Bronze artefacts,Other bronze artefact,Bronze knob,Pronssikupura,,True,59.0,56.0,20.0,,,,"Vaurioreikä keskellä, pieni repeämä reunassa",KM 10732_8,"22,35339066","61,26567948",,False,False,False,False,False,True,,,,,,,,
BA,uusi 2505,Rauma,,KM,10750.0,,6787884.0,3219289.0,,False,False,False,False,False,False,False,True,False,False,False,Bronze artefacts,Bronze axe,Palstave,Olkakirves,,True,137.0,27.0,21.0,,,,Kömpelösti valettu. Myös muotoilu viittaa paikalliseen jäljitelmään.,KM 10750,"21,78874655","61,09928512",,False,True,True,False,False,False,,,,,,,,
BA,uusi 2530,Raasepori,,KM,10783.0,,6658625.0,3313400.0,,False,False,False,False,False,False,False,True,False,False,False,Bronze artefacts,Bronze axe,Pre-Maaninka bronze axe,Esimaaningan kirves,,True,106.0,44.0,36.0,,,,Tätä muistuttavan Paimion Sähköyhtiöntien kirveen (KM 37946) puuvarresta AMS-ajoitus n. 1620-1420 calBCE,KM 10783,"23,65221117","59,99723958",,False,True,True,False,False,False,,,,,,,,
BA,1000007106,Nokia,Vassinjoki,KM,10811.0,,6809110.0,3309510.0,77,False,False,False,False,False,False,False,True,True,False,False,Bronze artefacts,Bronze axe,Maaninka bronze axe,Maaningan kirves,,True,95.0,48.0,33.0,,,,,KM 10811,"23,43650266","61,34351484",,False,False,True,True,False,False,,,,,,,,
BA,uusi 2550,Pielavesi,,KM,10815.0,,7004315.0,3485393.0,,False,False,False,False,False,False,False,True,False,False,False,Bronze artefacts,Bronze axe,Seima bronze axe,Seiman kirves,,False,100.0,54.0,30.0,,,,Poikkiteräinen.  Vuonna 1993 porattu 2-3 mm ura materiaalianalyysiå varte,KM 10815,"26,70694671","63,14143181",,True,False,False,False,False,False,,,,,,,,
BA,uusi 2551,Kemiönsaari,,KM,10816.0,,6680129.0,3263133.0,,False,False,False,False,False,False,False,True,True,False,False,Bronze artefacts,Bronze axe,Socketed axe,Putkikirves,,False,,,,49.0,41.0,15.0,Voi olla itäistä tai läntistä alkuperää.,KM 10816,"22,72891674","60,16384292",,False,False,False,False,False,False,,,,,,,,
BA,uusi 2614,Salo,Ketunpyöli,KM,10920.0,,6686582.0,3289583.0,,False,False,False,False,False,False,False,True,False,False,False,Bronze artefacts,Bronze axe,Palstave,Olkakirves,,True,119.0,30.0,23.0,,,,,KM 10920,"23,19752028","60,23612106",,False,True,True,False,False,False,,,,,,,,
BA,220010054,Raasepori,Råckers,KM,10956.0,1.0,6666558.0,3315134.0,25,False,False,False,False,False,False,False,True,False,False,False,Bronze artefacts,Bronze button,Bronze double button,Kaksoisnappi,,False,26.0,26.0,17.0,,,,,KM 10956_1,"23,67609023","60,06910701",,False,False,True,False,False,False,,,,,,,,
BA,220010054,Raasepori,Råckers,KM,10956.0,2.0,6666558.0,3315134.0,25,False,False,False,False,False,False,False,True,False,False,False,Bronze artefacts,Other bronze artefact,Bronze artefact,Pronssiesine,,False,,,,17.0,12.0,2.0,"Esine josta fragmentti on peräisin on pieni, ohut ja valinsaumallinen",KM 10956_2,"23,67609023","60,06910701",,False,False,True,False,False,False,,,,,,,,
BA,1000004522,Lieksa,Viekijärvi 2,KM,11313.0,,7036193.0,3635794.0,,False,False,False,False,False,False,False,True,True,False,False,Bronze artefacts,Bronze axe,Maaninka bronze axe,Maaningan kirves,,True,119.0,43.0,35.0,,,,,KM 11313,"29,71442543","63,40194923",,False,False,True,True,False,False,,,,,,,,
BA,79010001,Harjavalta,Kaunismäki A ja B,KM,11506.0,1.0,6809580.0,3233211.0,30,False,False,False,False,False,False,False,False,True,False,False,Bronze artefacts,Other bronze artefact,Bronze artefact,Pronssiesine,,False,,,,48.0,10.0,1.0,"Katkelma, mahdollisesti pinseteistä tai veitsestä.",KM 11506_1,"22,01523855","61,30294469",,False,False,False,False,True,False,,,,,,,,
BA,uusi 3368,Kemiönsaari,,KM,11588.0,,6670607.0,3257663.0,,False,False,False,False,False,False,False,False,True,False,False,Bronze artefacts,Bronze axe,Mälar bronze age,Mälarin kirves,,False,,,,87.0,39.0,26.0,Syöpynyt. Putkensuu katkennut.,KM 11588,"22,64198435","60,07541776",,False,False,False,True,True,True,,,,,,,,
BA,uusi 3374,Raasepori,Heimos,KM,11644.0,,6661916.0,3313898.0,,False,False,False,False,False,False,False,True,False,False,False,Bronze artefacts,Bronze axe,Pre-Maaninka bronze axe,Esimaaningan kirves,,True,113.0,42.0,31.0,,,,Valanta karkeaa.,KM 11644,"23,6581421","60,02695396",,False,True,True,False,False,False,,,,,,,,
BA,148010083,Inari,Nukkumajoki 5,KM,11666.0,2.0,7643870.0,3502610.0,139,False,False,False,False,False,False,False,False,False,False,False,Bronze artefacts,Other bronze artefact,Fragment of bronze sheet,Pronssilevyn katkelma,,False,,,,54.0,33.0,1.0,Voi myös olla kuparia.,KM 11666_2,"27,06058078","68,87727325",,False,False,False,False,False,False,,,,,,,,
BA,586040033,Salo,Kontola,KM,12022.0,,6684650.0,3293820.0,40,False,False,False,False,False,False,False,True,False,False,False,Bronze artefacts,Bronze axe,Palstave,Olkakirves,,True,197.0,39.0,21.0,,,,Harvinaisen rikkaasti koristelty.,KM 12022,"23,27580157","60,22098487",,False,True,False,False,False,False,,,,,,,,
BA,586040029,Salo,Nakola,KM,12069.0,,6683600.0,3289060.0,20,False,False,False,False,False,False,False,True,False,False,False,Bronze artefacts,Bronze axe,Scandinavian socketed axe,Skandinaavinen putkikirves,,True,118.0,38.0,33.0,,,,Terän leveys 32 mm.,KM 12069,"23,19120464","60,20914516",,False,True,False,False,False,False,,,,,,,,
BA,262010023,Eura,Loukomäki,KM,12243.0,,6801652.0,3229697.0,38,False,False,False,False,False,False,False,False,True,False,False,Bronze artefacts,Bronze sword,Scandinavian tanged sword,"Kaitaruotomiekka, skandinaavinen",,True,425.0,48.0,,,,,,KM 12243,"21,96131491","61,22965559",,False,False,False,True,False,False,,,,,,,,
BA,262010023,Eura,Loukomäki,KM,12858.0,,6801652.0,3229697.0,38,False,False,False,False,False,False,False,False,True,False,False,Bronze artefacts,Bronze hygiene accessory,Bronze razor,"Partaveitsi, karkeatekoinen",,True,63.0,10.0,1.0,,,,"Teroitetu pronssilevyn kappale, todennäköisesti paikallista tuotantoa.",KM 12858,"21,96131491","61,22965559",,False,False,False,True,False,False,,,,,,,,
BA,577010015,Paimio,Lautela,KM,13313.0,2.0,6714398.0,3263044.0,20,False,False,False,False,False,False,False,False,True,False,False,Bronze artefacts,Other bronze artefact,Bronze knob,Pronssikupura,,False,,,,52.0,50.0,,,KM 13313_2,"22,68698988","60,47049992",,False,False,False,False,False,False,,,,,,,,
BA,uusi 2250,Ilmajoki,Jouppila,KM,13680.0,,6961099.0,3265285.0,,False,False,False,False,False,False,False,True,False,False,False,Bronze artefacts,Bronze knife,Andronovo bronze knife,"Pronssiveitsi, Andronovon tyyppiä",,False,,,,90.0,21.0,5.0,"Esine saatu Ilmajoen Koskenkorvan kansakoulun kokoelmista, löytövuodeksi mainittiin 1945 ja löytöpaikaksi pelto.",KM 13680,"22,41210358","62,67898452",,False,True,True,True,False,False,,,,,,,,
BA,613010003,Porvoo,Västanå II,KM,13714.0,,6700619.0,3412013.0,15,False,False,False,False,False,False,False,False,True,False,False,Bronze artefacts,Bronze axe,Scandinavian socketed axe,Skandinaavinen putkikirves,,True,65.0,41.0,19.0,,,,,KM 13714,"25,40034218","60,40697998",,False,False,False,False,True,True,,,,,,,,
BA,1000008836,Paimio,Kivilän pelto,KM,13734.0,,6714127.0,3263426.0,,False,False,False,False,False,False,False,False,True,False,False,Bronze artefacts,Bronze axe,Mälar bronze age,Mälärin kirves,,True,107.0,39.0,31.0,,,,,KM 13734,"22,69423685","60,46829874",,False,False,False,True,True,True,,,,,,,,
BA,uusi 2281,Eura,,KM,13770.0,,6804060.0,3227925.0,,False,False,False,False,False,False,False,True,False,False,False,Bronze artefacts,Bronze sword,Octagonal-hilted sword,"Särmäkahvamiekka, keskieurooppalainen",,True,610.0,58.0,44.0,,,,"Terän leveys 30 mm, paksuus 6 mm. Terästä irrallaan n. 50 mm pitkä fragmentti",KM 13770,"21,92497954","61,24995197",,False,True,False,False,False,False,,,,,,,,
BA,220040000,Raasepori,Landsbroström,KM,14532.0,,6667410.0,3315333.0,,False,False,False,False,False,False,False,True,False,False,False,Bronze artefacts,Bronze axe,Palstave,Olkakirves,,True,148.0,37.0,23.0,,,,"Valanta karkeaa, todennäköisesti paikallista tuotantoa.",KM 14532,"23,6788897","60,07683105",,False,True,True,False,False,False,,,,,,,,
BA,699010201,Rovaniemi,Niskala,KM,14699.0,3187.0,7373070.0,3439030.0,75,False,False,False,False,False,False,False,True,False,False,False,Bronze artefacts,Bronze axe,Seima bronze axe,Seiman kirves,,False,,,,63.0,26.0,10.0,"Esine toinen kahdesta saman putkikirveen kappaleesta, joista toinen hukkunut. Ilman toista kappaletta esineen typologinen määrittely on osin kirjallisuuden varassa.",KM 14699_3187,"25,62948479","66,44325117",,True,False,False,False,False,False,,,,,,,,
BA,105010007,Hyrynsalmi,Ahonranta,KM,15073.0,,7176089.0,3572654.0,157,False,False,False,False,False,False,False,True,True,False,False,Bronze artefacts,Bronze arrowhead,Bronze arrowhead,Pronssinuolenkärki,,True,54.0,12.0,3.0,,,,,KM 15073,"28,51812419","64,67485397",,False,False,False,False,False,False,,,,,,,,
BA,x646,Tuntematon,,KM,15232.0,,,,,False,False,False,False,False,False,False,True,False,False,False,Bronze artefacts,Bronze axe,Palstave,Olkakirves,,True,176.0,26.0,28.0,,,,Löytöpaikka tuntematon.,KM 15232,#NUM!,#NUM!,,False,True,True,False,False,False,,,,,,,,
BA,423010011,Lieto,Kotokallio,KM,16731.0,1.0,6716270.0,3245661.0,45,False,False,False,False,False,False,False,True,False,False,False,Bronze artefacts,Bronze brooch,Sögel-Wohlde culture dress pin,"Vaateneula, Sögel-Wohlde -kulttuuripiiri",,False,57.0,16.0,11.0,,,,Neulaosan leveys 4 mm. Samasta röykkiöstä myöhempää palanutta ihmisluuta.,KM 16731_1,"22,36959222","60,47666511",,False,True,False,False,False,False,,,,,,,,
BA,423010011,Lieto,Kotokallio,KM,16731.0,2.0,6716270.0,3245661.0,45,False,False,False,False,False,False,False,True,False,False,False,Bronze artefacts,Bronze dagger,Sögel-Wohlde bronze dagger,Sögel-Wohlde -tikari,,False,175.0,33.0,7.0,,,,"Kahva puuttuu. Toinen niitti murtunut irti, mutta tallella. Terissä vaurioita. Samasta röykkiöstä myöhempää palanutta ihmisluuta.",KM 16731_2,"22,36959222","60,47666511",,False,True,False,False,False,False,,,,,,,,
BA,421010001,Lestijärvi,Yli-Lesti/Anttila,KM,17032.0,,7043512.0,3389273.0,142,False,False,False,False,False,False,False,False,True,False,False,Bronze artefacts,Bronze spearhead,Scandinavian bronze spearhead,"Keihäänkärki, skandinaavinen",,False,,,,86.0,23.0,20.0,,KM 17032,"24,77484664","63,47608975",,False,False,False,True,False,False,,,,,,,,
BA,402010001,Lapinlahti,Jokiniemi,KM,18351.0,,7011820.0,3518330.0,"87,5",False,False,False,False,False,False,False,True,True,False,False,Bronze artefacts,Bronze axe,Maaninka bronze axe,Maaningan kirves,,True,70.0,38.0,25.0,,,,,KM 18351,"27,36093688","63,20860809",,False,False,True,True,False,False,,,,,,,,
BA,uusi 7093,Uusikaupunki,Santtio Taipale,KM,19273.0,,6748474.0,3201033.0,,False,False,False,False,False,False,False,True,False,False,False,Bronze artefacts,Bronze spearhead,Smörumövre bronze spearhead,Smörumövren keihäänkärki,,True,151.0,35.0,24.0,,,,"Löydetty kannosta, ilmeisen sekundäärisestä kontekstista. Poikittaisia koristeviivoja kannassa.",KM 19273,"21,51288052","60,73379525",,False,True,False,False,False,False,,,,,,,,
BA,uusi 7094,Eura,Metsä-Vahala,KM,19438.0,,6806420.0,3230980.0,,False,False,False,False,False,False,False,False,True,False,False,Bronze artefacts,Bronze axe,Scandinavian socketed axe,Skandinaavinen putkikirves,,True,58.0,36.0,23.0,,,,,KM 19438,"21,97829542","61,27316374",,False,False,False,False,True,True,,,,,,,,
BA,uusi 7095,Mynämäki,Rauvola,KM,19990.0,,6734955.0,3224934.0,,False,False,False,False,False,False,False,True,False,False,False,Bronze artefacts,Bronze axe,Palstave,Olkakirves,,True,116.0,45.0,26.0,,,,Lyhyt ja paksu.,KM 19990,"21,96817799","60,63012194",,False,True,True,False,False,False,,,,,,,,
BA,uusi 7096,Raasepori,Måderviken,KM,20226.0,,6661385.0,3283087.0,,False,False,False,False,False,False,False,True,False,False,False,Bronze artefacts,Bronze sword,Central European flange-hilted sword,"Kieliruotomiekka, keskieurooppalainen",,False,,,,37.0,21.0,16.0,,KM 20226,"23,10731139","60,00708296",,True,True,False,False,False,False,,,,,,,,
BA,50010032,Eura,Luistari,KM,20552.0,8.0,6787882.0,3238661.0,38,False,False,False,False,False,False,False,False,True,False,False,Bronze artefacts,Bronze hygiene accessory,Bronze razor,"Partaveitsi, karkeatekoinen",,False,41.0,15.0,1.0,,,,"Röykkiölöytö. Esine pronssilevystä leikattu, koristelematon. Samasta röykkiöstä pronssikautinen kaksoisnappi, palanutta ihmisluuta ja varhaisrautakautisia esineitä.",KM 20552_8,"22,14658916","61,11261932",,False,False,False,True,True,True,,,,,,,,
BA,50010032,Eura,Luistari,KM,20552.0,12.0,6787882.0,3238661.0,38,False,False,False,False,False,False,False,False,True,False,False,Bronze artefacts,Bronze button,Bronze double button,Kaksoisnappi,,False,17.0,16.0,11.0,,,,"Röykkiölöytö. Samasta röykkiöstä palanutta ihmisluuta,  partaveitseksi tulkittu pronssilevyn kappale ja varhaisrautakautisia esineitä.",KM 20552_12,"22,14658916","61,11261932",,False,False,False,True,True,True,,,,,,,,
BA,uusi 7097,Uusikaarlepyy,Jungar Backjälon,KM,20650.0,,7038557.0,3285471.0,,False,False,False,False,False,False,False,False,True,False,False,Bronze artefacts,Bronze axe,Mälar bronze age,Mälarin kirves,,True,105.0,45.0,25.0,,,,"Silmukka avoin, saattanut epäonnistua valuvaiheessa.",KM 20650,"22,7040688","63,38432425",,False,False,False,True,True,True,,,,,,,,
BA,777010114,Suomussalmi,Kukkosaari,KM,20850.0,,7201478.0,3592642.0,199,False,False,False,False,False,False,True,True,False,False,False,Bronze artefacts,Copper adze,Copper adze,Kuparinen kourutaltta,,True,82.0,45.0,18.0,,,,,KM 20850,"28,95289744","64,89756391",,False,False,False,False,False,False,,,,,,,,
BA,1000002725,Pälkäne,Evinsalo,KM,21491.0,,6804763.0,3378138.0,90,False,False,False,False,False,False,False,True,False,False,False,Bronze artefacts,Bronze dagger,Nordic full-hilted dagger,"Umpikahvatikari, skandinaavinen",,False,,,,106.0,32.0,17.0,"Terän paksuus 3 mm ja leveys 23 mm. Valeniittejä, terä ja kahva yhtä valua.",KM 21491,"24,72048117","61,33210181",,True,False,False,False,False,False,,,,,,,,
BA,77010003,Hankasalmi,Luojinniemi,KM,21963.0,,6934180.0,3460060.0,93,False,False,False,False,False,False,False,True,True,False,False,Bronze artefacts,Other bronze artefact,Fragment of bronze sheet,Pronssilevyn katkelma,,False,,,,26.0,15.0,1.0,"Lapinrauniolöytö, Janne Ikäheimon (2014) pxrf-tutkimuksen mukaan tinarikasta pronssia. Leikattu samankaltaisesta pronssilevystä kuin karkeatekoisiksi partaveitsiksi tulkitut röykkiölöydöt Suomessa. Jos esine on ollut nykyisen muotoinen röykkiöön laitettae",KM 21963,"26,22143804","62,51032024",,False,False,False,False,False,False,,,,,,,,
BA,50010032,Eura,Luistari,KM,22346.0,25.0,6787882.0,3238661.0,38,False,False,False,False,False,False,False,False,True,False,False,Bronze artefacts,Bronze hygiene accessory,Bronze razor,"Partaveitsi, karkeatekoinen",,False,,,,41.0,17.0,2.0,"Esine leikattu pronssilevystä, koristelematon. Selkeä teräpuoli ja tylsäksi hiottu puoli. Löydetty ""sekaisesta maakerroksesta"" löydöttömän kuoppahaudan (no 428) pinnasta.",KM 22346_25,"22,14658916","61,11261932",,False,False,False,True,True,True,,,,,,,,
BA,220010002,Raasepori,Domargård I,KM,22442.0,,6663430.0,3312339.0,25,False,False,False,False,False,False,False,True,False,False,False,Bronze artefacts,Bronze knife,Scandinavian bronze knife,"Pronssiveitsi, skandinaavinen",,False,,,,79.0,18.0,5.0,"Terä ja kahva yhtä valantaa. Löydetty rautakautiselelta asuinpaikalta,jossa viitteitä sepän pajasta.",KM 22442,"23,62884517","60,03980989",,False,True,True,False,False,False,,,,,,,,
BA,990010026,Pedersöre,Esse-Linjärvbacken  NW,KM,22813.0,,7059402.0,3305001.0,35,False,False,False,False,False,False,False,False,True,False,False,Bronze artefacts,Bronze brooch,Bronze brooch,Pronssisolki,,True,55.0,24.0,,,,,,KM 22813,"23,06811143","63,58209228",,False,False,False,True,False,False,,,,,,,,
BA,50010032,Eura,Luistari,KM,24388.0,48.0,6787882.0,3238661.0,38,False,False,False,False,False,False,False,False,True,False,False,Bronze artefacts,Other bronze artefact,Bronze spiral bar,"Pronssivarras, kierteinen",,False,,,,18.0,3.0,3.0,"Röykkiölöytö. Samasta röykkiöstä, pronssikärjen katkelma, pakanutta ihmisluuta ja rautakautisia esineitä.",KM 24388_48,"22,14658916","61,11261932",,False,False,False,False,False,False,,,,,,,,
BA,50010032,Eura,Luistari,KM,24388.0,49.0,6787882.0,3238661.0,38,False,False,False,False,False,False,False,True,True,False,False,Bronze artefacts,Bronze spearhead,Bronze spearhead,Pronssikeihäänkärki,,False,,,,21.0,20.0,3.0,"Röykkiölöytö. Samasta röykkiöstä, pronssivartaan katkelma, pakanutta ihmisluuta ja rautakautisia esineitä.",KM 24388_49,"22,14658916","61,11261932",,False,False,False,False,False,False,,,,,,,,
BA,166010001,Uusikaarlepyy,Jepua-Knäbacken/Asplandet,KM,26618.0,1.0,7035402.0,3282279.0,35,False,False,False,False,False,False,False,False,True,False,False,Bronze artefacts,Bronze axe,Maaninka bronze axe,Maaningan kirves,,True,57.0,44.0,20.0,,,,Hiidenkiuaslöytö,KM 26618_1,"22,6447031","63,35416989",,False,False,False,True,True,False,,,,,,,,
BA,577010024,Paimio,Toispuolojannummi,KM,27182.0,83.0,6716468.0,3263603.0,"40,5",False,False,False,False,False,False,False,True,False,False,False,Bronze artefacts,Bronze brooch,Violin-bow fibula,Viulunjousisolki,,True,73.0,20.0,5.0,,,,,KM 27182_83,"22,69466517","60,48935369",,False,False,True,False,False,False,,,,,,,,
BA,285010005,Kotka,Salovaara,KM,27680.0,,6711580.0,3499520.0,11,False,False,False,False,False,False,False,False,True,False,False,Bronze artefacts,Bronze button,Bronze double button,Kaksoisnappi,,True,36.0,17.0,5.0,,,,Hiidenkiuaslöytö. Samasta röykkiöstä palanutta ihnisluuta.,KM 27680,"26,98817246","60,51496362",,False,False,False,True,False,False,,,,,,,,
BA,164040050,Kurikka,Majamäki/Sikaniemi 3,KM,29466.0,,6946445.0,3279910.0,84,False,False,False,False,False,False,False,True,False,False,False,Bronze artefacts,Bronze spearhead,Kirke Såby bronze spearhead,Kirke Såbyn keihäänkärki,,True,256.0,37.0,18.0,,,,,KM 29466,"22,71575627","62,55691276",,False,True,False,False,False,False,,,,,,,,
BA,290010179,Kuhmo,Halonen E,KM,30131.0,,7116451.0,3609920.0,159,False,False,False,False,False,False,False,False,True,False,False,Bronze artefacts,Bronze brooch,Ananjino bronze brooch,Ananjinon solki,,False,,,,68.0,59.0,1.0,"Solki pyöreä, reunat koristeltu pienin kupuroin, keskellä isompi koristekupua",KM 30131,"29,25374417","64,13026931",,False,False,False,False,True,True,,,,,,,,
BA,1000005565,Laitila,Jokilaakso,KM,30867.0,,6771678.0,3216663.0,"22,5",False,False,False,False,False,False,False,True,False,False,False,Bronze artefacts,Bronze axe,Palstave,Olkakirves,,True,155.0,38.0,28.0,,,,,KM 30867,"21,76425189","60,95257529",,False,True,True,False,False,False,,,,,,,,
BA,564010051,Oulu,Hangaskangas,KM,31379.0,35.0,7200515.0,3442572.0,39,False,False,False,False,False,False,False,True,False,False,False,Bronze artefacts,Bronze dagger,Seima bronze dagger,Seiman tikari,,False,,,,107.0,27.0,3.0,"Hautalöytö. Samasta yhteydestä mm. palanutta ihmisluuta, joka AMS-ajoitettu Hela-498: 3510+/-75 BP",KM 31379_35,"25,78367254","64,89675774",,True,False,False,False,False,False,,,,,,,,
BA,601010053,Pihtipudas,Vaaksianniemi,KM,33719.0,,7027220.0,3432120.0,115,False,False,False,False,False,False,False,True,True,False,False,Bronze artefacts,Other bronze artefact,Fragment of bronze sheet,Pronssilevyn katkelma,,False,,,,55.0,38.0,1.0,Löydetty kahden osittain tuhoutuneen lapinraunion ulkopuolelta. Esine Janen Ikäheimon pxrf-tutkimuksen mukaan tinarikasta pronssia.,KM 33719,"25,64111509","63,34075118",,False,False,False,False,False,False,,,,,,,,
BA,6010009,Loimaa,Isovarenmäki,KM,34594.0,1.0,6769672.0,3273308.0,100,False,False,False,False,False,False,False,True,True,False,False,Bronze artefacts,Bronze knife,Bronze knife,Pronssiveitsi,,False,,,,24.0,10.0,2.0,"Hiidenkiauslöytö, röykkiöstä löytyneestä palaneest luusta AMS-ajoitus Hela-896: 2835+/-45",KM 34594_1,"22,80902522","60,97115792",,False,False,True,True,False,False,,,,,,,,
BA,6010009,Loimaa,Isovarenmäki,KM,34594.0,2.0,6769672.0,3273308.0,100,False,False,False,False,False,False,False,True,True,False,False,Bronze artefacts,Bronze hygiene accessory,Bronze razor,"Partaveitsi, karkeatekoinen",,False,,,,38.0,10.0,1.0,"Hiidenkiauslöytö, röykkiöstä löytyneestä palaneest luusta AMS-ajoitus Hela-896: 2835+/-45",KM 34594_2,"22,80902522","60,97115792",,False,False,True,True,False,False,,,,,,,,
BA,uusi 7098,Hollola,Kiviniemi,KM,34939.0,,6772760.0,3424280.0,,False,False,False,False,False,False,False,True,True,False,False,Bronze artefacts,Bronze axe,Maaninka bronze axe,Maaningan kirves,,True,80.0,50.0,31.0,,,,,KM 34939,"25,59484394","61,05671695",,False,False,True,True,False,False,,,,,,,,
BA,uusi 1880,Paimio,Sähköyhtiöntie 4,KM,37946.0,,6713714.0,3262699.0,15,False,False,False,False,False,False,False,True,False,False,False,Bronze artefacts,Bronze axe,Pre-Maaninka bronze axe,Esimaaningan kirves,,True,93.0,51.0,34.0,,,,,KM 37946,"22,6815504","60,46417567",,True,True,False,False,False,False,,,,,,,,
BA,1000038127,Nakkila,Järvimäki,KM,39485.0,1.0,6815485.0,3230113.0,,False,False,False,False,False,False,False,False,True,False,False,Bronze artefacts,Bronze axe,Scandinavian socketed axe,Skandinaavinen putkikirves,,False,61.0,35.0,,,0.0,21.0,"Jäljellä oleva osa putkea täynnä jähmettynyttä metallia. Epäonnistunut kappale tai ""symbolinen putkikirves""?",KM 39485_1,"21,94914298","61,35359859",,False,False,False,False,True,True,,,,,,,,
BA,1000036011,Lieksa,Liklamo,KM,42134.0,1.0,7019362.0,3641684.0,,False,False,False,False,False,False,False,False,True,False,False,Bronze artefacts,Bronze knife,Bronze knife,Pronssiveitsi,,False,0.0,0.0,0.0,52.0,24.0,2.0,"Kaksiteräinen, muodoltaan hieman kaareva.",KM 42134_1,"29,81735213","63,24885164",,False,False,False,False,False,False,,,,,,,,
BA,1000036011,Lieksa,Liklamo,KM,42134.0,2.0,7019362.0,3641684.0,,False,False,False,False,False,False,False,True,True,False,False,Bronze artefacts,Bronze brooch,Bronze brooch,Pronssisolki,,False,0.0,0.0,0.0,48.0,27.0,6.0,Jyrkkäkaarinen. Ei selkeää koristelua.,KM 42134_2,"29,81735213","63,24885164",,False,False,False,False,False,False,,,,,,,,
BA,1000036514,Porvoo,Bysmeds,KM,42164.0,,6702078.0,3422275.0,,False,False,False,False,False,False,False,True,False,False,False,Bronze artefacts,Bronze axe,Palstave,Olkakirves,,False,0.0,0.0,0.0,81.0,38.0,25.0,,KM 42164,"25,58591363","60,42217679",,False,True,True,False,False,False,,,,,,,,
BA,1000036527,Porvoo,Prästängen,KM,42166.0,,6698570.0,3420664.0,,False,False,False,False,False,False,False,False,True,False,False,Bronze artefacts,Bronze spearhead,Scandinavian bronze spearhead,"Keihäänkärki, skandinaavinen",,False,100.0,28.0,22.0,0.0,0.0,0.0,,KM 42166,"25,55807226","60,39038854",,False,False,False,True,False,False,,,,,,,,
BA,1000024355,Kemiönsaari,Keskitalo,KM,39711.0,,6687797.0,3271904.0,,False,False,False,False,False,False,False,True,False,False,False,Bronze artefacts,Bronze axe,Flanged axe,Reunakirves,,False,154.0,26.0,24.0,,,,,KM 39711,"22,8778569","60,23748109",,False,True,False,False,False,False,,,,,,,,
BA,886010016,Ulvila,Pirunkynsi I ja II,KM,39764.0,,6827855.0,3230115.0,30,False,False,False,False,False,False,False,False,True,False,False,Bronze artefacts,Bronze bracelet,Simple bronze bracelet,"Rannerengas, yksinkertainen",,True,65.0,75.0,3.0,,,,Hiidenkiuaslöytö. Taivutettu pyöreästä pronssivartaasta. Ei selkeää koristelua.,KM 39764,"21,93124379","61,46417261",,False,False,False,False,True,True,,,,,,,,
BA,1000024359,Kemiönsaari,Gammelby,KM,40195.0,1.0,6680730.0,3267859.0,,False,False,False,False,False,False,False,True,True,False,False,Bronze artefacts,Bronze axe,Socketed axe,Putkikirves,,False,,,,53.0,32.0,22.0,"Kömpelösti valettu, todennäköisesti paikallista tuotantoa.",KM 40195_1,"22,81311916","60,17193618",,False,False,False,False,False,False,,,,,,,,
BA,755010017,Siuntio,Dalamalm,KM,40557.0,1.0,6675449.0,3343367.0,,False,False,False,False,False,False,False,True,False,False,False,Bronze artefacts,Bronze axe,Palstave,Olkakirves,,False,,,,73.0,26.0,25.0,,KM 40557_1,"24,17565236","60,16057754",,False,True,True,False,False,False,,,,,,,,
BA,1000030264,Utajärvi,Ikälä,KM,40989.0,,7186813.0,3472070.0,,False,False,False,False,False,False,False,True,True,False,False,Bronze artefacts,Bronze sword,Bronze sword/dagger,Pronssimiekka/tikari,,False,,,,95.0,28.0,7.0,,KM 40989,"26,40921961","64,77765053",,False,False,False,False,False,False,,,,,,,,
BA,1000028895,Kaarina,Kurpanpelto,KM,41071.0,,6710613.0,3250711.0,,False,False,False,False,False,False,False,True,True,False,False,Bronze artefacts,Bronze axe,Socketed axe,Putkikirves,,False,,,,,70.0,34.0,,KM 41071,"22,46820032","60,42920506",,False,False,False,False,False,False,,,,,,,,
BA,1000034173,Kuhmo,Pajakka,KM,41730.0,,7116752.0,3622219.0,,False,False,False,False,False,False,False,True,True,False,False,Bronze artefacts,Bronze spearhead,Scandinavian bronze spearhead,"Keihäänkärki, skandinaavinen",,False,,,,,,,"Metallinilmaisinlöytö suuren kiven juurelta, noin 40 cm syvyydestä.",KM 41730,"29,50627669","64,12884505",,False,False,False,False,False,False,,,,,,,,
BA,1000005672,Laitila,Suontaka Uotila,SatM,3351.0,1.0,6771296.0,3218345.0,25,False,False,False,False,False,False,False,True,False,False,False,Bronze artefacts,Bronze axe,Palstave,Olkakirves,,False,176.0,41.0,26.0,0.0,0.0,0.0,,SatM 3351_1,"21,7957227","60,95036197",,False,True,True,False,False,False,,,,,,,,
BA,531010035,Nakkila,Rieskaronmäki,SatM,16454.0,1.0,6822255.0,3235817.0,30,False,False,False,False,False,False,False,False,True,False,False,Bronze artefacts,Bronze bracelet,Simple bronze bracelet,"Rannerengas, yksinkertainen",,True,49.0,41.0,3.0,0.0,0.0,0.0,Sopisi vain hyvin pienikokoiseen ranteeeseen.,SatM 16454_1,"22,04575636","61,41803819",,False,False,False,True,True,False,,,,,,,,
BA,531010035,Nakkila,Rieskaronmäki,SatM,16454.0,125.0,6822255.0,3235817.0,30,False,False,False,False,False,False,False,False,True,False,False,Bronze artefacts,Bronze neck ring,Central European bronze neck ring,"Kaularengas, keskieurooppalainen",,True,135.0,130.0,3.0,0.0,0.0,0.0,,SatM 16454_125,"22,04575636","61,41803819",,False,False,False,False,True,False,,,,,,,,
BA,531010035,Nakkila,Rieskaronmäki,SatM,16454.0,126.0,6822255.0,3235817.0,30,False,False,False,False,False,False,False,False,True,False,False,Bronze artefacts,Bronze button,Bronze button,Nappi,,False,53.0,51.0,8.0,0.0,0.0,0.0,"Toisella lappeella kahva, toisella ympyräkoristelua ja pyöreä keskipistekohouma.",SatM 16454_126,"22,04575636","61,41803819",,False,False,False,False,True,False,,,,,,,,
BA,531010015,Nakkila,Kaasanmäki (Soinila),SatM,16545.0,1.0,6811777.0,3233585.0,25,False,False,False,False,False,False,False,True,False,False,False,Bronze artefacts,Bronze axe,Seima bronze axe,Seiman kirves,,True,84.0,49.0,,0.0,0.0,29.0,"Valanta karkeaa, ilmeisesti paikallista tuotantoa.",SatM 16545_1,"22,01906822","61,32284152",,True,False,False,False,False,False,,,,,,,,
BA,531010035,Nakkila,Rieskaronmäki,SatM,17102.0,2.0,6822255.0,3235817.0,30,False,False,False,False,False,False,False,False,True,False,False,Bronze artefacts,Bronze hygiene accessory,Bronze tweezers,Pinsetit,,True,77.0,36.0,13.0,0.0,0.0,0.0,"Koristeltu kuhmuin ja kampakuvioisin reunaviivoin, Yhdessä kuhmussa porattu reikä.",SatM 17102_2,"22,04575636","61,41803819",,False,False,False,False,True,False,,,,,,,,
BA,531010035,Nakkila,Rieskaronmäki,SatM,17102.0,4.0,6822255.0,3235817.0,30,False,False,False,False,False,False,False,False,True,False,False,Bronze artefacts,Bronze hygiene accessory,Bronze comb,Pronssikampa,,True,43.0,46.0,1.0,0.0,0.0,0.0,Piikkien asema ja muoito epäsymmetrisiä. Useimmat valettu yhteen viereisten kanssa jostakin kohdaasta.,SatM 17102_4,"22,04575636","61,41803819",,False,False,False,False,True,False,,,,,,,,
BA,531010035,Nakkila,Rieskaronmäki,SatM,17102.0,7.0,6822255.0,3235817.0,30,False,False,False,False,False,False,False,False,True,False,False,Bronze artefacts,Bronze hygiene accessory,Bronze tweezers,Pinsetit,,False,80.0,38.0,9.0,0.0,0.0,0.0,"Koristeltu kuhmuin,",SatM 17102_7,"22,04575636","61,41803819",,False,False,False,False,True,False,,,,,,,,
BA,531010035,Nakkila,Rieskaronmäki,SatM,17102.0,10.0,6822255.0,3235817.0,30,False,False,False,False,False,False,False,False,True,False,False,Bronze artefacts,Bronze hygiene accessory,Bronze razor,"Partaveitsi, karkeatekoinen",,False,,,,68.0,27.0,1.0,"Esine pyöreän pronssilevyn kappale, joka ilmeisesti sedundaariseti teroitettu partaveitseksi.",SatM 17102_10,"22,04575636","61,41803819",,False,False,False,False,True,False,,,,,,,,
BA,531010037,Nakkila,Uotinperä  II,SatM,17459.0,38.0,6822434.0,3235944.0,30,False,False,False,False,False,False,False,False,True,False,False,Bronze artefacts,Bronze hygiene accessory,Bronze tweezers,Pinsetit,,True,56.0,23.0,7.0,0.0,0.0,0.0,Koristeltu kuhmuin,SatM 17459_38,"22,04787183","61,4197249",,False,False,False,True,False,False,,,,,,,,
BA,531010037,Nakkila,Uotinperä  II,SatM,17459.0,55.0,6822434.0,3235944.0,30,False,False,False,False,False,False,False,False,True,False,False,Bronze artefacts,Bronze knife,Bronze knife,Pronssiveitsi,,False,0.0,0.0,0.0,40.0,14.0,1.0,Esine teroitettu pronssipellin kappale.,SatM 17459_55,"22,04787183","61,4197249",,False,False,False,True,False,False,,,,,,,,
BA,271010015,Kokemäki,Perävainionmäki,SatM,17824.0,17.0,6804468.0,3251730.0,40,False,False,False,False,False,False,False,False,True,False,False,Bronze artefacts,Bronze button,Bronze double button,Kaksoisnappi,,True,18.0,17.0,16.0,0.0,0.0,0.0,,SatM 17824_17,"22,36640732","61,26945177",,False,False,False,True,False,False,,,,,,,,
BA,uusi 7099,Sund,Sundby,SHH,9724.0,,6701054.0,3118007.0,,False,False,False,False,False,False,False,True,False,False,False,Bronze artefacts,Bronze sword,Nordic full-hilted sword,"Umpikahvamiekka, skandinaavinen",,True,430.0,53.0,44.0,0.0,0.0,0.0,"Kopio, Stockholms historiska museumin kokoelmista (osa KM esihistorian 1995 perusnäyttelyä). Terän leveys 39 mm, paksuus 9 mm. Hiidenkiuaslöytö.",SHH 9724,"20,09253977","60,24066187",,False,True,True,False,False,False,,,,,,,,
BA,uusi 7100,Kaarina,Littoisten tehdas,TMM,,,6713158.0,3247308.0,,False,False,False,False,False,False,False,True,False,False,False,Bronze artefacts,Bronze axe,Scandinavian socketed axe,Skandinaavinen putkikirves,,True,115.0,42.0,38.0,0.0,0.0,0.0,"Alun perin Åbo klassiska lyceumin kokoelmassa (No 8). Löydetty ennen 1875, mahdollisesti Littoisetn tehtaan alueelta. Alun perin. Kansallismuseon kokoelmissa kopio numerolla KM 10876. Myös Turun museokeskuksen Varastonäyttelyssä kopio esineestä.",TMM,"22,4033894","60,44985989",,False,False,True,False,False,False,,,,,,,,
BA,uusi 7101,Turku,Pahaniemi,TMM,14075.0,1.0,6714581.0,3236341.0,,False,False,False,False,False,False,False,True,False,False,False,Bronze artefacts,Bronze axe,Palstave,Olkakirves,,False,175.0,38.0,24.0,0.0,0.0,0.0,"Valanta karkeaa, todennäköisesti paikallista tuotantoa. OK 2019. Näyttely",TMM 14075_1,"22,20294714","60,45557642",,False,True,True,False,False,False,,,,,,,,
BA,785010009,Vaala,Nimisjärvi Uusitalo,KM,4080,,7157980.0,3490120.0,123.0,False,False,False,False,False,False,False,True,True,True,False,Clay artefacts,Clay cast,Clay cast,Valinmuotti,1.0,False,,,,36.0,32.0,18.0,,KM 4080,"26,79068267","64,52005716",,,,,,,,,,,,,,,
BA,785010011,Vaala,Nimisjärvi Järventaka,KM,7619,32.0,7158350.0,3490210.0,123.0,False,False,False,False,False,False,False,True,True,True,False,Clay artefacts,Clay cast,Clay cast,Valinmuotti,1.0,False,,,,30.0,27.0,14.0,,KM 7619_32,"26,79253165","64,5233786",,,,,,,,,,,,,,,
BA,785010011,Vaala,Nimisjärvi Järventaka,KM,7619,,7158350.0,3490210.0,123.0,False,False,False,False,False,False,False,True,True,True,False,Clay artefacts,Clay cast,Clay cast,Valinmuotti,,False,,,,,,,Matti Huurre 16.10.1990,KM 7619,"26,79253165","64,5233786",,,,,,,,,,,,,,,
BA,79010001,Harjavalta,Kaunismäki A ja B,KM,11594,79.0,6809580.0,3233211.0,30.0,False,False,False,False,False,False,True,True,True,False,False,Clay artefacts,Clay cast,Clay cast,Valinmuotti,1.0,False,,,,47.0,35.0,21.0,"""Verlorene gussform"", luultavasti fordeerattua kaularengasta varten",KM 11594_79,"22,01523855","61,30294469",,,,,,,,,,,,,,,
BA,79010001,Harjavalta,Kaunismäki A ja B,KM,11594,83.0,6809580.0,3233211.0,30.0,False,False,False,False,False,False,True,True,True,False,False,Clay artefacts,Clay cast,Clay cast,Valinmuotti,1.0,False,,,,,,,"""Verlorene gussform"", luultavasti fordeerattua kaularengasta varten, useita paloja",KM 11594_83,"22,01523855","61,30294469",,,,,,,,,,,,,,,
BA,79010001,Harjavalta,Kaunismäki A ja B,KM,11594,184.0,6809580.0,3233211.0,30.0,False,False,False,False,False,False,True,True,True,False,False,Clay artefacts,Crucible fragment,Crucible fragment,Sulatusupokkaan katkelma,2.0,False,,,,76.0,43.0,22.0,"kuonaantunut, loivat painaumat",KM 11594_184,"22,01523855","61,30294469",,,,,,,,,,,,,,,
BA,79010001,Harjavalta,Kaunismäki A ja B,KM,11594,185.0,6809580.0,3233211.0,30.0,False,False,False,False,False,False,True,True,True,False,False,Clay artefacts,Crucible fragment,Crucible fragment,Sulatusupokkaan katkelma,2.0,False,,,,27.0,22.0,17.0,"kuonaantunut, pala numerosta 184?",KM 11594_185,"22,01523855","61,30294469",,,,,,,,,,,,,,,
BA,167010003,Joensuu,Varaslampi,KM,19471,568.0,6947124.0,3643495.0,80.0,False,False,False,False,False,False,False,True,True,True,False,Clay artefacts,Crucible fragment,Crucible fragment,Sulatusupokkaan katkelma,1.0,False,,,,56.0,45.0,23.0,,KM 19471_568,"29,79102139","62,60081755",,,,,,,,,,,,,,,
BA,167010003,Joensuu,Varaslampi,KM,19471,569.0,6947124.0,3643495.0,80.0,False,False,False,False,False,False,False,True,True,True,False,Clay artefacts,Crucible fragment,Crucible fragment,Sulatusupokkaan katkelma,1.0,False,,,,38.0,30.0,14.0,,KM 19471_569,"29,79102139","62,60081755",,,,,,,,,,,,,,,
BA,167010003,Joensuu,Varaslampi,KM,19471,570.0,6947124.0,3643495.0,80.0,False,False,False,False,False,False,False,True,True,True,False,Clay artefacts,Crucible fragment,Crucible fragment,Sulatusupokkaan katkelma,1.0,False,,,,36.0,27.0,12.0,,KM 19471_570,"29,79102139","62,60081755",,,,,,,,,,,,,,,
BA,167010003,Joensuu,Varaslampi,KM,19471,1050.0,6947124.0,3643495.0,80.0,False,False,False,False,False,False,False,True,True,True,False,Clay artefacts,Crucible fragment,Crucible fragment,Sulatusupokkaan katkelma,1.0,False,,,,62.0,40.0,29.0,,KM 19471_1050,"29,79102139","62,60081755",,,,,,,,,,,,,,,
BA,531010035,Nakkila,Rieskaronmäki,SatM,16454,22.0,6822255.0,3235817.0,30.0,False,False,False,False,False,False,False,True,True,False,False,Clay artefacts,Clay cast,Clay cast,Valinmuotti,2.0,False,,,,51.0,29.0,12.0,0,SatM 16454_22,"22,04575636","61,41803819",,,,,,,,,,,,,,,
BA,531010035,Nakkila,Rieskaronmäki,SatM,16454,55.0,6822255.0,3235817.0,30.0,False,False,False,False,False,False,False,True,True,False,False,Clay artefacts,Clay cast,Clay cast,Valinmuotti,2.0,False,,,,38.0,14.0,11.0,0,SatM 16454_55,"22,04575636","61,41803819",,,,,,,,,,,,,,,
BA,531010035,Nakkila,Rieskaronmäki,SatM,16454,101.0,6822255.0,3235817.0,30.0,False,False,False,False,False,False,False,True,True,False,False,Clay artefacts,Clay cast,Clay cast,Valinmuotti,2.0,False,,,,23.0,17.0,11.0,0,SatM 16454_101,"22,04575636","61,41803819",,,,,,,,,,,,,,,
BA,uusi 8131,Pori,Karhijärvi,SatM,17363,,6838129.0,3262563.0,,False,False,False,False,False,False,False,True,True,False,False,Clay artefacts,Crucible fragment,Crucible fragment,Upokas,0.0,False,85.0,70.0,45.0,,,,0,SatM 17363,"22,52471466","61,57734196",,,,,,,,,,,,,,,
BA,613010040,Porvoo,Böle,BM,"55,1",,6702770.0,3433160.0,10,False,False,False,False,False,False,False,True,True,False,False,Pottery,Coastal Bronze Age pottery,Coastal Bronze Age pottery,pronssikautinen,2.0,,,,,,,,,"BM 55,1","25,78322962","60,43033691",,,,,,,,kivimurska,,True,False,False,,,
BA,297010010,Kuopio,Kuusikkolahdenniemi,KHMESIE,6154,1-21,6982320.0,3541460.0,85,False,False,False,False,False,False,False,False,True,True,False,Pottery,Säräisniemi 2 Ware,Luukonsaari Ware,Luukonsaari,,,,,,,,,,KHMESIE 6154_1-21,"27,81322114","62,94206424",,,,,,,,asbesti,,True,False,True,,,
BA,140010001,Iisalmi,Jysmä,KHMESIE,6294,1-4,7055050.0,3495500.0,100,False,False,False,False,False,False,False,True,True,False,False,Pottery,Sarsa-Tomitsa Ware,Sarsa-Tomitsa Ware,ST,,,,,,,,,karsta (1),KHMESIE 6294_1-4,"26,90589151","63,59685791",,,,,,,,kiille,,False,False,True,,,
BA,140010003,Iisalmi,Haapakangas,KHMESIE,6342,,7050550.0,3500650.0,89,False,False,False,False,False,False,False,False,True,True,False,Pottery,Säräisniemi 2 Ware,Luukonsaari Ware,Luukonsaari,,,,,,,,,,KHMESIE 6342,"27,00963438","63,55651934",,,,,,,,asbesti,,True,False,False,,,
BA,297010001,Kuopio,Luukonsaari,KHMESIE,6343,,6968540.0,3543820.0,85,False,False,False,False,False,False,False,False,True,True,False,Pottery,Säräisniemi 2 Ware,Luukonsaari Ware,Luukonsaari,,,,,,,,,,KHMESIE 6343,"27,85608895","62,81817114",,,,,,,,asbesti,,True,False,False,,,
BA,140010003,Iisalmi,Haapakangas,KHMESIE,6488,,7050550.0,3500650.0,89,False,False,False,False,False,False,False,False,True,True,False,Pottery,Säräisniemi 2 Ware,Luukonsaari Ware,Luukonsaari,,,,,,,,,"teksiilipainanne (2), karsta (4)",KHMESIE 6344,"27,00963438","63,55651934",,,,,,,,asbesti,,False,False,True,,,
BA,686010008,Rautalampi,Vaalijala (Kuutinharju),KHMESIE,8191,1-37,6948063.0,3491685.0,105,False,False,False,False,False,False,False,False,True,True,False,Pottery,Säräisniemi 2 Ware,Luukonsaari Ware,Luukonsaari,,,,,,,,,,KHMESIE 8191_1-37,"26,8345899","62,63695425",,,,,,,,asbesti,,False,False,True,,,
BA,77010001,Hankasalmi,Kotisalo,KM,5427,275-301,6914000.0,3463600.0,90,False,False,False,False,False,False,False,False,True,True,False,Pottery,Säräisniemi 2 Ware,Sirnihta Ware,Sirnihta,1.0,,,,,,,,,KM 5427_275-301,"26,29442107","62,32963666",,,,,,,,asbesti,,True,False,False,,,
BA,Karjala 61,Viipuri,Häyrynmäki,KM,5620,1-2971,6737415.0,3599675.0,,False,False,False,False,False,False,False,True,True,False,False,Pottery,Sarsa-Tomitsa Ware,Sarsa-Tomitsa Ware,ST,2.0,,,,,,,,,KM 5620_1-2971,"28,82397783","60,73443034",,,,,,,,shamotti,,False,True,False,,,
BA,586010039,Salo,Vaarnummi,KM,6129,3,6681195.0,3281538.0,25,False,False,False,False,False,False,False,True,True,False,False,Pottery,Coastal Bronze Age pottery,Paimio Ware,Paimio,2.0,,,,,,,,,KM 6129_3,"23,05845052","60,18364915",,,,,,,,kivimurska,,True,True,False,,,
BA,586010039,Salo,Vaarnummi,KM,6129,3,6681195.0,3281538.0,25,False,False,False,False,False,False,False,True,True,False,False,Pottery,Sarsa-Tomitsa Ware,Sarsa-Tomitsa Ware,ST,3.0,,,,,,,,,KM 6129_3,"23,05845052","60,18364915",,,,,,,,hiekka,,True,True,False,,,
BA,Räisälä 27,Räisälä,Hovi Kalmistomäki,KM,6675,1-73,6760340.0,3650368.0,,False,False,False,False,False,False,False,False,True,True,False,Pottery,Säräisniemi 2 Ware,Luukonsaari Ware,Luukonsaari,1.0,,,,,,,,nähty HY arla (47),KM 6675_1-73,"29,76987667","60,92409035",,,,,,,,asbesti,,False,False,False,,,
BA,Räisälä 27,Räisälä,Hovi Kalmistomäki,KM,6675,1-73,6760340.0,3650368.0,,False,False,False,False,False,False,False,True,True,False,False,Pottery,Sarsa-Tomitsa Ware,Sarsa-Tomitsa Ware,ST,1.0,,,,,,,,"nähty HY arla (34, 68)",KM 6675_1-73,"29,76987667","60,92409035",,,,,,,,,,False,False,False,,,
BA,Kaukola 18,Kaukola,Kyöstälänharju,KM,6679,5-20,6779166.0,3648664.0,,False,False,False,False,False,False,False,True,True,False,False,Pottery,Sarsa-Tomitsa Ware,Sarsa-Tomitsa Ware,ST,1.0,,,,,,,,,KM 6679_5-20,"29,75307669","61,09348824",,,,,,,,kivimurska,,True,False,False,,,
BA,Kaukola 18,Kaukola,Kyöstälänharju,KM,6691,1-6,6779166.0,3648664.0,,False,False,False,False,False,False,False,True,True,False,False,Pottery,Sarsa-Tomitsa Ware,Sarsa-Tomitsa Ware,ST,1.0,,,,,,,,,KM 6691_1-6,"29,75307669","61,09348824",,,,,,,,hiekka,,True,False,False,,,
BA,Kaukola 17,Kaukola,Nököpelto,KM,6907,21-25,6779916.0,3647549.0,,False,False,False,False,False,False,False,True,True,False,False,Pottery,Sarsa-Tomitsa Ware,Sarsa-Tomitsa Ware,ST,1.0,,,,,,,,,KM 6907_21-25,"29,73301265","61,10063032",,,,,,,,hiekka,,True,False,False,,,
BA,Kaukola 18,Kaukola,Kyöstälänharju,KM,6940,34-67,6779166.0,3648664.0,,False,False,False,False,False,False,False,True,True,False,False,Pottery,Sarsa-Tomitsa Ware,Sarsa-Tomitsa Ware,ST,1.0,,,,,,,,,KM 6940_34-67,"29,75307669","61,09348824",,,,,,,,hiekka,orgaaninen,True,False,False,,,
BA,Kaukola 18,Kaukola,Kyöstälänharju,KM,7117,2-6,6779166.0,3648664.0,,False,False,False,False,False,False,False,True,True,False,False,Pottery,Sarsa-Tomitsa Ware,Sarsa-Tomitsa Ware,ST,1.0,,,,,,,,,KM 7117_2-6,"29,75307669","61,09348824",,,,,,,,kivimurska,,True,False,False,,,
BA,Kaukola 18,Kaukola,Kyöstälänharju,KM,7117,23-30,6779166.0,3648664.0,,False,False,False,False,False,False,False,True,True,False,False,Pottery,Sarsa-Tomitsa Ware,Sarsa-Tomitsa Ware,ST,1.0,,,,,,,,,KM 7117_23-30,"29,75307669","61,09348824",,,,,,,,hiekka,,True,False,False,,,
BA,Kaukola 17,Kaukola,Nököpelto,KM,7285,1-26,6779916.0,3647549.0,,False,False,False,False,False,False,False,True,True,False,False,Pottery,Sarsa-Tomitsa Ware,Sarsa-Tomitsa Ware,ST,1.0,,,,,,,,,KM 7285_1-26,"29,73301265","61,10063032",,,,,,,,hiekka,,True,False,False,,,
BA,Kaukola 18,Kaukola,Kyöstälänharju,KM,7357,2-4,6779166.0,3648664.0,,False,False,False,False,False,False,False,True,True,False,False,Pottery,Sarsa-Tomitsa Ware,Sarsa-Tomitsa Ware,ST,1.0,,,,,,,,,KM 7357_2-4,"29,75307669","61,09348824",,,,,,,,kivimurska,,True,False,False,,,
BA,Kaukola 18,Kaukola,Kyöstälänharju,KM,7357,5-9,6779166.0,3648664.0,,False,False,False,False,False,False,False,True,True,False,False,Pottery,Sarsa-Tomitsa Ware,Sarsa-Tomitsa Ware,ST,2.0,,,,,,,,,KM 7357_5-9,"29,75307669","61,09348824",,,,,,,,kivimurska,,True,False,False,,,
BA,Kaukola 17,Kaukola,Nököpelto,KM,7450,43-53,6779916.0,3647549.0,,False,False,False,False,False,False,False,True,True,False,False,Pottery,Sarsa-Tomitsa Ware,Sarsa-Tomitsa Ware,ST,1.0,,,,,,,,,KM 7450_43-53,"29,73301265","61,10063032",,,,,,,,hiekka,,True,False,False,,,
BA,785010008,Vaala,Nimisjärvi Sillankorva,KM,7526,1-16,7157900.0,3490030.0,123,False,False,False,False,False,False,False,False,True,True,False,Pottery,Säräisniemi 2 Ware,Luukonsaari Ware,Luukonsaari,1.0,,,,,,,,,KM 7526_1-16,"26,78881403","64,5193369",,,,,,,,asbesti,,False,True,False,,,
BA,595010001,Pielavesi,Virranniska,KM,7618,1-190,7011000.0,3484020.0,105,False,False,False,False,False,False,False,False,True,True,False,Pottery,Säräisniemi 2 Ware,Sirnihta Ware,Sirnihta,2.0,,,,,,,,,KM 7618_1-190,"26,67905686","63,20134619",,,,,,,,asbesti,,True,False,True,,,
BA,595010001,Pielavesi,Virranniska,KM,7618,1-190,7011000.0,3484020.0,105,False,False,False,False,False,False,False,True,True,False,False,Pottery,Sarsa-Tomitsa Ware,Sarsa-Tomitsa Ware,ST,1.0,,,,,,,,,KM 7618_1-190,"26,67905686","63,20134619",,,,,,,,sarvivälke,kivimurska,False,False,True,,,
BA,785010008,Vaala,Nimisjärvi Sillankorva,KM,7619,18-21,7157900.0,3490030.0,123,False,False,False,False,False,False,False,True,True,False,False,Pottery,Säräisniemi 2 Ware,Anttila Ware,Anttila,1.0,,,,,,,,,KM 7619_18-21,"26,78881403","64,5193369",,,,,,,,talkki,kiille,True,False,False,,,
BA,785010008,Vaala,Nimisjärvi Sillankorva,KM,7619,18-21,7157900.0,3490030.0,123,False,False,False,False,False,False,False,False,True,True,False,Pottery,Säräisniemi 2 Ware,Kjelmöy Ware,Kjelmöy,2.0,,,,,,,,karsta (21),KM 7619_18-21,"26,78881403","64,5193369",,,,,,,,asbesti,,True,False,False,,,
BA,785010008,Vaala,Nimisjärvi Sillankorva,KM,7619,15-17,7157900.0,3490030.0,123,False,False,False,False,False,False,False,True,False,False,False,Pottery,Lovozero Ware,Lovozero Ware,Lovozero,1.0,,,,,,,,,KM 7619_15-17,"26,78881403","64,5193369",,,,,,,,asbesti,,True,False,False,,,
BA,785010008,Vaala,Nimisjärvi Sillankorva,KM,7619,18-21,7157900.0,3490030.0,123,False,False,False,False,False,False,False,False,True,True,False,Pottery,Säräisniemi 2 Ware,Luukonsaari Ware,Luukonsaari,1.0,,,,,,,,,KM 7619_18-21,"26,78881403","64,5193369",,,,,,,,asbesti,,False,True,False,,,
BA,785010008,Vaala,Nimisjärvi Sillankorva,KM,7620,1-145,7157900.0,3490030.0,123,False,False,False,False,False,False,False,True,True,False,False,Pottery,Säräisniemi 2 Ware,Anttila Ware,Anttila,1.0,,,,,,,,,KM 7620_1-145,"26,78881403","64,5193369",,,,,,,,talkki,kiille,False,False,True,,,
BA,785010008,Vaala,Nimisjärvi Sillankorva,KM,7620,1-145,7157900.0,3490030.0,123,False,False,False,False,False,False,False,False,True,True,False,Pottery,Säräisniemi 2 Ware,Kjelmöy Ware,Kjelmöy,1.0,,,,,,,,karsta (55),KM 7620_1-145,"26,78881403","64,5193369",,,,,,,,asbesti,,False,True,False,,,
BA,785010008,Vaala,Nimisjärvi Sillankorva,KM,7620,1-145,7157900.0,3490030.0,123,False,False,False,False,False,False,False,True,False,False,False,Pottery,Lovozero Ware,Lovozero Ware,Lovozero,1.0,,,,,,,,,KM 7620_1-145,"26,78881403","64,5193369",,,,,,,,asbesti,,True,False,False,,,
BA,785010008,Vaala,Nimisjärvi Sillankorva,KM,7620,1-145,7157900.0,3490030.0,123,False,False,False,False,False,False,False,False,True,True,False,Pottery,Säräisniemi 2 Ware,Luukonsaari Ware,Luukonsaari,1.0,,,,,,,,,KM 7620_1-145,"26,78881403","64,5193369",,,,,,,,asbesti,,False,True,False,,,
BA,Kaukola 18,Kaukola,Kyöstälänharju,KM,7650,3-27,6779166.0,3648664.0,,False,False,False,False,False,False,False,True,True,False,False,Pottery,Sarsa-Tomitsa Ware,Sarsa-Tomitsa Ware,ST,1.0,,,,,,,,,KM 7650_3-27,"29,75307669","61,09348824",,,,,,,,kivimurska,,False,True,False,,,
BA,785010007,Vaala,Nimisjärvi Raappana,KM,7683,1,7158060.0,3489560.0,125,False,False,False,False,False,False,False,True,True,False,False,Pottery,Sarsa-Tomitsa Ware,Sarsa-Tomitsa Ware,ST,2.0,,,,,,,,,KM 7683_1,"26,77901523","64,52075769",,,,,,,,talkki,,True,False,False,,,
BA,785010008,Vaala,Nimisjärvi Sillankorva,KM,7683,19-23,7157900.0,3490030.0,123,False,False,False,False,False,False,False,True,True,False,False,Pottery,Säräisniemi 2 Ware,Anttila Ware,Anttila,1.0,,,,,,,,,KM 7683_19-23,"26,78881403","64,5193369",,,,,,,,talkki,,True,False,False,,,
BA,785010008,Vaala,Nimisjärvi Sillankorva,KM,7683,2-13,7157900.0,3490030.0,123,False,False,False,False,False,False,False,True,True,False,False,Pottery,Säräisniemi 2 Ware,Anttila Ware,Anttila,1.0,,,,,,,,,KM 7683_2-13,"26,78881403","64,5193369",,,,,,,,talkki,,False,True,False,,,
BA,785010010,Vaala,Nimisjärvi Niemelänniemi,KM,7683,14-18,7158160.0,3490120.0,123,False,False,False,False,False,False,False,False,True,True,False,Pottery,Säräisniemi 2 Ware,Luukonsaari Ware,Luukonsaari,1.0,,,,,,,,,KM 7683_14-18,"26,7906703","64,5216717",,,,,,,,asbesti,,True,False,False,,,
BA,211010004,Kangasala,Pohtiolampi ja Tiilitehdas,KM,7757,1-61,6819197.0,3346749.0,88,False,False,False,False,False,False,False,True,True,False,False,Pottery,Sarsa-Tomitsa Ware,Sarsa-Tomitsa Ware,ST,1.0,,,,,,,,karsta (47),KM 7757_1-61,"24,12304656","61,45037381",,,,,,,,kivimurska,"kiille, orgaaninen",False,False,True,,,
BA,Kaukola 18,Kaukola,Kyöstälänharju,KM,7815,6-12,6779166.0,3648664.0,,False,False,False,False,False,False,False,True,True,False,False,Pottery,Sarsa-Tomitsa Ware,Sarsa-Tomitsa Ware,ST,1.0,,,,,,,,,KM 7815_6-12,"29,75307669","61,09348824",,,,,,,,hiekka,,False,True,False,,,
BA,211010004,Kangasala,Pohtiolampi ja Tiilitehdas,KM,7964,1-169,6819197.0,3346749.0,88,False,False,False,False,False,False,False,True,True,False,False,Pottery,Sarsa-Tomitsa Ware,Sarsa-Tomitsa Ware,ST,1.0,,,,,,,,,KM 7964_1-169,"24,12304656","61,45037381",,,,,,,,kivimurska,orgaaninen,False,False,True,,,
BA,853010019,Turku,Maaria Kärsämäki,KM,8068,"1-154, 157-167",6716949.0,3241201.0,25,False,False,False,False,False,False,False,True,True,False,False,Pottery,Coastal Bronze Age pottery,Paimio Ware,Paimio,2.0,,,,,,,,,"KM 8068_1-154, 157-167","22,28788502","60,47990205",,,,,,,,kivimurska,,False,False,True,,,
BA,Kaukola 17,Kaukola,Nököpelto,KM,8199,9-19,6779916.0,3647549.0,,False,False,False,False,False,False,False,True,True,False,False,Pottery,Sarsa-Tomitsa Ware,Sarsa-Tomitsa Ware,ST,2.0,,,,,,,,,KM 8199_9-19,"29,73301265","61,10063032",,,,,,,,hiekka,,True,False,False,,,
BA,Kaukola 15,Kaukola,Kankaanmäki,KM,8341,4-18,6778677.0,3648046.0,,False,False,False,False,False,False,False,True,True,False,False,Pottery,Sarsa-Tomitsa Ware,Sarsa-Tomitsa Ware,ST,1.0,,,,,,,,karsta (18),KM 8341_4-18,"29,74125501","61,08933758",,,,,,,,kivimurska,,True,False,False,,,
BA,785010014,Vaala,Nimisjärvi Puhakka,KM,8645,1-26,7159660.0,3488960.0,123,False,False,False,False,False,False,False,True,True,False,False,Pottery,Säräisniemi 2 Ware,Anttila Ware,Anttila,1.0,,,,,,,,,KM 8645_1-26,"26,76639757","64,5350899",,,,,,,,talkki,,True,False,False,,,
BA,577010024,Paimio,Toispuolojannummi,KM,8696,4-6,6716468.0,3263603.0,"40,5",False,False,False,False,False,False,False,True,True,False,False,Pottery,Coastal Bronze Age pottery,Paimio Ware,Paimio,2.0,,,,,,,,,KM 8696_4-6,"22,69466517","60,48935369",,,,,,,,kivimurska,,True,False,False,,,
BA,853010019,Turku,Maaria Kärsämäki,KM,8772,1-36,6716949.0,3241201.0,25,False,False,False,False,False,False,False,True,True,False,False,Pottery,Coastal Bronze Age pottery,Paimio Ware,Paimio,2.0,,,,,,,,,KM 8772_1-36,"22,28788502","60,47990205",,,,,,,,kivimurska,,True,False,False,,,
BA,853010019,Turku,Maaria Kärsämäki,KM,8773,1-916,6716949.0,3241201.0,25,False,False,False,False,False,False,False,False,True,False,False,Pottery,Coastal Bronze Age pottery,Lausitz Ware,maljatyyppi,1.0,,,,,,,,,KM 8773_1-916,"22,28788502","60,47990205",,,,,,,,hiekka,,False,False,True,,,
BA,853010019,Turku,Maaria Kärsämäki,KM,8773,1-916,6716949.0,3241201.0,25,False,False,False,False,False,False,False,True,True,False,False,Pottery,Coastal Bronze Age pottery,Paimio Ware,Paimio,2.0,,,,,,,,"kiillotettu (581), karsta (873)",KM 8773_1-916,"22,28788502","60,47990205",,,,,,,,kivimurska,,False,False,True,,,
BA,49010037,Espoo,Putkars,KM,8822,15,6682379.0,3362988.0,45,False,False,False,False,False,False,False,True,True,False,False,Pottery,Coastal Bronze Age pottery,Paimio Ware,Paimio,2.0,,,,,,,,,KM 8822_15,"24,52397679","60,22977714",,,,,,,,kivimurska,,False,True,False,,,
BA,Kurkijoki 52,Kurkijoki,Kuuppala Kalmistomäki Räkköläinen,KM,8885,1-72,6801173.0,3656025.0,,False,False,False,False,False,False,False,True,True,False,False,Pottery,Sarsa-Tomitsa Ware,Sarsa-Tomitsa Ware,ST,1.0,,,,,,,,,KM 8885_1-72,"29,90747668","61,28788121",,,,,,,,kivimurska,,True,False,False,,,
BA,577010024,Paimio,Toispuolojannummi,KM,8955,1-269,6716468.0,3263603.0,"40,5",False,False,False,False,False,False,False,False,True,False,False,Pottery,Coastal Bronze Age pottery,Lausitz Ware,maljatyyppi,2.0,,,,,,,,258,KM 8955_1-269,"22,69466517","60,48935369",,,,,,,,hiekka,,True,False,False,,,
BA,577010024,Paimio,Toispuolojannummi,KM,8955,1-269,6716468.0,3263603.0,"40,5",False,False,False,False,False,False,False,True,True,False,False,Pottery,Coastal Bronze Age pottery,Paimio Ware,Paimio,1.0,,,,,,,,,KM 8955_1-269,"22,69466517","60,48935369",,,,,,,,kivimurska,,False,False,True,,,
BA,785010014,Vaala,Nimisjärvi Puhakka,KM,9364,1-9,7159660.0,3488960.0,123,False,False,False,False,False,False,False,True,True,False,False,Pottery,Säräisniemi 2 Ware,Anttila Ware,Anttila,1.0,,,,,,,,,KM 9364_1-9,"26,76639757","64,5350899",,,,,,,,talkki,,True,False,False,,,
BA,577010024,Paimio,Toispuolojannummi,KM,9390,1-266,6716468.0,3263603.0,"40,5",False,False,False,False,False,False,False,False,True,False,False,Pottery,Coastal Bronze Age pottery,Lausitz Ware,maljatyyppi,2.0,,,,,,,,tasapohja (52),KM 9390_1-266,"22,69466517","60,48935369",,,,,,,,kivimurska,,False,True,False,,,
BA,577010024,Paimio,Toispuolojannummi,KM,9390,1-266,6716468.0,3263603.0,"40,5",False,False,False,False,False,False,False,True,True,False,False,Pottery,Coastal Bronze Age pottery,Paimio Ware,Paimio,1.0,,,,,,,,tasapohja (26),KM 9390_1-266,"22,69466517","60,48935369",,,,,,,,kivimurska,,False,False,True,,,
BA,577010024,Paimio,Toispuolojannummi,KM,9390,1-266,6716468.0,3263603.0,"40,5",False,False,False,False,False,False,False,True,True,False,False,Pottery,Coastal Bronze Age pottery,Paimio Ware,Paimio,1.0,,,,,,,,,KM 9390_1-266,"22,69466517","60,48935369",,,,,,,,kvartsi- ja maasälpärouhe,,True,False,False,,,
BA,Johannes 17,Johannes,Väntsi,KM,9564,1-20,6714200.0,3598592.0,,False,False,False,False,False,False,False,True,True,False,False,Pottery,Sarsa-Tomitsa Ware,Sarsa-Tomitsa Ware,ST,1.0,,,,,,,,,KM 9564_1-20,"28,79254004","60,52645163",,,,,,,,talkki,,True,False,False,,,
BA,211010006,Kangasala,Sepänjärvi 1,KM,9604,1-95,6819282.0,3346633.0,90,False,False,False,False,False,False,False,True,True,False,False,Pottery,Sarsa-Tomitsa Ware,Sarsa-Tomitsa Ware,ST,1.0,,,,,,,,,KM 9604_1-95,"24,12080425","61,4510897",,,,,,,,hiekka,"kiille, shamotti",False,False,True,,,
BA,577010026,Paimio,Alastalo-Keskitalo,KM,9971,1-2,6716294.0,3263024.0,40,False,False,False,False,False,False,False,True,True,False,False,Pottery,Sarsa-Tomitsa Ware,Sarsa-Tomitsa Ware,ST,2.0,,,,,,,,,KM 9971_1-2,"22,68437007","60,48745653",,,,,,,,kivimurska,,True,False,False,,,
BA,912010022,Sastamala,Haapakallio,KM,10401,1-8,6811222.0,3282245.0,59,False,False,False,False,False,False,False,True,True,False,False,Pottery,Sarsa-Tomitsa Ware,Sarsa-Tomitsa Ware,ST,1.0,,,,,,,,,KM 10401_1-8,"22,92587533","61,34812455",,,,,,,,hiekka,,True,False,False,,,
BA,586010024,Salo,Varemäki,KM,10579,,6687559.0,3292674.0,50,False,False,False,False,False,False,False,True,True,False,False,Pottery,Coastal Bronze Age pottery,Coastal Bronze Age pottery,pronssikautinen,1.0,,,,,,,,,KM 10579_,"23,25219192","60,24645678",,,,,,,,hiekka,,True,False,True,,,
BA,602010030,Kaarina,Rungon Koskenhaka,KM,10605,1-162,6710115.0,3251097.0,,False,False,False,False,False,False,False,True,True,False,False,Pottery,Sarsa-Tomitsa Ware,Sarsa-Tomitsa Ware,ST,2.0,,,,,,,,nähty HY arla (125),KM 10605_1-162,"22,47580736","60,42498732",,,,,,,,,,False,False,False,,,
BA,541010001,Nurmes,Suomalanniemi,KM,10641,1-17,7039868.0,3619989.0,95,False,False,False,False,False,False,False,True,True,False,False,Pottery,Sarsa-Tomitsa Ware,Sarsa-Tomitsa Ware,ST,2.0,,,,,,,,kuonaantunut (7),KM 10641_1-17,"29,40120635","63,44054385",,,,,,,,luu,hiekka,True,False,False,,,
BA,Kurkijoki 52,Kurkijoki,Kuuppala Kalmistomäki Räkköläinen,KM,10670,1-189,6801173.0,3656025.0,,False,False,False,False,False,False,False,True,True,False,False,Pottery,Sarsa-Tomitsa Ware,Sarsa-Tomitsa Ware,ST,2.0,,,,,,,,,KM 10670_1-189,"29,90747668","61,28788121",,,,,,,,kivimurska,,False,True,False,,,
BA,Kurkijoki 52,Kurkijoki,Kuuppala Kalmistomäki Räkköläinen,KM,10872,1-118,6801173.0,3656025.0,,False,False,False,False,False,False,False,True,True,False,False,Pottery,Sarsa-Tomitsa Ware,Sarsa-Tomitsa Ware,ST,1.0,,,,,,,,,KM 10872_1-118,"29,90747668","61,28788121",,,,,,,,hiekka,,True,False,False,,,
BA,165010008,Janakkala,Irjala,KM,11062,1-283,6751902.0,3363256.0,84,False,False,False,False,False,False,False,True,True,False,False,Pottery,Sarsa-Tomitsa Ware,Sarsa-Tomitsa Ware,ST,2.0,,,,,,,,,KM 11062_1-283,"24,48078555","60,8532385",,,,,,,,shamotti,,True,False,False,,,
BA,uusi 3186,Raahe,Alpua,KM,11239,,7148304.0,3414513.0,,False,False,False,False,False,False,False,True,True,False,False,Pottery,Säräisniemi 2 Ware,Anttila Ware,Anttila,1.0,,,,,,,,karsta,KM 11239_,"25,22235685","64,4226592",,,,,,,,talkki,kiille,True,False,False,,,
BA,uusi 3275,Solomanni,Viheriätie,KM,11369,1-89,6882744.0,3884554.0,,False,False,False,False,False,False,False,False,True,True,False,Pottery,Säräisniemi 2 Ware,Luukonsaari Ware,Luukonsaari,1.0,,,,,,,,,KM 11369_1-89,"34,31252573","61,85653152",,,,,,,,asbesti,,True,False,False,,,
BA,uusi 3275,Solomanni,Viheriätie,KM,11369,1-89,6882744.0,3884554.0,,False,False,False,False,False,False,False,True,True,False,False,Pottery,Sarsa-Tomitsa Ware,Sarsa-Tomitsa Ware,ST,1.0,,,,,,,,,KM 11369_1-89,"34,31252573","61,85653152",,,,,,,,hiekka,,False,False,False,,,
BA,79010001,Harjavalta,Kaunismäki A ja B,KM,11506,1-39,6809580.0,3233211.0,30,False,False,False,False,False,False,False,True,True,False,False,Pottery,Coastal Bronze Age pottery,Paimio Ware,Paimio,2.0,,,,,,,,"karsta (17,18)",KM 11506_1-39,"22,01523855","61,30294469",,,,,,,,kivimurska,,False,True,False,,,
BA,220010054,Raasepori,Råckers,KM,11561,,6666558.0,3315134.0,25,False,False,False,False,False,False,False,True,True,False,False,Pottery,Coastal Bronze Age pottery,Paimio Ware,Paimio,3.0,,,,,,,,,KM 11561_,"23,67609023","60,06910701",,,,,,,,kvartsi- ja maasälpärouhe,,True,True,False,,,
BA,79010001,Harjavalta,Kaunismäki A ja B,KM,11594,1-400,6809580.0,3233211.0,30,False,False,False,False,False,False,False,False,True,False,False,Pottery,Coastal Bronze Age pottery,Lausitz Ware,maljatyyppi,1.0,,,,,,,,"reunapala (49,292,298,299,305,319), karsta (298)",KM 11594_1-400,"22,01523855","61,30294469",,,,,,,,hiekka,,False,True,False,,,
BA,1000032998,Mynämäki,Nihattula,KM,11909,1-2,6740644.0,3226546.0,,False,False,False,False,False,False,False,True,True,False,False,Pottery,Coastal Bronze Age pottery,Paimio Ware,Paimio,1.0,,,,,,,,,KM 11909_1-2,"21,98960272","60,68208718",,,,,,,,hiekka,,True,False,False,,,
BA,738010004,Sauvo,Pellonpää 1,KM,12333,4,6694360.0,3261413.0,,False,False,False,False,False,False,False,True,True,False,False,Pottery,Coastal Bronze Age pottery,Coastal Bronze Age pottery,pronssikautinen,2.0,,,,,,,,,KM 12333_4,"22,68127241","60,29020861",,,,,,,,kivimurska,,True,False,True,,,
BA,613010040,Porvoo,Böle,KM,12359,1-160,6702770.0,3433160.0,10,False,False,False,False,False,False,False,False,True,True,False,Pottery,Säräisniemi 2 Ware,Luukonsaari Ware,Luukonsaari,1.0,,,,,,,,,KM 12359_1-160,"25,78322962","60,43033691",,,,,,,,asbesti,,True,False,False,,,
BA,613010040,Porvoo,Böle,KM,12359,1-160,6702770.0,3433160.0,10,False,False,False,False,False,False,False,True,True,False,False,Pottery,Sarsa-Tomitsa Ware,Sarsa-Tomitsa Ware,ST,1.0,,,,,,,,tekstiilipainanne,KM 12359_1-160,"25,78322962","60,43033691",,,,,,,,orgaaninen,,True,False,False,,,
BA,853010019,Turku,Maaria Kärsämäki,KM,12882,1-447,6716949.0,3241201.0,25,False,False,False,False,False,False,False,True,True,False,False,Pottery,Coastal Bronze Age pottery,Paimio Ware,Paimio,2.0,,,,,,,,karsta (382),KM 12882_1-447,"22,28788502","60,47990205",,,,,,,,kivimurska,,False,False,True,,,
BA,439010021,Pälkäne,Saksala Isosaari,KM,12883,1-6,6801135.0,3376445.0,89,False,False,False,False,False,False,False,True,True,False,False,Pottery,Sarsa-Tomitsa Ware,Sarsa-Tomitsa Ware,ST,2.0,,,,,,,,,KM 12883_1-6,"24,69128156","61,29903711",,,,,,,,hiekka,,True,False,False,,,
BA,246010001,Savonlinna,Vehkaranta,KM,13061,1-145,6878610.0,3610748.0,"82,5",False,False,False,False,False,False,False,False,True,True,False,Pottery,Säräisniemi 2 Ware,Sirnihta Ware,Sirnihta,2.0,,,,,,,,,KM 13061_1-145,"29,11043521","61,99774927",,,,,,,,vuolukivi,,False,True,False,,,
BA,18010058,Askola,Taka-Piskulan Ruoksmaa,KM,13067,1-871,6718060.0,3423120.0,30,False,False,False,False,False,False,False,True,True,False,False,Pottery,Sarsa-Tomitsa Ware,Sarsa-Tomitsa Ware,ST,2.0,,,,,,,,,KM 13067_1-871,"25,59505609","60,56573385",,,,,,,,kivimurska,,False,True,False,,,
BA,853010019,Turku,Maaria Kärsämäki,KM,13075,1-2027,6716949.0,3241201.0,25,False,False,False,False,False,False,False,False,True,False,False,Pottery,Coastal Bronze Age pottery,Lausitz Ware,maljatyyppi,3.0,,,,,,,,kokoonliimattu astian osa (1684),KM 13075_1-2027,"22,28788502","60,47990205",,,,,,,,hiekka,,False,True,False,,,
BA,890010010,Utsjoki,Niemelä,KM,13289,1-10,7759456.0,3503182.0,70,False,False,False,False,False,False,False,False,True,True,False,Pottery,Säräisniemi 2 Ware,Kjelmöy Ware,Kjelmöy,1.0,,,,,,,,"karsta (1,2,3,4)",KM 13289_1-10,"27,07847725","69,91340592",,,,,,,,asbesti,,False,True,False,,,
BA,18010058,Askola,Taka-Piskulan Ruoksmaa,KM,13303,1-339,6718060.0,3423120.0,30,False,False,False,False,False,False,False,True,True,False,False,Pottery,Coastal Bronze Age pottery,Paimio Ware,Paimio,2.0,,,,,,,,"karsta (328,332,333,334)",KM 13303_1-339,"25,59505609","60,56573385",,,,,,,,kivimurska,,False,True,False,,,
BA,778010002,Suonenjoki,Pohjoisniemi,KM,13346,,6952520.0,3496660.0,100,False,False,False,False,False,False,False,False,True,True,False,Pottery,Säräisniemi 2 Ware,Luukonsaari Ware,Luukonsaari,1.0,,,,,,,,,KM 13346_,"26,93147351","62,67702401",,,,,,,,asbesti,,True,False,False,,,
BA,439010021,Pälkäne,Saksala Isosaari,KM,13407,1-124,6801135.0,3376445.0,89,False,False,False,False,False,False,False,True,True,False,False,Pottery,Sarsa-Tomitsa Ware,Sarsa-Tomitsa Ware,ST,2.0,,,,,,,,,KM 13407_1-124,"24,69128156","61,29903711",,,,,,,,hiekka,,False,True,False,,,
BA,211010003,Kangasala,Huutijärvi,KM,13433,1-116,6819364.0,3346376.0,95,False,False,False,False,False,False,False,True,True,False,False,Pottery,Sarsa-Tomitsa Ware,Sarsa-Tomitsa Ware,ST,1.0,,,,,,,,sisäpintakoristelua (166),KM 13433_1-116,"24,11592413","61,45172275",,,,,,,,hiekka,"kiille, orgaaninen",False,False,True,,,
BA,494010040,Muhos,Halosentörmä,KM,13606,1-8,7200150.0,3442850.0,"32,5",False,False,False,False,False,False,False,True,True,False,False,Pottery,Sarsa-Tomitsa Ware,Sarsa-Tomitsa Ware,ST,1.0,,,,,,,,,KM 13606_1-8,"25,78968889","64,89353249",,,,,,,,orgaaninen,,False,True,False,,,
BA,601010012,Pihtipudas,Madeneva,KM,13887,98,7031680.0,3427980.0,115,False,False,False,False,False,False,False,True,True,False,False,Pottery,Sarsa-Tomitsa Ware,Sarsa-Tomitsa Ware,ST,1.0,,,,,,,,,KM 13887_98,"25,55646993","63,37993891",,,,,,,,orgaaninen,asbesti,True,False,False,,,
BA,601010012,Pihtipudas,Madeneva,KM,13887,84-91,7031680.0,3427980.0,115,False,False,False,False,False,False,False,True,True,False,False,Pottery,Sarsa-Tomitsa Ware,Sarsa-Tomitsa Ware,ST,2.0,,,,,,,,,KM 13887_84-91,"25,55646993","63,37993891",,,,,,,,asbesti,,True,False,False,,,
BA,164010001,Kurikka,Majamäki/Sikaniemi,KM,13945,1-55,6946508.0,3279623.0,87,False,False,False,False,False,False,False,False,True,True,False,Pottery,Säräisniemi 2 Ware,Kjelmöy Ware,Kjelmöy,2.0,,,,,,,,47,KM 13945_1-55,"22,71011121","62,55730559",,,,,,,,kiille,,True,False,False,,,
BA,691010058,Reisjärvi,Hylkiranta Luotola,KM,14210,1-462,7058395.0,3401535.0,115,False,False,False,False,False,False,False,False,True,True,False,Pottery,Säräisniemi 2 Ware,Luukonsaari Ware,Luukonsaari,1.0,,,,,,,,,KM 14210_1-462,"25,01141639","63,6131358",,,,,,,,talkki,"kiille,asbesti",True,False,False,,,
BA,777010027,Suomussalmi,Kellolaisten Tuli,KM,14246,1-3,7237822.0,3614945.0,199,False,False,False,False,False,False,False,True,False,False,False,Pottery,Lovozero Ware,Lovozero Ware,Lovozero,2.0,,,,,,,,,KM 14246_1-3,"29,45323205","65,21632654",,,,,,,,asbesti,,True,False,False,,,
BA,426010002,Liperi,Juvonen,KM,14254,1-9,6950954.0,3613909.0,80,False,False,False,False,False,False,False,False,True,True,False,Pottery,Säräisniemi 2 Ware,Luukonsaari Ware,Luukonsaari,1.0,,,,,,,,karsta (3),KM 14254_1-9,"29,2180228","62,64544795",,,,,,,,asbesti,,False,True,False,,,
BA,1000001326,Sulkava,Ruunapäänniemi,KM,14309,1-423,6854060.0,3574000.0,80,False,False,False,False,False,False,False,True,True,False,False,Pottery,Sarsa-Tomitsa Ware,Sarsa-Tomitsa Ware,ST,2.0,,,,,,,,reunapala (285),KM 14309_1-423,"28,39930057","61,78646612",,,,,,,,kivimurska,,False,True,False,,,
BA,699010160,Rovaniemi,Vanhamaa,KM,14312,1-63,7378410.0,3443210.0,76,False,False,False,False,False,False,False,True,False,False,False,Pottery,Lovozero Ware,Lovozero Ware,Lovozero,1.0,,,,,,,,,KM 14312_1-63,"25,72070059","66,49191926",,,,,,,,asbesti,,False,True,False,,,
BA,320010069,Kemijärvi,Anttila 1 ja 2,KM,14344,1-212,7365320.0,3512850.0,132,False,False,False,False,False,False,False,True,True,False,False,Pottery,Säräisniemi 2 Ware,Anttila Ware,Anttila,1.0,,,,,,,,karsta (6),KM 14344_1-212,"27,28343884","66,37950842",,,,,,,,talkki,kiille,False,False,True,,,
BA,320010069,Kemijärvi,Anttila 1 ja 2,KM,14344,1-212,7365320.0,3512850.0,132,False,False,False,False,False,False,False,True,False,False,False,Pottery,Lovozero Ware,Lovozero Ware,Lovozero,2.0,,,,,,,,,KM 14344_1-212,"27,28343884","66,37950842",,,,,,,,asbesti,,False,True,False,,,
BA,320010074,Kemijärvi,Juuniemi,KM,14345,1-84,7365260.0,3514770.0,130,False,False,False,False,False,False,False,True,False,False,False,Pottery,Lovozero Ware,Lovozero Ware,Lovozero,1.0,,,,,,,,c14-ajoitus (20),KM 14345_1-84,"27,32635626","66,37888647",,,,,,,,asbesti,,False,False,True,,,
BA,320010059,Kemijärvi,Luusuansaari 1-3,KM,14408,1-88,7376100.0,3516080.0,150,False,False,False,False,False,False,False,True,False,False,False,Pottery,Lovozero Ware,Lovozero Ware,Lovozero,1.0,,,,,,,,karsta (31),KM 14408_1-88,"27,35702588","66,47602819",,,,,,,,asbesti,,False,False,False,,,
BA,777010025,Suomussalmi,Kalmosärkkä,KM,14504,1-536,7237045.0,3614621.0,199,False,False,False,False,False,False,False,True,True,False,False,Pottery,Säräisniemi 2 Ware,Anttila Ware,Anttila,1.0,,,,,,,,pieni kokonainen astia (445),KM 14504_1-536,"29,44567113","65,2094768",,,,,,,,kiille,talkki,False,False,True,,,
BA,777010025,Suomussalmi,Kalmosärkkä,KM,14504,1-536,7237045.0,3614621.0,199,False,False,False,False,False,False,False,True,False,False,False,Pottery,Lovozero Ware,Lovozero Ware,Lovozero,1.0,,,,,,,,jotain outoa (214),KM 14504_1-536,"29,44567113","65,2094768",,,,,,,,asbesti,,False,False,True,,,
BA,777010025,Suomussalmi,Kalmosärkkä,KM,14504,1-536,7237045.0,3614621.0,199,False,False,False,False,False,False,False,False,True,True,False,Pottery,Säräisniemi 2 Ware,Luukonsaari Ware,Luukonsaari,1.0,,,,,,,,pohjapala (518),KM 14504_1-536,"29,44567113","65,2094768",,,,,,,,asbesti,,False,True,False,,,
BA,777010025,Suomussalmi,Kalmosärkkä,KM,14504,1-536,7237045.0,3614621.0,199,False,False,False,False,False,False,False,True,True,False,False,Pottery,Sarsa-Tomitsa Ware,Sarsa-Tomitsa Ware,ST,1.0,,,,,,,,"karsta (286=Hela-142, 308)",KM 14504_1-536,"29,44567113","65,2094768",,,,,,,,kivimurska,"asbesti, orgaaninen",False,False,True,,,
BA,777010027,Suomussalmi,Kellolaisten Tuli,KM,14505,1-59,7237822.0,3614945.0,199,False,False,False,False,False,False,False,True,True,False,False,Pottery,Sarsa-Tomitsa Ware,Sarsa-Tomitsa Ware,ST,1.0,,,,,,,,,KM 14505_1-59,"29,45323205","65,21632654",,,,,,,,kivimurska,,False,True,False,,,
BA,777010026,Suomussalmi,Nuolisärkkä,KM,14506,1-3,7236095.0,3613658.0,199,False,False,False,False,False,False,False,False,True,True,False,Pottery,Säräisniemi 2 Ware,Luukonsaari Ware,Luukonsaari,1.0,,,,,,,,,KM 14506_1-3,"29,4243359","65,20129711",,,,,,,,asbesti,,True,False,False,,,
BA,426010002,Liperi,Juvonen,KM,14554,1-42,6950954.0,3613909.0,80,False,False,False,False,False,False,False,False,True,True,False,Pottery,Säräisniemi 2 Ware,Luukonsaari Ware,Luukonsaari,1.0,,,,,,,,karsta (30),KM 14554_1-42,"29,2180228","62,64544795",,,,,,,,asbesti,,False,False,True,,,
BA,426010002,Liperi,Juvonen,KM,14554,1-42,6950954.0,3613909.0,80,False,False,False,False,False,False,False,True,True,False,False,Pottery,Sarsa-Tomitsa Ware,Sarsa-Tomitsa Ware,ST,2.0,,,,,,,,,KM 14554_1-42,"29,2180228","62,64544795",,,,,,,,hiekka,,True,False,False,,,
BA,586010054,Salo,Tilkkala,KM,14588,1-7,6683437.0,3293228.0,35,False,False,False,False,False,False,False,True,True,False,False,Pottery,Coastal Bronze Age pottery,Coastal Bronze Age pottery,pronssikautinen,1.0,,,,,,,,Hiidenkiuaslöytö,KM 14588_1-7,"23,26638055","60,20982088",,,,,,,,kvartsi- ja maasälpärouhe,,True,False,False,,,
BA,422010023,Lieksa,Viensuunniemi,KM,14690,1-1,7025200.0,3638599.0,95,False,False,False,False,False,False,False,False,True,True,False,Pottery,Säräisniemi 2 Ware,Luukonsaari Ware,Luukonsaari,2.0,,,,,,,,karsta,KM 14690_1-1,"29,76101887","63,30236697",,,,,,,,asbesti,kiille,True,False,False,,,
BA,777010025,Suomussalmi,Kalmosärkkä,KM,14829,1-500,7237045.0,3614621.0,199,False,False,False,False,False,False,False,True,True,False,False,Pottery,Säräisniemi 2 Ware,Anttila Ware,Anttila,2.0,,,,,,,,tasapohja (291),KM 14829_1-500,"29,44567113","65,2094768",,,,,,,,talkki,,False,True,False,,,
BA,777010025,Suomussalmi,Kalmosärkkä,KM,14829,1-500,7237045.0,3614621.0,199,False,False,False,False,False,False,False,True,False,False,False,Pottery,Lovozero Ware,Lovozero Ware,Lovozero,2.0,,,,,,,,karsta (319),KM 14829_1-500,"29,44567113","65,2094768",,,,,,,,asbesti,,True,False,False,,,
BA,777010025,Suomussalmi,Kalmosärkkä,KM,14829,1-500,7237045.0,3614621.0,199,False,False,False,False,False,False,False,True,True,False,False,Pottery,Sarsa-Tomitsa Ware,Sarsa-Tomitsa Ware,ST,1.0,,,,,,,,,KM 14829_1-500,"29,44567113","65,2094768",,,,,,,,talkki,,False,True,False,,,
BA,777010025,Suomussalmi,Kalmosärkkä,KM,14830,1-1717,7237045.0,3614621.0,199,False,False,False,False,False,False,False,True,True,False,False,Pottery,Säräisniemi 2 Ware,Anttila Ware,Anttila,1.0,,,,,,,,"tasapohja (46), karsta (480)",KM 14830_1-1717,"29,44567113","65,2094768",,,,,,,,talkki,,False,False,True,,,
BA,777010025,Suomussalmi,Kalmosärkkä,KM,14830,1-1717,7237045.0,3614621.0,199,False,False,False,False,False,False,False,False,True,True,False,Pottery,Säräisniemi 2 Ware,Kjelmöy Ware,Kjelmöy,2.0,,,,,,,,karsta (876),KM 14830_1-1717,"29,44567113","65,2094768",,,,,,,,asbesti,,False,False,True,,,
BA,777010025,Suomussalmi,Kalmosärkkä,KM,14830,1-1717,7237045.0,3614621.0,199,False,False,False,False,False,False,False,True,False,False,False,Pottery,Lovozero Ware,Lovozero Ware,Lovozero,2.0,,,,,,,,"karsta (746,798)",KM 14830_1-1717,"29,44567113","65,2094768",,,,,,,,asbesti,,False,True,False,,,
BA,777010025,Suomussalmi,Kalmosärkkä,KM,14830,1-1717,7237045.0,3614621.0,199,False,False,False,False,False,False,False,False,True,True,False,Pottery,Säräisniemi 2 Ware,Luukonsaari Ware,Luukonsaari,1.0,,,,,,,,,KM 14830_1-1717,"29,44567113","65,2094768",,,,,,,,asbesti,,False,True,False,,,
BA,777010025,Suomussalmi,Kalmosärkkä,KM,14830,1-1717,7237045.0,3614621.0,199,False,False,False,False,False,False,False,False,True,True,False,Pottery,Säräisniemi 2 Ware,Sirnihta Ware,Sirnihta,2.0,,,,,,,,karsta (311),KM 14830_1-1717,"29,44567113","65,2094768",,,,,,,,asbesti,,True,False,False,,,
BA,777010025,Suomussalmi,Kalmosärkkä,KM,14830,1-1717,7237045.0,3614621.0,199,False,False,False,False,False,False,False,True,True,False,False,Pottery,Sarsa-Tomitsa Ware,Sarsa-Tomitsa Ware,ST,2.0,,,,,,,,"nuorakoristelua (18), karsta (265,301,346,1115)",KM 14830_1-1717,"29,44567113","65,2094768",,,,,,,,kivimurska,"talkki, orgaaninen",False,False,True,,,
BA,777010027,Suomussalmi,Kellolaisten Tuli,KM,14831,1-2055,7237822.0,3614945.0,199,False,False,False,False,False,False,False,True,True,False,False,Pottery,Säräisniemi 2 Ware,Anttila Ware,Anttila,1.0,,,,,,,,"karsta (105,1341,1353)",KM 14831_1-2055,"29,45323205","65,21632654",,,,,,,,talkki,kiille,False,False,True,,,
BA,777010027,Suomussalmi,Kellolaisten Tuli,KM,14831,1-2055,7237822.0,3614945.0,199,False,False,False,False,False,False,False,False,True,True,False,Pottery,Säräisniemi 2 Ware,Kjelmöy Ware,Kjelmöy,1.0,,,,,,,,"karsta (1555,1579), plastinen koristelu (1555), pyöreä pohja (1579)",KM 14831_1-2055,"29,45323205","65,21632654",,,,,,,,kiille,,False,False,True,,,
BA,777010027,Suomussalmi,Kellolaisten Tuli,KM,14831,1-2055,7237822.0,3614945.0,199,False,False,False,False,False,False,False,True,False,False,False,Pottery,Lovozero Ware,Lovozero Ware,Lovozero,2.0,,,,,,,,,KM 14831_1-2055,"29,45323205","65,21632654",,,,,,,,asbesti,,False,False,True,,,
BA,777010027,Suomussalmi,Kellolaisten Tuli,KM,14831,1-2055,7237822.0,3614945.0,199,False,False,False,False,False,False,False,True,True,False,False,Pottery,Sarsa-Tomitsa Ware,Sarsa-Tomitsa Ware,ST,1.0,,,,,,,,"karsta (542,960,1066,1182,1204,1207,1210,1350), plastinen koristelu (1475)",KM 14831_1-2055,"29,45323205","65,21632654",,,,,,,,asbesti,"hiekka, talkki, orgaaninen",False,False,True,,,
BA,777010026,Suomussalmi,Nuolisärkkä,KM,14832,1-9,7236095.0,3613658.0,199,False,False,False,False,False,False,False,False,True,True,False,Pottery,Säräisniemi 2 Ware,Luukonsaari Ware,Luukonsaari,2.0,,,,,,,,,KM 14832_1-9,"29,4243359","65,20129711",,,,,,,,asbesti,,True,False,True,,,
BA,777010044,Suomussalmi,Sotasaari,KM,14841,1-54,7181736.0,3622434.0,189,False,False,False,False,False,False,False,True,True,False,False,Pottery,Säräisniemi 2 Ware,Anttila Ware,Anttila,2.0,,,,,,,,"tasapohja (16), karsta (31)",KM 14841_1-54,"29,56452861","64,71109684",,,,,,,,talkki,,True,False,False,,,
BA,777010044,Suomussalmi,Sotasaari,KM,14841,1-54,7181736.0,3622434.0,189,False,False,False,False,False,False,False,False,True,True,False,Pottery,Säräisniemi 2 Ware,Kjelmöy Ware,Kjelmöy,3.0,,,,,,,,"tekstiilipainannetta ?(7), erikoinen koristelu, karsta (24,25,28,34), tasapohja (24). Onko kuitenkin Luukonsaari?",KM 14841_1-54,"29,56452861","64,71109684",,,,,,,,asbesti,,True,False,False,,,
BA,777010044,Suomussalmi,Sotasaari,KM,14841,1-54,7181736.0,3622434.0,189,False,False,False,False,False,False,False,True,True,False,False,Pottery,Sarsa-Tomitsa Ware,Sarsa-Tomitsa Ware,ST,3.0,,,,,,,,,KM 14841_1-54,"29,56452861","64,71109684",,,,,,,,hiekka,,True,False,False,,,
BA,x620,Kemijärvi,Luusua Mattila Sotaniemi IIIa,KM,15042,1-336,7369662.0,3515092.0,,False,False,False,False,False,False,False,True,False,False,False,Pottery,Lovozero Ware,Lovozero Ware,Lovozero,1.0,,,,,,,,karsta (196),KM 15042_1-336,"27,33408043","66,41834563",,,,,,,,asbesti,,True,False,False,,,
BA,777010027,Suomussalmi,Kellolaisten Tuli,KM,15052,1-37,7237822.0,3614945.0,199,False,False,False,False,False,False,False,True,True,False,False,Pottery,Säräisniemi 2 Ware,Anttila Ware,Anttila,2.0,,,,,,,,,KM 15052_1-37,"29,45323205","65,21632654",,,,,,,,kiille,,True,False,False,,,
BA,777010027,Suomussalmi,Kellolaisten Tuli,KM,15052,1-37,7237822.0,3614945.0,199,False,False,False,False,False,False,False,True,False,False,False,Pottery,Lovozero Ware,Lovozero Ware,Lovozero,2.0,,,,,,,,,KM 15052_1-37,"29,45323205","65,21632654",,,,,,,,asbesti,,True,False,False,,,
BA,777010027,Suomussalmi,Kellolaisten Tuli,KM,15052,1-37,7237822.0,3614945.0,199,False,False,False,False,False,False,False,True,True,False,False,Pottery,Sarsa-Tomitsa Ware,Sarsa-Tomitsa Ware,ST,2.0,,,,,,,,,KM 15052_1-37,"29,45323205","65,21632654",,,,,,,,kivimurska,,True,False,False,,,
BA,777010048,Suomussalmi,Salmenniemi,KM,15053,1-12,7237497.0,3615481.0,199,False,False,False,False,False,False,False,True,True,False,False,Pottery,Säräisniemi 2 Ware,Anttila Ware,Anttila,2.0,,,,,,,,,KM 15053_1-12,"29,46440486","65,2132271",,,,,,,,talkki,,True,False,False,,,
BA,105010016,Hyrynsalmi,Koppeloniemi,KM,15082,1-16,7179060.0,3571340.0,160,False,False,False,False,False,False,False,True,True,False,False,Pottery,Säräisniemi 2 Ware,Anttila Ware,Anttila,1.0,,,,,,,,,KM 15082_1-16,"28,49207869","64,70177315",,,,,,,,talkki,kiille,False,True,False,,,
BA,x621,Kemijärvi,Luusua Haveri,KM,15191,1-1091,7370439.0,3515203.0,,False,False,False,False,False,False,False,False,True,True,False,Pottery,Säräisniemi 2 Ware,Kjelmöy Ware,Kjelmöy,3.0,,,,,,,,"karsta (205, 363)",KM 15191_1-1091,"27,33665949","66,42530792",,,,,,,,asbesti,,False,False,True,,,
BA,x621,Kemijärvi,Luusua Haveri,KM,15191,1-1091,7370439.0,3515203.0,,False,False,False,False,False,False,False,True,False,False,False,Pottery,Lovozero Ware,Lovozero Ware,Lovozero,3.0,,,,,,,,,KM 15191_1-1091,"27,33665949","66,42530792",,,,,,,,asbesti,,True,False,True,,,
BA,105010019,Hyrynsalmi,Vonkka 1,KM,15392,1-50,7177640.0,3571380.0,156,False,False,False,False,False,False,False,True,True,False,False,Pottery,Säräisniemi 2 Ware,Anttila Ware,Anttila,1.0,,,,,,,,,KM 15392_1-50,"28,49221623","64,68903226",,,,,,,,talkki,,False,True,False,,,
BA,105010018,Hyrynsalmi,Vonkka 2,KM,15393,1-2527,7177900.0,3571460.0,156,False,False,False,False,False,False,False,True,True,False,False,Pottery,Säräisniemi 2 Ware,Anttila Ware,Anttila,1.0,,,,,,,,,KM 15393_1-2527,"28,49402038","64,69134666",,,,,,,,talkki,,False,False,True,,,
BA,16010015,Asikkala,Kotasaari,KM,15466,1-347,6798508.0,3425598.0,"82,5",False,False,False,False,False,False,False,False,True,True,False,Pottery,Säräisniemi 2 Ware,Luukonsaari Ware,Luukonsaari,1.0,,,,,,,,,KM 15466_1-347,"25,60909942","61,28796525",,,,,,,,asbesti,,False,False,True,,,
BA,16010015,Asikkala,Kotasaari,KM,15466,1-347,6798508.0,3425598.0,"82,5",False,False,False,False,False,False,False,True,True,False,False,Pottery,Sarsa-Tomitsa Ware,Sarsa-Tomitsa Ware,ST,1.0,,,,,,,,,KM 15466_1-347,"25,60909942","61,28796525",,,,,,,,kivimurska,,False,False,True,,,
BA,700010012,Ruokolahti,Alatalo,KM,15476,,6803320.0,3577430.0,78,False,False,False,False,False,False,False,False,True,True,False,Pottery,Säräisniemi 2 Ware,Sirnihta Ware,Sirnihta,1.0,,,,,,,,,KM 15476_,"28,44299656","61,33061724",,,,,,,,asbesti,,True,False,False,,,
BA,320010038,Kemijärvi,Jatulinsaari,KM,15492,1-745,7383880.0,3537180.0,151,False,False,False,False,False,False,False,True,False,False,False,Pottery,Lovozero Ware,Lovozero Ware,Lovozero,1.0,,,,,,,,koivuterva (16 AMS-ajoitettu),KM 15492_1-745,"27,83286315","66,54398977",,,,,,,,asbesti,,False,False,True,,,
BA,297010001,Kuopio,Luukonsaari,KM,15517,1-4,6968540.0,3543820.0,85,False,False,False,False,False,False,False,False,True,True,False,Pottery,Säräisniemi 2 Ware,Luukonsaari Ware,Luukonsaari,1.0,,,,,,,,,KM 15517_1-4,"27,85608895","62,81817114",,,,,,,,asbesti,,False,False,True,,,
BA,49010072,Espoo,Bolarskog 1,KM,15583,1-7,6676008.0,3372700.0,14,False,False,False,False,False,False,False,False,True,True,False,Pottery,Säräisniemi 2 Ware,Luukonsaari Ware,Luukonsaari,3.0,,,,,,,,,KM 15583_1-7,"24,70309921","60,17579485",,,,,,,,asbesti,,True,False,False,,,
BA,912010022,Sastamala,Haapakallio,KM,15661,1-187,6811222.0,3282245.0,59,False,False,False,False,False,False,False,True,True,False,False,Pottery,Coastal Bronze Age pottery,Coastal Bronze Age pottery,pronssikautinen,2.0,,,,,,,,"karsta (84,132)",KM 15661_1-187,"22,92587533","61,34812455",,,,,,,,kivimurska,,False,False,False,,,
BA,320010133,Kemijärvi,Hietalahti 3,KM,15667,1-373,7380680.0,3513980.0,"148,5",False,False,False,False,False,False,False,True,False,False,False,Pottery,Lovozero Ware,Lovozero Ware,Lovozero,2.0,,,,,,,,karsta (204),KM 15667_1-373,"27,31040626","66,51719879",,,,,,,,asbesti,,False,True,False,,,
BA,320010133,Kemijärvi,Hietalahti 3,KM,15667,1-373,7380680.0,3513980.0,"148,5",False,False,False,False,False,False,False,True,True,False,False,Pottery,Sarsa-Tomitsa Ware,Sarsa-Tomitsa Ware,ST,2.0,,,,,,,,,KM 15667_1-373,"27,31040626","66,51719879",,,,,,,,kivimurska,,False,True,False,,,
BA,320010103,Kemijärvi,Neitilä 3,KM,15670,1-32,7374030.0,3516850.0,146,False,False,False,False,False,False,False,True,False,False,False,Pottery,Lovozero Ware,Lovozero Ware,Lovozero,2.0,,,,,,,,,KM 15670_1-32,"27,37402885","66,45742558",,,,,,,,asbesti,,True,False,False,,,
BA,320010104,Kemijärvi,Neitilä 4,KM,15671,1-1320,7373790.0,3516815.0,146,False,False,False,False,False,False,False,True,True,False,False,Pottery,Säräisniemi 2 Ware,Anttila Ware,Anttila,1.0,,,,,,,,,KM 15671_1-1320,"27,37321181","66,45527531",,,,,,,,talkki,kiille,False,True,False,,,
BA,320010104,Kemijärvi,Neitilä 4,KM,15671,1-1320,7373790.0,3516815.0,146,False,False,False,False,False,False,False,False,True,True,False,Pottery,Säräisniemi 2 Ware,Kjelmöy Ware,Kjelmöy,2.0,,,,,,,,"karsta (225,262,295,450)",KM 15671_1-1320,"27,37321181","66,45527531",,,,,,,,asbesti,,False,False,True,,,
BA,263010002,Kiuruvesi,Tuliniemi,KM,15743,1-147,7081840.0,3472140.0,125,False,False,False,False,False,False,False,False,True,True,False,Pottery,Säräisniemi 2 Ware,Luukonsaari Ware,Luukonsaari,1.0,,,,,,,,"karsta (62,134)",KM 15743_1-147,"26,43046545","63,83609312",,,,,,,,asbesti,,False,True,False,,,
BA,16010015,Asikkala,Kotasaari,KM,15789,1-149,6798508.0,3425598.0,"82,5",False,False,False,False,False,False,False,False,True,True,False,Pottery,Säräisniemi 2 Ware,Luukonsaari Ware,Luukonsaari,1.0,,,,,,,,,KM 15789_1-149,"25,60909942","61,28796525",,,,,,,,asbesti,,True,False,False,,,
BA,16010015,Asikkala,Kotasaari,KM,15789,1-149,6798508.0,3425598.0,"82,5",False,False,False,False,False,False,False,True,True,False,False,Pottery,Sarsa-Tomitsa Ware,Sarsa-Tomitsa Ware,ST,1.0,,,,,,,,,KM 15789_1-149,"25,60909942","61,28796525",,,,,,,,kivimurska,,False,False,True,,,
BA,263010002,Kiuruvesi,Tuliniemi,KM,15829,1-3,7081840.0,3472140.0,125,False,False,False,False,False,False,False,False,True,True,False,Pottery,Säräisniemi 2 Ware,Luukonsaari Ware,Luukonsaari,3.0,,,,,,,,,KM 15829_1-3,"26,43046545","63,83609312",,,,,,,,asbesti,,True,False,False,,,
BA,263010002,Kiuruvesi,Tuliniemi,KM,15829,1-3,7081840.0,3472140.0,125,False,False,False,False,False,False,False,True,True,False,False,Pottery,Sarsa-Tomitsa Ware,Sarsa-Tomitsa Ware,ST,3.0,,,,,,,,,KM 15829_1-3,"26,43046545","63,83609312",,,,,,,,asbesti,,True,False,False,,,
BA,501010009,Salo,Järvenpää,KM,15916,1-4,6701095.0,3294375.0,30,False,False,False,False,False,False,False,True,True,False,False,Pottery,Sarsa-Tomitsa Ware,Sarsa-Tomitsa Ware,ST,2.0,,,,,,,,,KM 15916_1-4,"23,26902266","60,3685518",,,,,,,,kivimurska,,False,True,False,,,
BA,426010002,Liperi,Juvonen,KM,16131,1-23,6950954.0,3613909.0,80,False,False,False,False,False,False,False,False,True,True,False,Pottery,Säräisniemi 2 Ware,Luukonsaari Ware,Luukonsaari,1.0,,,,,,,,"kuonaantunutta keramiikkaa (9,18)",KM 16131_1-23,"29,2180228","62,64544795",,,,,,,,asbesti,,False,True,False,,,
BA,320010104,Kemijärvi,Neitilä 4,KM,16145,1-2166,7373790.0,3516815.0,146,False,False,False,False,False,False,False,True,True,False,False,Pottery,Säräisniemi 2 Ware,Anttila Ware,Anttila,1.0,,,,,,,,"karsta (181,198,252,428,573,910)",KM 16145_1-2166,"27,37321181","66,45527531",,,,,,,,talkki,,False,False,True,,,
BA,320010104,Kemijärvi,Neitilä 4,KM,16145,1-2166,7373790.0,3516815.0,146,False,False,False,False,False,False,False,True,False,False,False,Pottery,Lovozero Ware,Lovozero Ware,Lovozero,1.0,,,,,,,,"karsta (17,83,608,2122)",KM 16145_1-2166,"27,37321181","66,45527531",,,,,,,,asbesti,,False,False,True,,,
BA,601010010,Pihtipudas,Majakaarre 1/Kumpulainen,KM,16345,1-39,7031005.0,3426500.0,115,False,False,False,False,False,False,False,False,True,True,False,Pottery,Säräisniemi 2 Ware,Luukonsaari Ware,Luukonsaari,3.0,,,,,,,,sileäpintaisia paloja,KM 16345_1-39,"25,52719766","63,37358322",,,,,,,,asbesti,,True,False,False,,,
BA,439010015,Pälkäne,Hietaniemi Hietasenkärki,KM,16356,1-602,6807511.0,3380605.0,90,False,False,False,False,False,False,False,False,True,True,False,Pottery,Säräisniemi 2 Ware,Sirnihta Ware,Sirnihta,3.0,,,,,,,,,KM 16356_1-602,"24,76476528","61,35750807",,,,,,,,asbesti,,False,True,False,,,
BA,439010015,Pälkäne,Hietaniemi Hietasenkärki,KM,16356,1-602,6807511.0,3380605.0,90,False,False,False,False,False,False,False,True,True,False,False,Pottery,Sarsa-Tomitsa Ware,Sarsa-Tomitsa Ware,ST,1.0,,,,,,,,karsta (36),KM 16356_1-602,"24,76476528","61,35750807",,,,,,,,hiekka,shamotti,False,False,True,,,
BA,277010010,Jyväskylä,Hiirola,KM,16366,1-10,6866462.0,3428550.0,85,False,False,False,False,False,False,False,True,True,False,False,Pottery,Sarsa-Tomitsa Ware,Sarsa-Tomitsa Ware,ST,3.0,,,,,,,,,KM 16366_1-10,"25,63763063","61,89813475",,,,,,,,kivimurska,,True,False,False,,,
BA,601010012,Pihtipudas,Madeneva,KM,16422,1-193,7031680.0,3427980.0,115,False,False,False,False,False,False,False,False,True,True,False,Pottery,Säräisniemi 2 Ware,Luukonsaari Ware,Luukonsaari,1.0,,,,,,,,,KM 16422_1-193,"25,55646993","63,37993891",,,,,,,,asbesti,,True,False,False,,,
BA,601010012,Pihtipudas,Madeneva,KM,16422,1-193,7031680.0,3427980.0,115,False,False,False,False,False,False,False,True,True,False,False,Pottery,Sarsa-Tomitsa Ware,Sarsa-Tomitsa Ware,ST,3.0,,,,,,,,"poikkeuksellista keramiikkaa, kapea reuna, koristeeton, reikiä, kuoppia sisäpinnalla (185,186)",KM 16422_1-193,"25,55646993","63,37993891",,,,,,,,kivimurska,,False,False,True,,,
BA,320010101,Kemijärvi,Neitilä 1 a/b,KM,16489,1-199,7374230.0,3516830.0,"145,5",False,False,False,False,False,False,False,True,False,False,False,Pottery,Lovozero Ware,Lovozero Ware,Lovozero,2.0,,,,,,,,,KM 16489_1-199,"27,37360713","66,45922011",,,,,,,,asbesti,,False,False,True,,,
BA,1000016017,Kemijärvi,Neitilä 6,KM,16491,1-320,7373605.0,3516795.0,146,False,False,False,False,False,False,False,True,True,False,False,Pottery,Säräisniemi 2 Ware,Anttila Ware,Anttila,1.0,,,,,,,,,KM 16491_1-320,"27,3727386","66,45361744",,,,,,,,talkki,,False,True,False,,,
BA,1000016017,Kemijärvi,Neitilä 6,KM,16491,1-320,7373605.0,3516795.0,146,False,False,False,False,False,False,False,False,True,True,False,Pottery,Säräisniemi 2 Ware,Kjelmöy Ware,Kjelmöy,2.0,,,,,,,,karsta (30),KM 16491_1-320,"27,3727386","66,45361744",,,,,,,,asbesti,,False,True,False,,,
BA,1000016017,Kemijärvi,Neitilä 6,KM,16491,1-320,7373605.0,3516795.0,146,False,False,False,False,False,False,False,True,False,False,False,Pottery,Lovozero Ware,Lovozero Ware,Lovozero,2.0,,,,,,,,,KM 16491_1-320,"27,3727386","66,45361744",,,,,,,,asbesti,,False,False,True,,,
BA,297010001,Kuopio,Luukonsaari,KM,16492,1-22,6968540.0,3543820.0,85,False,False,False,False,False,False,False,False,True,True,False,Pottery,Säräisniemi 2 Ware,Luukonsaari Ware,Luukonsaari,1.0,,,,,,,,karsta (19),KM 16492_1-22,"27,85608895","62,81817114",,,,,,,,asbesti,,False,False,True,,,
BA,320010104,Kemijärvi,Neitilä 4,KM,16553,1-1836,7373790.0,3516815.0,146,False,False,False,False,False,False,False,True,True,False,False,Pottery,Säräisniemi 2 Ware,Anttila Ware,Anttila,1.0,,,,,,,,karsta (246),KM 16553_1-1836,"27,37321181","66,45527531",,,,,,,,talkki,,False,False,True,,,
BA,320010104,Kemijärvi,Neitilä 4,KM,16553,1-1836,7373790.0,3516815.0,146,False,False,False,False,False,False,False,False,True,True,False,Pottery,Säräisniemi 2 Ware,Kjelmöy Ware,Kjelmöy,1.0,,,,,,,,"karsta (15,41,115,125 AMS,180 AMS,286,292 AMS,294,602 AMS?,627,1287 AMS,1370)",KM 16553_1-1836,"27,37321181","66,45527531",,,,,,,,asbesti,,False,False,True,,,
BA,320010104,Kemijärvi,Neitilä 4,KM,16553,1-1836,7373790.0,3516815.0,146,False,False,False,False,False,False,False,True,False,False,False,Pottery,Lovozero Ware,Lovozero Ware,Lovozero,1.0,,,,,,,,"karsta (250,1248 AMS,1332 AMS,1450,1470,1528)",KM 16553_1-1836,"27,37321181","66,45527531",,,,,,,,asbesti,,False,False,True,,,
BA,972010009,Oulu,Kierikkisaari,KM,16554,1-939,7251740.0,3451170.0,55,False,False,False,False,False,False,False,True,True,False,False,Pottery,Säräisniemi 2 Ware,Anttila Ware,Anttila,1.0,,,,,,,,,KM 16554_1-939,"25,94716122","65,35749218",,,,,,,,talkki,,True,False,False,,,
BA,439010015,Pälkäne,Hietaniemi Hietasenkärki,KM,16822,1-1834,6807511.0,3380605.0,90,False,False,False,False,False,False,False,False,True,True,False,Pottery,Säräisniemi 2 Ware,Luukonsaari Ware,Luukonsaari,2.0,,,,,,,,,KM 16822_1-1834,"24,76476528","61,35750807",,,,,,,,asbesti,,False,True,False,,,
BA,439010015,Pälkäne,Hietaniemi Hietasenkärki,KM,16822,1-1834,6807511.0,3380605.0,90,False,False,False,False,False,False,False,False,True,True,False,Pottery,Säräisniemi 2 Ware,Sirnihta Ware,Sirnihta,1.0,,,,,,,,,KM 16822_1-1834,"24,76476528","61,35750807",,,,,,,,asbesti,,False,False,True,,,
BA,439010015,Pälkäne,Hietaniemi Hietasenkärki,KM,16822,1-1834,6807511.0,3380605.0,90,False,False,False,False,False,False,False,True,True,False,False,Pottery,Sarsa-Tomitsa Ware,Sarsa-Tomitsa Ware,ST,2.0,,,,,,,,,KM 16822_1-1834,"24,76476528","61,35750807",,,,,,,,hiekka,shamotti,False,False,True,,,
BA,211010004,Kangasala,Pohtiolampi ja Tiilitehdas,KM,16878,1-574,6819197.0,3346749.0,88,False,False,False,False,False,False,False,False,True,True,False,Pottery,Säräisniemi 2 Ware,Luukonsaari Ware,Luukonsaari,1.0,,,,,,,,karsta (324),KM 16878_1-574,"24,12304656","61,45037381",,,,,,,,asbesti,,False,True,False,,,
BA,211010004,Kangasala,Pohtiolampi ja Tiilitehdas,KM,16878,1-574,6819197.0,3346749.0,88,False,False,False,False,False,False,False,True,True,False,False,Pottery,Sarsa-Tomitsa Ware,Sarsa-Tomitsa Ware,ST,1.0,,,,,,,,,KM 16878_1-574,"24,12304656","61,45037381",,,,,,,,shamotti,,False,False,True,,,
BA,601010019,Pihtipudas,Majaniemi,KM,16993,1-8,7037925.0,3419187.0,115,False,False,False,False,False,False,False,False,True,True,False,Pottery,Säräisniemi 2 Ware,Sirnihta Ware,Sirnihta,2.0,,,,,,,,,KM 16993_1-8,"25,37756342","63,43405642",,,,,,,,asbesti,,False,True,False,,,
BA,844010001,Tervo,Mäntyranta,KM,17033,1-5,6983480.0,3487520.0,100,False,False,False,False,False,False,False,True,True,False,False,Pottery,Sarsa-Tomitsa Ware,Sarsa-Tomitsa Ware,ST,3.0,,,,,,,,outo koristeaihe,KM 17033_1-5,"26,75072941","62,9545909",,,,,,,,orgaaninen,,True,False,False,,,
BA,831010012,Taipalsaari,Valkeisaari,KM,17040,1-3,6782530.0,3549220.0,85,False,False,False,False,False,False,False,True,True,False,False,Pottery,Sarsa-Tomitsa Ware,Sarsa-Tomitsa Ware,ST,1.0,,,,,,,,karsta (1) C14-ajoitettu,KM 17040_1-3,"27,91080594","61,14864376",,,,,,,,kivimurska,,False,True,False,,,
BA,263010002,Kiuruvesi,Tuliniemi,KM,17060,1-20,7081840.0,3472140.0,125,False,False,False,False,False,False,False,False,True,True,False,Pottery,Säräisniemi 2 Ware,Luukonsaari Ware,Luukonsaari,1.0,,,,,,,,karsta (13),KM 17060_1-20,"26,43046545","63,83609312",,,,,,,,asbesti,,False,True,False,,,
BA,211010004,Kangasala,Pohtiolampi ja Tiilitehdas,KM,17104,1-1002,6819197.0,3346749.0,88,False,False,False,False,False,False,False,True,True,False,False,Pottery,Sarsa-Tomitsa Ware,Sarsa-Tomitsa Ware,ST,1.0,,,,,,,,,KM 17104_1-1002,"24,12304656","61,45037381",,,,,,,,kivimurska,shamotti,False,False,True,,,
BA,439010015,Pälkäne,Hietaniemi Hietasenkärki,KM,17131,1-1512,6807511.0,3380605.0,90,False,False,False,False,False,False,False,False,True,True,False,Pottery,Säräisniemi 2 Ware,Sirnihta Ware,Sirnihta,2.0,,,,,,,,,KM 17131_1-1512,"24,76476528","61,35750807",,,,,,,,asbesti,,False,False,True,,,
BA,439010015,Pälkäne,Hietaniemi Hietasenkärki,KM,17131,1-1512,6807511.0,3380605.0,90,False,False,False,False,False,False,False,True,True,False,False,Pottery,Sarsa-Tomitsa Ware,Sarsa-Tomitsa Ware,ST,1.0,,,,,,,,,KM 17131_1-1512,"24,76476528","61,35750807",,,,,,,,shamotti,kivimurska,False,False,True,,,
BA,x164,Sodankylä,"Lokka, Lokanloma",KM,17132,1-132,7527053.0,3528032.0,,False,False,False,False,False,False,False,False,True,True,False,Pottery,Säräisniemi 2 Ware,Kjelmöy Ware,Kjelmöy,3.0,,,,,,,,karsta (25),KM 17132_1-132,"27,66127555","67,82864605",,,,,,,,asbesti,,True,False,False,,,
BA,781010026,Sysmä,Roni,KM,17179,1-15,6802920.0,3437050.0,80,False,False,False,False,False,False,False,False,True,True,False,Pottery,Säräisniemi 2 Ware,Luukonsaari Ware,Luukonsaari,2.0,,,,,,,,,KM 17179_1-15,"25,82115577","61,32957005",,,,,,,,asbesti,,True,False,False,,,
BA,211010004,Kangasala,Pohtiolampi ja Tiilitehdas,KM,17340,1-1157,6819197.0,3346749.0,88,False,False,False,False,False,False,False,True,True,False,False,Pottery,Coastal Bronze Age pottery,Coastal Bronze Age pottery,pronssikautinen,2.0,,,,,,,,,KM 17340_1-1157,"24,12304656","61,45037381",,,,,,,,kivimurska,,False,True,False,,,
BA,211010004,Kangasala,Pohtiolampi ja Tiilitehdas,KM,17340,1-1157,6819197.0,3346749.0,88,False,False,False,False,False,False,False,True,True,False,False,Pottery,Sarsa-Tomitsa Ware,Sarsa-Tomitsa Ware,ST,1.0,,,,,,,,,KM 17340_1-1157,"24,12304656","61,45037381",,,,,,,,hiekka,,False,True,False,,,
BA,439010015,Pälkäne,Hietaniemi Hietasenkärki,KM,17374,1-966,6807511.0,3380605.0,90,False,False,False,False,False,False,False,True,True,False,False,Pottery,Sarsa-Tomitsa Ware,Sarsa-Tomitsa Ware,ST,2.0,,,,,,,,,KM 17374_1-966,"24,76476528","61,35750807",,,,,,,,hiekka,,False,False,True,,,
BA,x164,Sodankylä,"Lokka, Lokanloma",KM,17476,1-93,7527053.0,3528032.0,,False,False,False,False,False,False,False,False,True,True,False,Pottery,Säräisniemi 2 Ware,Kjelmöy Ware,Kjelmöy,3.0,,,,,,,,,KM 17476_1-93,"27,66127555","67,82864605",,,,,,,,talkki,kiille,True,False,False,,,
BA,421010001,Lestijärvi,Yli-Lesti/Anttila,KM,17487,1-55,7043512.0,3389273.0,142,False,False,False,False,False,False,False,True,True,False,False,Pottery,Coastal Bronze Age pottery,Coastal Bronze Age pottery,pronssikautinen,2.0,,,,,,,,,KM 17487_1-55,"24,77484664","63,47608975",,,,,,,,kivimurska,,False,False,True,,,
BA,534010012,Kuopio,Autiosaari,KM,17644,,7016100.0,3556860.0,100,False,False,False,False,False,False,False,False,True,True,False,Pottery,Säräisniemi 2 Ware,Luukonsaari Ware,Luukonsaari,2.0,,,,,,,,,KM 17644_,"28,12815394","63,24299391",,,,,,,,asbesti,,True,False,False,,,
BA,494010040,Muhos,Halosentörmä,KM,17646,1-195,7200150.0,3442850.0,"32,5",False,False,False,False,False,False,False,True,True,False,False,Pottery,Sarsa-Tomitsa Ware,Sarsa-Tomitsa Ware,ST,2.0,,,,,,,,,KM 17646_1-195,"25,78968889","64,89353249",,,,,,,,asbesti,,False,False,True,,,
BA,146010017,Ilomantsi,Syväys I,KM,17810,1-25,6985369.0,3694859.0,144,False,False,False,False,False,False,False,True,True,False,False,Pottery,Säräisniemi 2 Ware,Anttila Ware,Anttila,3.0,,,,,,,,,KM 17810_1-25,"30,83320824","62,91971481",,,,,,,,talkki,,True,False,False,,,
BA,607010006,Polvijärvi,Multavieru,KM,17869,1-33,6982376.0,3619573.0,100,False,False,False,False,False,False,False,True,True,False,False,Pottery,Sarsa-Tomitsa Ware,Sarsa-Tomitsa Ware,ST,1.0,,,,,,,,,KM 17869_1-33,"29,35071479","62,92533941",,,,,,,,kivimurska,,False,True,False,,,
BA,146010017,Ilomantsi,Syväys I,KM,17875,1-94,6985369.0,3694859.0,144,False,False,False,False,False,False,False,False,True,True,False,Pottery,Säräisniemi 2 Ware,Luukonsaari Ware,Luukonsaari,1.0,,,,,,,,,KM 17875_1-94,"30,83320824","62,91971481",,,,,,,,asbesti,,True,False,False,,,
BA,146010017,Ilomantsi,Syväys I,KM,17875,1-94,6985369.0,3694859.0,144,False,False,False,False,False,False,False,False,True,True,False,Pottery,Säräisniemi 2 Ware,Sirnihta Ware,Sirnihta,2.0,,,,,,,,,KM 17875_1-94,"30,83320824","62,91971481",,,,,,,,asbesti,,True,False,False,,,
BA,146010017,Ilomantsi,Syväys I,KM,17875,1-94,6985369.0,3694859.0,144,False,False,False,False,False,False,False,True,True,False,False,Pottery,Sarsa-Tomitsa Ware,Sarsa-Tomitsa Ware,ST,1.0,,,,,,,,,KM 17875_1-94,"30,83320824","62,91971481",,,,,,,,kivimurska,,True,False,False,,,
BA,77010001,Hankasalmi,Kotisalo,KM,17877,1-10,6914000.0,3463600.0,90,False,False,False,False,False,False,False,False,True,True,False,Pottery,Säräisniemi 2 Ware,Sirnihta Ware,Sirnihta,1.0,,,,,,,,,KM 17877_1-10,"26,29442107","62,32963666",,,,,,,,asbesti,,True,False,False,,,
BA,699010338,Rovaniemi,Säpsänkoski,KM,18003,1-787,7359360.0,3499730.0,97,False,False,False,False,False,False,False,True,False,False,False,Pottery,Lovozero Ware,Lovozero Ware,Lovozero,1.0,,,,,,,,"karsta (306,499)",KM 18003_1-787,"26,99013785","66,32631869",,,,,,,,asbesti,,False,True,False,,,
BA,595010001,Pielavesi,Virranniska,KM,18026,1-12,7011000.0,3484020.0,105,False,False,False,False,False,False,False,True,True,False,False,Pottery,Sarsa-Tomitsa Ware,Sarsa-Tomitsa Ware,ST,2.0,,,,,,,,,KM 18026_1-12,"26,67905686","63,20134619",,,,,,,,kivimurska,,True,False,False,,,
BA,142010010,Iitti,Silamaniemi,KM,18038,1-6,6768178.0,3453330.0,76,False,False,False,False,False,False,False,True,True,False,False,Pottery,Sarsa-Tomitsa Ware,Sarsa-Tomitsa Ware,ST,1.0,,,,,,,,,KM 18038_1-6,"26,13375268","61,02012709",,,,,,,,kivimurska,,False,True,False,,,
BA,142010016,Iitti,Keidas,KM,18043,1-3,6766686.0,3468291.0,67,False,False,False,False,False,False,False,True,True,False,False,Pottery,Sarsa-Tomitsa Ware,Sarsa-Tomitsa Ware,ST,1.0,,,,,,,,,KM 18043_1-3,"26,41066505","61,00823095",,,,,,,,kivimurska,,False,False,True,,,
BA,16010015,Asikkala,Kotasaari,KM,18141,1-361,6798508.0,3425598.0,"82,5",False,False,False,False,False,False,False,False,True,True,False,Pottery,Säräisniemi 2 Ware,Luukonsaari Ware,Luukonsaari,2.0,,,,,,,,,KM 18141_1-361,"25,60909942","61,28796525",,,,,,,,asbesti,,False,True,False,,,
BA,16010015,Asikkala,Kotasaari,KM,18141,1-361,6798508.0,3425598.0,"82,5",False,False,False,False,False,False,False,True,True,False,False,Pottery,Sarsa-Tomitsa Ware,Sarsa-Tomitsa Ware,ST,1.0,,,,,,,,,KM 18141_1-361,"25,60909942","61,28796525",,,,,,,,kivimurska,hiekka,False,False,True,,,
BA,285010001,Kotka,Tampsan kansakoulu,KM,18185,1-301,6711650.0,3495050.0,15,False,False,False,False,False,False,False,True,True,False,False,Pottery,Coastal Bronze Age pottery,Paimio Ware,Paimio,2.0,,,,,,,,"karsta (56,62,124)",KM 18185_1-301,"26,90679541","60,51555967",,,,,,,,kivimurska,,False,False,True,,,
BA,146010017,Ilomantsi,Syväys I,KM,18200,1-389,6985369.0,3694859.0,144,False,False,False,False,False,False,False,False,True,True,False,Pottery,Säräisniemi 2 Ware,Sirnihta Ware,Sirnihta,2.0,,,,,,,,karsta (36),KM 18200_1-389,"30,83320824","62,91971481",,,,,,,,asbesti,,False,False,True,,,
BA,146010017,Ilomantsi,Syväys I,KM,18200,1-389,6985369.0,3694859.0,144,False,False,False,False,False,False,False,True,True,False,False,Pottery,Sarsa-Tomitsa Ware,Sarsa-Tomitsa Ware,ST,1.0,,,,,,,,,KM 18200_1-389,"30,83320824","62,91971481",,,,,,,,kivimurska,talkki,False,False,True,,,
BA,912010046,Sastamala,Liekolankatu,KM,18251,1-846,6810662.0,3281080.0,60,False,False,False,False,False,False,False,True,True,False,False,Pottery,Sarsa-Tomitsa Ware,Sarsa-Tomitsa Ware,ST,1.0,,,,,,,,"karsta (86,101,163,408)",KM 18251_1-846,"22,90481686","61,34245845",,,,,,,,hiekka,,False,False,True,,,
BA,607010006,Polvijärvi,Multavieru,KM,18266,1-39,6982376.0,3619573.0,100,False,False,False,False,False,False,False,True,True,False,False,Pottery,Sarsa-Tomitsa Ware,Sarsa-Tomitsa Ware,ST,1.0,,,,,,,,,KM 18266_1-39,"29,35071479","62,92533941",,,,,,,,kivimurska,talkki,True,False,False,,,
BA,248010002,Kitee,Sirnihta,KM,18270,1-10,6867261.0,3640136.0,78,False,False,False,False,False,False,False,False,True,True,False,Pottery,Säräisniemi 2 Ware,Sirnihta Ware,Sirnihta,1.0,,,,,,,,,KM 18270_1-10,"29,6618031","61,88631442",,,,,,,,asbesti,,False,True,False,,,
BA,534010012,Kuopio,Autiosaari,KM,18273,1-4,7016100.0,3556860.0,100,False,False,False,False,False,False,False,False,True,True,False,Pottery,Säräisniemi 2 Ware,Luukonsaari Ware,Luukonsaari,2.0,,,,,,,,karsta (1),KM 18273_1-4,"28,12815394","63,24299391",,,,,,,,asbesti,,True,False,False,,,
BA,607010006,Polvijärvi,Multavieru,KM,18275,1-8,6982376.0,3619573.0,100,False,False,False,False,False,False,False,True,True,False,False,Pottery,Sarsa-Tomitsa Ware,Sarsa-Tomitsa Ware,ST,1.0,,,,,,,,,KM 18275_1-8,"29,35071479","62,92533941",,,,,,,,kivimurska,,True,False,False,,,
BA,777010053,Suomussalmi,Tormuan särkkä,KM,18322,1-1050,7245553.0,3615819.0,201,False,False,False,False,False,False,False,True,True,False,False,Pottery,Säräisniemi 2 Ware,Anttila Ware,Anttila,2.0,,,,,,,,karsta (609),KM 18322_1-1050,"29,47837987","65,28529449",,,,,,,,talkki,,False,True,False,,,
BA,777010053,Suomussalmi,Tormuan särkkä,KM,18322,1-1050,7245553.0,3615819.0,201,False,False,False,False,False,False,False,False,True,True,False,Pottery,Säräisniemi 2 Ware,Kjelmöy Ware,Kjelmöy,3.0,,,,,,,,"karsta (568,825,827,864)",KM 18322_1-1050,"29,47837987","65,28529449",,,,,,,,asbesti,,False,False,True,,,
BA,777010053,Suomussalmi,Tormuan särkkä,KM,18322,1-1050,7245553.0,3615819.0,201,False,False,False,False,False,False,False,False,True,True,False,Pottery,Säräisniemi 2 Ware,Luukonsaari Ware,Luukonsaari,1.0,,,,,,,,"karsta (822 Hela-132, 823,824)",KM 18322_1-1050,"29,47837987","65,28529449",,,,,,,,asbesti,,False,False,True,,,
BA,777010053,Suomussalmi,Tormuan särkkä,KM,18322,1-1050,7245553.0,3615819.0,201,False,False,False,False,False,False,False,True,True,False,False,Pottery,Sarsa-Tomitsa Ware,Sarsa-Tomitsa Ware,ST,1.0,,,,,,,,karsta (416),KM 18322_1-1050,"29,47837987","65,28529449",,,,,,,,kivimurska,,False,False,True,,,
BA,1000012003,Utajärvi,Pikkarainen ja Vesala,KM,18562,1-158,7173070.0,3473470.0,100,False,False,False,False,False,False,False,True,True,False,False,Pottery,Sarsa-Tomitsa Ware,Sarsa-Tomitsa Ware,ST,3.0,,,,,,,,,KM 18562_1-158,"26,44119883","64,65450242",,,,,,,,kivimurska,,False,True,False,,,
BA,140010003,Iisalmi,Haapakangas,KM,18565,,7050550.0,3500650.0,89,False,False,False,False,False,False,False,False,True,True,False,Pottery,Säräisniemi 2 Ware,Luukonsaari Ware,Luukonsaari,1.0,,,,,,,,karsta,KM 18565_,"27,00963438","63,55651934",,,,,,,,asbesti,,True,False,False,,,
BA,140010001,Iisalmi,Jysmä,KM,18661,1-2,7055050.0,3495500.0,100,False,False,False,False,False,False,False,True,True,False,False,Pottery,Sarsa-Tomitsa Ware,Sarsa-Tomitsa Ware,ST,3.0,,,,,,,,karsta (2),KM 18661_1-2,"26,90589151","63,59685791",,,,,,,,kiille,,True,False,False,,,
BA,729010029,Saarijärvi,Saarenpää,KM,18766,,6952073.0,3415237.0,110,False,False,False,False,False,False,False,False,True,True,False,Pottery,Säräisniemi 2 Ware,Luukonsaari Ware,Luukonsaari,3.0,,,,,,,,,KM 18766_,"25,34280909","62,66323675",,,,,,,,asbesti,,True,False,False,,,
BA,x112,Pielavesi,Kuivaniemi,KM,18833,,7001651.0,3479576.0,,False,False,False,False,False,False,False,False,True,True,False,Pottery,Säräisniemi 2 Ware,Luukonsaari Ware,Luukonsaari,1.0,,,,,,,,,KM 18833_,"26,59193182","63,11724712",,,,,,,,asbesti,,True,False,False,,,
BA,140010003,Iisalmi,Haapakangas,KM,18901,1-5,7050550.0,3500650.0,89,False,False,False,False,False,False,False,False,True,True,False,Pottery,Säräisniemi 2 Ware,Luukonsaari Ware,Luukonsaari,1.0,,,,,,,,karsta (2),KM 18901_1-5,"27,00963438","63,55651934",,,,,,,,asbesti,,False,True,False,,,
BA,248010002,Kitee,Sirnihta,KM,18904,1-4,6867261.0,3640136.0,78,False,False,False,False,False,False,False,False,True,True,False,Pottery,Säräisniemi 2 Ware,Sirnihta Ware,Sirnihta,2.0,,,,,,,,,KM 18904_1-4,"29,6618031","61,88631442",,,,,,,,asbesti,,False,True,False,,,
BA,4010014,Kauhava,Karkaus,KM,18908,1-7,7035422.0,3286689.0,"27,5",False,False,False,False,False,False,False,False,True,True,False,Pottery,Säräisniemi 2 Ware,Luukonsaari Ware,Luukonsaari,3.0,,,,,,,,,KM 18908_1-7,"22,73252897","63,35700734",,,,,,,,asbesti,,False,True,False,,,
BA,248010002,Kitee,Sirnihta,KM,18910,1-305,6867261.0,3640136.0,78,False,False,False,False,False,False,False,False,True,True,False,Pottery,Säräisniemi 2 Ware,Sirnihta Ware,Sirnihta,1.0,,,,,,,,"karsta (6,135,142,229,255,263, 277)",KM 18910_1-305,"29,6618031","61,88631442",,,,,,,,asbesti,,False,False,True,,,
BA,248010002,Kitee,Sirnihta,KM,18910,1-305,6867261.0,3640136.0,78,False,False,False,False,False,False,False,True,True,False,False,Pottery,Sarsa-Tomitsa Ware,Sarsa-Tomitsa Ware,ST,2.0,,,,,,,,,KM 18910_1-305,"29,6618031","61,88631442",,,,,,,,kivimurska,talkki,False,True,False,,,
BA,142010016,Iitti,Keidas,KM,18980,1-4,6766686.0,3468291.0,67,False,False,False,False,False,False,False,True,True,False,False,Pottery,Sarsa-Tomitsa Ware,Sarsa-Tomitsa Ware,ST,2.0,,,,,,,,,KM 18980_1-4,"26,41066505","61,00823095",,,,,,,,kivimurska,,True,False,False,,,
BA,18010058,Askola,Taka-Piskulan Ruoksmaa,KM,19006,1-296,6718060.0,3423120.0,30,False,False,False,False,False,False,False,True,True,False,False,Pottery,Sarsa-Tomitsa Ware,Sarsa-Tomitsa Ware,ST,1.0,,,,,,,,"karsta (153,155)",KM 19006_1-296,"25,59505609","60,56573385",,,,,,,,kivimurska,kiille,False,True,False,,,
BA,831010006,Taipalsaari,Vaateranta,KM,19239,1-870,6780780.0,3559700.0,79,False,False,False,False,False,False,False,False,True,True,False,Pottery,Säräisniemi 2 Ware,Luukonsaari Ware,Luukonsaari,1.0,,,,,,,,868 reikä,KM 19239_1-870,"28,10482092","61,13149316",,,,,,,,asbesti,,True,False,False,,,
BA,577010024,Paimio,Toispuolojannummi,KM,19241,1-45,6716468.0,3263603.0,"40,5",False,False,False,False,False,False,False,True,True,False,False,Pottery,Coastal Bronze Age pottery,Paimio Ware,Paimio,2.0,,,,,,,,,KM 19241_1-45,"22,69466517","60,48935369",,,,,,,,kivimurska,,False,True,False,,,
BA,260010001,Kitee,Turusenniemi,KM,19253,1-25,6889637.0,3667723.0,80,False,False,False,False,False,False,False,True,True,False,False,Pottery,Sarsa-Tomitsa Ware,Sarsa-Tomitsa Ware,ST,1.0,,,,,,,,,KM 19253_1-25,"30,20655646","62,075647",,,,,,,,kiille,,True,False,False,,,
BA,260010001,Kitee,Turusenniemi,KM,19254,1-15,6889637.0,3667723.0,80,False,False,False,False,False,False,False,True,True,False,False,Pottery,Sarsa-Tomitsa Ware,Sarsa-Tomitsa Ware,ST,1.0,,,,,,,,,KM 19254_1-15,"30,20655646","62,075647",,,,,,,,kiille,,False,True,False,,,
BA,1000000141,Laitila,Lalla 1,KM,19265,1-104,6770310.0,3207015.0,25,False,False,False,False,False,False,False,True,True,False,False,Pottery,Sarsa-Tomitsa Ware,Sarsa-Tomitsa Ware,ST,1.0,,,,,,,,,KM 19265_1-104,"21,58907437","60,93332893",,,,,,,,orgaaninen,kivimurska,False,False,True,,,
BA,108010024,Hämeenkyrö,Honkaharju,KM,19310,1-4,6838970.0,3300352.0,65,False,False,False,False,False,False,False,True,True,False,False,Pottery,Coastal Bronze Age pottery,Coastal Bronze Age pottery,pronssikautinen,3.0,,,,,,,,kavionmuotoista leimaa,KM 19310_1-4,"23,23355946","61,6063047",,,,,,,,kivimurska,,True,False,False,,,
BA,1000000141,Laitila,Lalla 1,KM,19404,1-99,6770310.0,3207015.0,25,False,False,False,False,False,False,False,True,True,False,False,Pottery,Sarsa-Tomitsa Ware,Sarsa-Tomitsa Ware,ST,1.0,,,,,,,,asbestia (67),KM 19404_1-99,"21,58907437","60,93332893",,,,,,,,orgaaninen,kivimurska,False,False,True,,,
BA,167010003,Joensuu,Varaslampi,KM,19471,1-1318,6947124.0,3643495.0,80,False,False,False,False,False,False,False,False,True,True,False,Pottery,Säräisniemi 2 Ware,Luukonsaari Ware,Luukonsaari,1.0,,,,,,,,karsta (769),KM 19471_1-1318,"29,79102139","62,60081755",,,,,,,,asbesti,,False,False,True,,,
BA,167010003,Joensuu,Varaslampi,KM,19471,1-1318,6947124.0,3643495.0,80,False,False,False,False,False,False,False,True,True,False,False,Pottery,Sarsa-Tomitsa Ware,Sarsa-Tomitsa Ware,ST,1.0,,,,,,,,"karsta (53,373,605)",KM 19471_1-1318,"29,79102139","62,60081755",,,,,,,,kivimurska,kiille,False,False,True,,,
BA,777010026,Suomussalmi,Nuolisärkkä,KM,19538,1-14,7236095.0,3613658.0,199,False,False,False,False,False,False,False,True,True,False,False,Pottery,Säräisniemi 2 Ware,Anttila Ware,Anttila,1.0,,,,,,,,,KM 19538_1-14,"29,4243359","65,20129711",,,,,,,,talkki,,False,False,True,,,
BA,777010026,Suomussalmi,Nuolisärkkä,KM,19538,1-14,7236095.0,3613658.0,199,False,False,False,False,False,False,False,False,True,True,False,Pottery,Säräisniemi 2 Ware,Kjelmöy Ware,Kjelmöy,2.0,,,,,,,,,KM 19538_1-14,"29,4243359","65,20129711",,,,,,,,talkki,,False,False,True,,,
BA,777010026,Suomussalmi,Nuolisärkkä,KM,19538,1-14,7236095.0,3613658.0,199,False,False,False,False,False,False,False,False,True,True,False,Pottery,Säräisniemi 2 Ware,Luukonsaari Ware,Luukonsaari,3.0,,,,,,,,,KM 19538_1-14,"29,4243359","65,20129711",,,,,,,,asbesti,,False,True,False,,,
BA,777010056,Suomussalmi,Mikonsärkkä,KM,19540,1-6,7236404.0,3614044.0,199,False,False,False,False,False,False,False,True,True,False,False,Pottery,Säräisniemi 2 Ware,Anttila Ware,Anttila,1.0,,,,,,,,,KM 19540_1-6,"29,43282705","65,20393286",,,,,,,,talkki,,True,False,False,,,
BA,777010025,Suomussalmi,Kalmosärkkä,KM,19541,1-11,7237045.0,3614621.0,199,False,False,False,False,False,False,False,True,True,False,False,Pottery,Säräisniemi 2 Ware,Anttila Ware,Anttila,1.0,,,,,,,,reikiä (4),KM 19541_1-11,"29,44567113","65,2094768",,,,,,,,talkki,,False,True,False,,,
BA,777010026,Suomussalmi,Nuolisärkkä,KM,19843,1-136,7236095.0,3613658.0,199,False,False,False,False,False,False,False,True,True,False,False,Pottery,Säräisniemi 2 Ware,Anttila Ware,Anttila,1.0,,,,,,,,,KM 19843_1-136,"29,4243359","65,20129711",,,,,,,,talkki,kiille,False,False,False,,,
BA,777010056,Suomussalmi,Mikonsärkkä,KM,19879,1-50,7236404.0,3614044.0,199,False,False,False,False,False,False,False,True,True,False,False,Pottery,Säräisniemi 2 Ware,Anttila Ware,Anttila,1.0,,,,,,,,karsta (3),KM 19879_1-50,"29,43282705","65,20393286",,,,,,,,talkki,kiille,False,False,True,,,
BA,777010056,Suomussalmi,Mikonsärkkä,KM,19879,1-50,7236404.0,3614044.0,199,False,False,False,False,False,False,False,False,True,True,False,Pottery,Säräisniemi 2 Ware,Luukonsaari Ware,Luukonsaari,3.0,,,,,,,,,KM 19879_1-50,"29,43282705","65,20393286",,,,,,,,asbesti,,False,True,False,,,
BA,777010056,Suomussalmi,Mikonsärkkä,KM,19879,1-50,7236404.0,3614044.0,199,False,False,False,False,False,False,False,True,True,False,False,Pottery,Sarsa-Tomitsa Ware,Sarsa-Tomitsa Ware,ST,1.0,,,,,,,,,KM 19879_1-50,"29,43282705","65,20393286",,,,,,,,kivimurska,asbesti,False,False,True,,,
BA,777010026,Suomussalmi,Nuolisärkkä,KM,19880,1-6,7236095.0,3613658.0,199,False,False,False,False,False,False,False,True,True,False,False,Pottery,Säräisniemi 2 Ware,Anttila Ware,Anttila,2.0,,,,,,,,,KM 19880_1-6,"29,4243359","65,20129711",,,,,,,,talkki,kiille,False,True,False,,,
BA,777010026,Suomussalmi,Nuolisärkkä,KM,19880,1-6,7236095.0,3613658.0,199,False,False,False,False,False,False,False,False,True,True,False,Pottery,Säräisniemi 2 Ware,Luukonsaari Ware,Luukonsaari,1.0,,,,,,,,,KM 19880_1-6,"29,4243359","65,20129711",,,,,,,,asbesti,,False,True,False,,,
BA,777010026,Suomussalmi,Nuolisärkkä,KM,19880,1-6,7236095.0,3613658.0,199,False,False,False,False,False,False,False,True,True,False,False,Pottery,Sarsa-Tomitsa Ware,Sarsa-Tomitsa Ware,ST,2.0,,,,,,,,,KM 19880_1-6,"29,4243359","65,20129711",,,,,,,,kivimurska,,True,False,False,,,
BA,777010027,Suomussalmi,Kellolaisten Tuli,KM,19882,1-8,7237822.0,3614945.0,199,False,False,False,False,False,False,False,True,True,False,False,Pottery,Säräisniemi 2 Ware,Anttila Ware,Anttila,1.0,,,,,,,,,KM 19882_1-8,"29,45323205","65,21632654",,,,,,,,talkki,kiille,True,False,False,,,
BA,777010027,Suomussalmi,Kellolaisten Tuli,KM,19882,1-8,7237822.0,3614945.0,199,False,False,False,False,False,False,False,True,True,False,False,Pottery,Sarsa-Tomitsa Ware,Sarsa-Tomitsa Ware,ST,1.0,,,,,,,,,KM 19882_1-8,"29,45323205","65,21632654",,,,,,,,hiekka,,True,False,False,,,
BA,305010113,Kuusamo,Arskan mökki,KM,19884,1-10,7269641.0,3617014.0,218,False,False,False,False,False,False,False,True,True,False,False,Pottery,Säräisniemi 2 Ware,Anttila Ware,Anttila,3.0,,,,,,,,,KM 19884_1-10,"29,52462746","65,5007016",,,,,,,,talkki,,True,False,False,,,
BA,146010023,Ilomantsi,Hemminsaari,KM,19886,1-7,6985856.0,3694135.0,144,False,False,False,False,False,False,False,True,True,False,False,Pottery,Säräisniemi 2 Ware,Anttila Ware,Anttila,2.0,,,,,,,,,KM 19886_1-7,"30,81955978","62,92446025",,,,,,,,talkki,,True,False,False,,,
BA,105010018,Hyrynsalmi,Vonkka 2,KM,19903,1-529,7177900.0,3571460.0,156,False,False,False,False,False,False,False,True,False,False,False,Pottery,Lovozero Ware,Lovozero Ware,Lovozero,1.0,,,,,,,,,KM 19903_1-529,"28,49402038","64,69134666",,,,,,,,asbesti,,False,True,False,,,
BA,50010032,Eura,Luistari,KM,20189,1-222,6787882.0,3238661.0,38,False,False,False,False,False,False,False,True,True,False,False,Pottery,Coastal Bronze Age pottery,Paimio Ware,Paimio,1.0,,,,,,,,karsta (149),KM 20189_1-222,"22,14658916","61,11261932",,,,,,,,hiekka,,False,True,False,,,
BA,734010035,Salo,Katajamäki,KM,20251,1-708,6705416.0,3287408.0,35,False,False,False,False,False,False,False,True,True,False,False,Pottery,Sarsa-Tomitsa Ware,Sarsa-Tomitsa Ware,ST,2.0,,,,,,,,,KM 20251_1-708,"23,13845828","60,40364866",,,,,,,,kivimurska,,False,False,True,,,
BA,1000003147,Ylitornio,Kenttämaa,KM,20268,1-156,7376261.0,3377913.0,75,False,False,False,False,False,False,False,True,True,False,False,Pottery,Säräisniemi 2 Ware,Anttila Ware,Anttila,2.0,,,,,,,,,KM 20268_1-156,"24,25783812","66,45381919",,,,,,,,kiille,,False,True,False,,,
BA,777010117,Suomussalmi,Joenniemi,KM,20375,1-20,7216972.0,3597610.0,199,False,False,False,False,False,False,False,True,True,False,False,Pottery,Säräisniemi 2 Ware,Anttila Ware,Anttila,2.0,,,,,,,,,KM 20375_1-20,"29,06843545","65,03503115",,,,,,,,talkki,,False,True,False,,,
BA,777010117,Suomussalmi,Joenniemi,KM,20375,1-20,7216972.0,3597610.0,199,False,False,False,False,False,False,False,False,True,True,False,Pottery,Säräisniemi 2 Ware,Luukonsaari Ware,Luukonsaari,1.0,,,,,,,,,KM 20375_1-20,"29,06843545","65,03503115",,,,,,,,asbesti,,True,False,False,,,
BA,777010117,Suomussalmi,Joenniemi,KM,20375,1-20,7216972.0,3597610.0,199,False,False,False,False,False,False,False,True,True,False,False,Pottery,Sarsa-Tomitsa Ware,Sarsa-Tomitsa Ware,ST,1.0,,,,,,,,,KM 20375_1-20,"29,06843545","65,03503115",,,,,,,,talkki,,False,True,False,,,
BA,777010108,Suomussalmi,Kumpuniemi,KM,20387,1-5,7201161.0,3589543.0,199,False,False,False,False,False,False,False,True,True,False,False,Pottery,Säräisniemi 2 Ware,Anttila Ware,Anttila,2.0,,,,,,,,,KM 20387_1-5,"28,88729337","64,8955655",,,,,,,,talkki,,True,False,False,,,
BA,777010114,Suomussalmi,Kukkosaari,KM,20400,1-31,7201478.0,3592642.0,199,False,False,False,False,False,False,False,False,True,True,False,Pottery,Säräisniemi 2 Ware,Luukonsaari Ware,Luukonsaari,3.0,,,,,,,,tasapohjainen,KM 20400_1-31,"28,95289744","64,89756391",,,,,,,,asbesti,,False,True,False,,,
BA,777010191,Suomussalmi,Luhtalamminsärkän pää,KM,20408,1-2,7191014.0,3607175.0,189,False,False,False,False,False,False,False,True,True,False,False,Pottery,Säräisniemi 2 Ware,Anttila Ware,Anttila,2.0,,,,,,,,,KM 20408_1-2,"29,25169604","64,79944341",,,,,,,,talkki,,True,False,False,,,
BA,777010025,Suomussalmi,Kalmosärkkä,KM,20413,1-49,7237045.0,3614621.0,199,False,False,False,False,False,False,False,True,True,False,False,Pottery,Säräisniemi 2 Ware,Anttila Ware,Anttila,2.0,,,,,,,,,KM 20413_1-49,"29,44567113","65,2094768",,,,,,,,talkki,,False,True,False,,,
BA,777010025,Suomussalmi,Kalmosärkkä,KM,20413,1-49,7237045.0,3614621.0,199,False,False,False,False,False,False,False,True,True,False,False,Pottery,Sarsa-Tomitsa Ware,Sarsa-Tomitsa Ware,ST,1.0,,,,,,,,,KM 20413_1-49,"29,44567113","65,2094768",,,,,,,,hiekka,,False,False,True,,,
BA,777010056,Suomussalmi,Mikonsärkkä,KM,20414,1-31,7236404.0,3614044.0,199,False,False,False,False,False,False,False,True,True,False,False,Pottery,Säräisniemi 2 Ware,Anttila Ware,Anttila,2.0,,,,,,,,,KM 20414_1-31,"29,43282705","65,20393286",,,,,,,,talkki,,False,False,True,,,
BA,777010056,Suomussalmi,Mikonsärkkä,KM,20414,1-31,7236404.0,3614044.0,199,False,False,False,False,False,False,False,True,True,False,False,Pottery,Sarsa-Tomitsa Ware,Sarsa-Tomitsa Ware,ST,1.0,,,,,,,,,KM 20414_1-31,"29,43282705","65,20393286",,,,,,,,asbesti,,False,True,False,,,
BA,777010026,Suomussalmi,Nuolisärkkä,KM,20415,1-11,7236095.0,3613658.0,199,False,False,False,False,False,False,False,True,True,False,False,Pottery,Säräisniemi 2 Ware,Anttila Ware,Anttila,1.0,,,,,,,,,KM 20415_1-11,"29,4243359","65,20129711",,,,,,,,talkki,,False,True,False,,,
BA,777010026,Suomussalmi,Nuolisärkkä,KM,20415,1-11,7236095.0,3613658.0,199,False,False,False,False,False,False,False,False,True,True,False,Pottery,Säräisniemi 2 Ware,Luukonsaari Ware,Luukonsaari,3.0,,,,,,,,,KM 20415_1-11,"29,4243359","65,20129711",,,,,,,,asbesti,,True,False,False,,,
BA,777010026,Suomussalmi,Nuolisärkkä,KM,20415,1-11,7236095.0,3613658.0,199,False,False,False,False,False,False,False,True,True,False,False,Pottery,Sarsa-Tomitsa Ware,Sarsa-Tomitsa Ware,ST,1.0,,,,,,,,,KM 20415_1-11,"29,4243359","65,20129711",,,,,,,,hiekka,,False,True,False,,,
BA,777010049,Suomussalmi,Maikonsärkkä,KM,20442,1-6,7236703.0,3615912.0,199,False,False,False,False,False,False,False,True,True,False,False,Pottery,Säräisniemi 2 Ware,Anttila Ware,Anttila,2.0,,,,,,,,,KM 20442_1-6,"29,4729413","65,20596123",,,,,,,,talkki,,True,False,False,,,
BA,47010056,Enontekiö,Pappilanhamina 1,KM,20468,1-7,7632407.0,3370669.0,418,False,False,False,False,False,False,False,False,True,True,False,Pottery,Säräisniemi 2 Ware,Kjelmöy Ware,Kjelmöy,2.0,,,,,,,,,KM 20468_1-7,"23,79915247","68,74428512",,,,,,,,asbesti,,True,False,False,,,
BA,50010032,Eura,Luistari,KM,20552,1-243,6787882.0,3238661.0,38,False,False,False,False,False,False,False,True,True,False,False,Pottery,Coastal Bronze Age pottery,Paimio Ware,Paimio,1.0,,,,,,,,,KM 20552_1-243,"22,14658916","61,11261932",,,,,,,,kivimurska,,False,False,True,,,
BA,734010025,Salo,Ketohaka,KM,20562,1-483,6705524.0,3287453.0,,False,False,False,False,False,False,False,True,True,False,False,Pottery,Sarsa-Tomitsa Ware,Sarsa-Tomitsa Ware,ST,2.0,,,,,,,,,KM 20562_1-483,"23,13915811","60,40463943",,,,,,,,,,False,False,True,,,
BA,777010114,Suomussalmi,Kukkosaari,KM,20593,1-266,7201478.0,3592642.0,199,False,False,False,False,False,False,False,False,True,True,False,Pottery,Säräisniemi 2 Ware,Luukonsaari Ware,Luukonsaari,2.0,,,,,,,,,KM 20593_1-266,"28,95289744","64,89756391",,,,,,,,asbesti,,True,False,False,,,
BA,167010003,Joensuu,Varaslampi,KM,20731,1-154,6947124.0,3643495.0,80,False,False,False,False,False,False,False,False,True,True,False,Pottery,Säräisniemi 2 Ware,Luukonsaari Ware,Luukonsaari,1.0,,,,,,,,,KM 20731_1-154,"29,79102139","62,60081755",,,,,,,,asbesti,,False,False,True,,,
BA,167010003,Joensuu,Varaslampi,KM,20731,1-154,6947124.0,3643495.0,80,False,False,False,False,False,False,False,True,True,False,False,Pottery,Sarsa-Tomitsa Ware,Sarsa-Tomitsa Ware,ST,1.0,,,,,,,,,KM 20731_1-154,"29,79102139","62,60081755",,,,,,,,talkki,hiekka,False,False,True,,,
BA,758010056,Sodankylä,Souvasaari,KM,20738,1-141,7540610.0,3488900.0,220,False,False,False,False,False,False,False,False,True,True,False,Pottery,Säräisniemi 2 Ware,Kjelmöy Ware,Kjelmöy,3.0,,,,,,,,,KM 20738_1-141,"26,73102771","67,95131026",,,,,,,,asbesti,,True,False,False,,,
BA,777010025,Suomussalmi,Kalmosärkkä,KM,20793,1-6,7237045.0,3614621.0,199,False,False,False,False,False,False,False,True,True,False,False,Pottery,Sarsa-Tomitsa Ware,Sarsa-Tomitsa Ware,ST,1.0,,,,,,,,,KM 20793_1-6,"29,44567113","65,2094768",,,,,,,,hiekka,talkki,True,False,False,,,
BA,777010117,Suomussalmi,Joenniemi,KM,20801,1-28,7216972.0,3597610.0,199,False,False,False,False,False,False,False,True,True,False,False,Pottery,Sarsa-Tomitsa Ware,Sarsa-Tomitsa Ware,ST,1.0,,,,,,,,,KM 20801_1-28,"29,06843545","65,03503115",,,,,,,,hiekka,talkki,False,True,False,,,
BA,777010190,Suomussalmi,Niemenkangas,KM,20815,1-11,7190862.0,3603338.0,189,False,False,False,False,False,False,False,False,True,True,False,Pottery,Säräisniemi 2 Ware,Luukonsaari Ware,Luukonsaari,3.0,,,,,,,,,KM 20815_1-11,"29,17091519","64,79928251",,,,,,,,asbesti,,False,True,False,,,
BA,777010191,Suomussalmi,Luhtalamminsärkän pää,KM,20816,1-2,7191014.0,3607175.0,189,False,False,False,False,False,False,False,True,True,False,False,Pottery,Säräisniemi 2 Ware,Anttila Ware,Anttila,2.0,,,,,,,,,KM 20816_1-2,"29,25169604","64,79944341",,,,,,,,talkki,,True,False,False,,,
BA,777010192,Suomussalmi,Autio,KM,20817,1-3,7191491.0,3603729.0,189,False,False,False,False,False,False,False,False,True,True,False,Pottery,Säräisniemi 2 Ware,Kjelmöy Ware,Kjelmöy,2.0,,,,,,,,koivuterva (1),KM 20817_1-3,"29,17959112","64,80479977",,,,,,,,asbesti,,True,False,False,,,
BA,734010025,Salo,Ketohaka,KM,20838,1-1167,6705524.0,3287453.0,,False,False,False,False,False,False,False,True,True,False,False,Pottery,Sarsa-Tomitsa Ware,Sarsa-Tomitsa Ware,ST,2.0,,,,,,,,,KM 20838_1-1167,"23,13915811","60,40463943",,,,,,,,,,False,False,True,,,
BA,777010108,Suomussalmi,Kumpuniemi,KM,20854,1-7,7201161.0,3589543.0,199,False,False,False,False,False,False,False,True,True,False,False,Pottery,Säräisniemi 2 Ware,Anttila Ware,Anttila,1.0,,,,,,,,,KM 20854_1-7,"28,88729337","64,8955655",,,,,,,,talkki,,True,False,False,,,
BA,777010108,Suomussalmi,Kumpuniemi,KM,20854,1-7,7201161.0,3589543.0,199,False,False,False,False,False,False,False,True,True,False,False,Pottery,Sarsa-Tomitsa Ware,Sarsa-Tomitsa Ware,ST,1.0,,,,,,,,,KM 20854_1-7,"28,88729337","64,8955655",,,,,,,,talkki,,True,False,False,,,
BA,290010029,Kuhmo,Sylväjänniemi 1,KM,20903,1-246,7117650.0,3622710.0,162,False,False,False,False,False,False,False,False,True,True,False,Pottery,Säräisniemi 2 Ware,Kjelmöy Ware,Kjelmöy,2.0,,,,,,,,"karsta (177, 188 C14-ajoitettu Hela-141)",KM 20903_1-246,"29,51707629","64,13671893",,,,,,,,asbesti,,False,False,True,,,
BA,290010029,Kuhmo,Sylväjänniemi 1,KM,20903,1-246,7117650.0,3622710.0,162,False,False,False,False,False,False,False,True,True,False,False,Pottery,Sarsa-Tomitsa Ware,Sarsa-Tomitsa Ware,ST,1.0,,,,,,,,,KM 20903_1-246,"29,51707629","64,13671893",,,,,,,,hiekka,,False,False,True,,,
BA,777010191,Suomussalmi,Luhtalamminsärkän pää,KM,20935,1-2,7191014.0,3607175.0,189,False,False,False,False,False,False,False,True,True,False,False,Pottery,Säräisniemi 2 Ware,Anttila Ware,Anttila,2.0,,,,,,,,,KM 20935_1-2,"29,25169604","64,79944341",,,,,,,,talkki,,True,False,False,,,
BA,105010021,Hyrynsalmi,Nahkaniva,KM,20953,1-163,7175635.0,3571661.0,157,False,False,False,False,False,False,False,True,True,False,False,Pottery,Säräisniemi 2 Ware,Anttila Ware,Anttila,2.0,,,,,,,,,KM 20953_1-163,"28,49711024","64,67099497",,,,,,,,talkki,kiille,False,True,False,,,
BA,777010027,Suomussalmi,Kellolaisten Tuli,KM,21017,1-22,7237822.0,3614945.0,199,False,False,False,False,False,False,False,True,True,False,False,Pottery,Säräisniemi 2 Ware,Anttila Ware,Anttila,2.0,,,,,,,,,KM 21017_1-22,"29,45323205","65,21632654",,,,,,,,talkki,,True,False,False,,,
BA,777010056,Suomussalmi,Mikonsärkkä,KM,21018,1-36,7236404.0,3614044.0,199,False,False,False,False,False,False,False,True,True,False,False,Pottery,Säräisniemi 2 Ware,Anttila Ware,Anttila,2.0,,,,,,,,karsta (15),KM 21018_1-36,"29,43282705","65,20393286",,,,,,,,talkki,,False,False,True,,,
BA,777010056,Suomussalmi,Mikonsärkkä,KM,21018,1-36,7236404.0,3614044.0,199,False,False,False,False,False,False,False,False,True,True,False,Pottery,Säräisniemi 2 Ware,Luukonsaari Ware,Luukonsaari,1.0,,,,,,,,,KM 21018_1-36,"29,43282705","65,20393286",,,,,,,,asbesti,,False,True,False,,,
BA,777010056,Suomussalmi,Mikonsärkkä,KM,21018,1-36,7236404.0,3614044.0,199,False,False,False,False,False,False,False,True,True,False,False,Pottery,Sarsa-Tomitsa Ware,Sarsa-Tomitsa Ware,ST,1.0,,,,,,,,,KM 21018_1-36,"29,43282705","65,20393286",,,,,,,,kivimurska,,False,True,False,,,
BA,777010026,Suomussalmi,Nuolisärkkä,KM,21019,1-13,7236095.0,3613658.0,199,False,False,False,False,False,False,False,True,True,False,False,Pottery,Sarsa-Tomitsa Ware,Sarsa-Tomitsa Ware,ST,2.0,,,,,,,,,KM 21019_1-13,"29,4243359","65,20129711",,,,,,,,talkki,hiekka,False,True,False,,,
BA,426010002,Liperi,Juvonen,KM,21090,1-2,6950954.0,3613909.0,80,False,False,False,False,False,False,False,False,True,True,False,Pottery,Säräisniemi 2 Ware,Luukonsaari Ware,Luukonsaari,1.0,,,,,,,,,KM 21090_1-2,"29,2180228","62,64544795",,,,,,,,asbesti,,True,False,False,,,
BA,777010025,Suomussalmi,Kalmosärkkä,KM,21316,1-3,7237045.0,3614621.0,199,False,False,False,False,False,False,False,True,False,False,False,Pottery,Lovozero Ware,Lovozero Ware,Lovozero,1.0,,,,,,,,,KM 21316_1-3,"29,44567113","65,2094768",,,,,,,,asbesti,,True,False,False,,,
BA,777010025,Suomussalmi,Kalmosärkkä,KM,21316,1-3,7237045.0,3614621.0,199,False,False,False,False,False,False,False,True,True,False,False,Pottery,Sarsa-Tomitsa Ware,Sarsa-Tomitsa Ware,ST,2.0,,,,,,,,,KM 21316_1-3,"29,44567113","65,2094768",,,,,,,,hiekka,,True,False,False,,,
BA,777010117,Suomussalmi,Joenniemi,KM,21327,1-5,7216972.0,3597610.0,199,False,False,False,False,False,False,False,True,True,False,False,Pottery,Säräisniemi 2 Ware,Anttila Ware,Anttila,1.0,,,,,,,,,KM 21327_1-5,"29,06843545","65,03503115",,,,,,,,talkki,,False,False,True,,,
BA,765010010,Sotkamo,Kiikarusniemi,KM,21482,1-215,7116710.0,3567120.0,137,False,False,False,False,False,False,False,True,True,False,False,Pottery,Sarsa-Tomitsa Ware,Sarsa-Tomitsa Ware,ST,1.0,,,,,,,,,KM 21482_1-215,"28,37534246","64,14352966",,,,,,,,talkki,,False,True,False,,,
BA,613010040,Porvoo,Böle,KM,21536,1-5188,6702770.0,3433160.0,10,False,False,False,False,False,False,False,True,True,False,False,Pottery,Sarsa-Tomitsa Ware,Sarsa-Tomitsa Ware,ST,3.0,,,,,,,,,KM 21536_1-5188,"25,78322962","60,43033691",,,,,,,,hiekka,,True,False,False,,,
BA,785010020,Vaala,Nimisjoki Kaitanen,KM,21566,1-6,7156950.0,3490550.0,123,False,False,False,False,False,False,False,True,True,False,False,Pottery,Säräisniemi 2 Ware,Anttila Ware,Anttila,2.0,,,,,,,,,KM 21566_1-6,"26,79970491","64,5108308",,,,,,,,talkki,kiille,True,False,False,,,
BA,785010020,Vaala,Nimisjoki Kaitanen,KM,21566,1-6,7156950.0,3490550.0,123,False,False,False,False,False,False,False,False,True,True,False,Pottery,Säräisniemi 2 Ware,Luukonsaari Ware,Luukonsaari,1.0,,,,,,,,,KM 21566_1-6,"26,79970491","64,5108308",,,,,,,,asbesti,,True,False,False,,,
BA,290010009,Kuhmo,Koposensaari,KM,21584,1-91,7117433.0,3622670.0,163,False,False,False,False,False,False,False,True,True,False,False,Pottery,Säräisniemi 2 Ware,Anttila Ware,Anttila,3.0,,,,,,,,,KM 21584_1-91,"29,51607957","64,13478844",,,,,,,,talkki,,True,False,False,,,
BA,433010014,Loppi,Kuitikas,KM,21728,1-11,6739853.0,3346483.0,115,False,False,False,False,False,False,False,True,True,False,False,Pottery,Coastal Bronze Age pottery,Paimio Ware,Paimio,2.0,,,,,,,,,KM 21728_1-11,"24,18209119","60,73910268",,,,,,,,kivimurska,hiekka,False,True,False,,,
BA,777010025,Suomussalmi,Kalmosärkkä,KM,21732,1-10,7237045.0,3614621.0,199,False,False,False,False,False,False,False,True,True,False,False,Pottery,Säräisniemi 2 Ware,Anttila Ware,Anttila,1.0,,,,,,,,,KM 21732_1-10,"29,44567113","65,2094768",,,,,,,,talkki,,False,True,False,,,
BA,777010025,Suomussalmi,Kalmosärkkä,KM,21732,1-10,7237045.0,3614621.0,199,False,False,False,False,False,False,False,False,True,True,False,Pottery,Säräisniemi 2 Ware,Luukonsaari Ware,Luukonsaari,1.0,,,,,,,,,KM 21732_1-10,"29,44567113","65,2094768",,,,,,,,asbesti,,False,True,False,,,
BA,777010027,Suomussalmi,Kellolaisten Tuli,KM,21733,1-20,7237822.0,3614945.0,199,False,False,False,False,False,False,False,True,True,False,False,Pottery,Säräisniemi 2 Ware,Anttila Ware,Anttila,1.0,,,,,,,,,KM 21733_1-20,"29,45323205","65,21632654",,,,,,,,talkki,,False,True,False,,,
BA,777010027,Suomussalmi,Kellolaisten Tuli,KM,21733,1-20,7237822.0,3614945.0,199,False,False,False,False,False,False,False,True,True,False,False,Pottery,Sarsa-Tomitsa Ware,Sarsa-Tomitsa Ware,ST,2.0,,,,,,,,,KM 21733_1-20,"29,45323205","65,21632654",,,,,,,,orgaaninen,kivimurska,False,True,False,,,
BA,777010056,Suomussalmi,Mikonsärkkä,KM,21734,1-5,7236404.0,3614044.0,199,False,False,False,False,False,False,False,True,True,False,False,Pottery,Säräisniemi 2 Ware,Anttila Ware,Anttila,1.0,,,,,,,,,KM 21734_1-5,"29,43282705","65,20393286",,,,,,,,talkki,kiille,False,True,False,,,
BA,777010056,Suomussalmi,Mikonsärkkä,KM,21734,1-5,7236404.0,3614044.0,199,False,False,False,False,False,False,False,True,True,False,False,Pottery,Sarsa-Tomitsa Ware,Sarsa-Tomitsa Ware,ST,1.0,,,,,,,,,KM 21734_1-5,"29,43282705","65,20393286",,,,,,,,kivimurska,orgaaninen,False,True,False,,,
BA,777010049,Suomussalmi,Maikonsärkkä,KM,21735,1-6,7236703.0,3615912.0,199,False,False,False,False,False,False,False,False,True,True,False,Pottery,Säräisniemi 2 Ware,Luukonsaari Ware,Luukonsaari,1.0,,,,,,,,,KM 21735_1-6,"29,4729413","65,20596123",,,,,,,,asbesti,,True,False,False,,,
BA,890010001,Utsjoki,Ala-Jalve,KM,21749,1-11,7777280.0,3527000.0,45,False,False,False,False,False,False,False,True,False,False,False,Pottery,Lovozero Ware,Lovozero Ware,Lovozero,2.0,,,,,,,,,KM 21749_1-11,"27,70496792","70,07180011",,,,,,,,asbesti,,True,False,False,,,
BA,890010001,Utsjoki,Ala-Jalve,KM,21836,,7777280.0,3527000.0,45,False,False,False,False,False,False,False,True,False,False,False,Pottery,Lovozero Ware,Lovozero Ware,Lovozero,1.0,,,,,,,,,KM 21836_,"27,70496792","70,07180011",,,,,,,,asbesti,,True,False,False,,,
BA,777010025,Suomussalmi,Kalmosärkkä,KM,21848,1-3,7237045.0,3614621.0,199,False,False,False,False,False,False,False,True,True,False,False,Pottery,Sarsa-Tomitsa Ware,Sarsa-Tomitsa Ware,ST,3.0,,,,,,,,,KM 21848_1-3,"29,44567113","65,2094768",,,,,,,,talkki,,True,False,False,,,
BA,785010020,Vaala,Nimisjoki Kaitanen,KM,21997,,7156950.0,3490550.0,123,False,False,False,False,False,False,False,True,True,False,False,Pottery,Säräisniemi 2 Ware,Anttila Ware,Anttila,1.0,,,,,,,,karsta,KM 21997_,"26,79970491","64,5108308",,,,,,,,talkki,,True,False,False,,,
BA,777010117,Suomussalmi,Joenniemi,KM,22003,1-7,7216972.0,3597610.0,199,False,False,False,False,False,False,False,True,True,False,False,Pottery,Sarsa-Tomitsa Ware,Sarsa-Tomitsa Ware,ST,3.0,,,,,,,,,KM 22003_1-7,"29,06843545","65,03503115",,,,,,,,talkki,,True,False,False,,,
BA,613010040,Porvoo,Böle,KM,22004,1-7246,6702770.0,3433160.0,10,False,False,False,False,False,False,False,False,True,True,False,Pottery,Säräisniemi 2 Ware,Luukonsaari Ware,Luukonsaari,2.0,,,,,,,,,KM 22004_1-7246,"25,78322962","60,43033691",,,,,,,,asbesti,,True,False,False,,,
BA,594010013,Pieksämäki,Vemmellahti 1,KM,22016,1-18,6919440.0,3509440.0,120,False,False,False,False,False,False,False,False,True,True,False,Pottery,Säräisniemi 2 Ware,Luukonsaari Ware,Luukonsaari,1.0,,,,,,,,,KM 22016_1-18,"27,17913825","62,38012295",,,,,,,,asbesti,,True,False,False,,,
BA,594010014,Pieksämäki,Vemmellahti 2,KM,22017,1-4,6918680.0,3510140.0,120,False,False,False,False,False,False,False,False,True,True,False,Pottery,Säräisniemi 2 Ware,Luukonsaari Ware,Luukonsaari,1.0,,,,,,,,,KM 22017_1-4,"27,19262253","62,37328587",,,,,,,,asbesti,,True,False,False,,,
BA,594010001,Pieksämäki,Naarajärvi,KM,22019,1-1070,6907350.0,3502460.0,82,False,False,False,False,False,False,False,False,True,True,False,Pottery,Säräisniemi 2 Ware,Sirnihta Ware,Sirnihta,2.0,,,,,,,,,KM 22019_1-1070,"27,04408608","62,27175285",,,,,,,,asbesti,,False,True,False,,,
BA,777010056,Suomussalmi,Mikonsärkkä,KM,22065,1-22,7236404.0,3614044.0,199,False,False,False,False,False,False,False,True,True,False,False,Pottery,Säräisniemi 2 Ware,Anttila Ware,Anttila,3.0,,,,,,,,,KM 22065_1-22,"29,43282705","65,20393286",,,,,,,,talkki,kiille,True,False,False,,,
BA,777010056,Suomussalmi,Mikonsärkkä,KM,22065,1-22,7236404.0,3614044.0,199,False,False,False,False,False,False,False,False,True,True,False,Pottery,Säräisniemi 2 Ware,Luukonsaari Ware,Luukonsaari,2.0,,,,,,,,,KM 22065_1-22,"29,43282705","65,20393286",,,,,,,,asbesti,,True,False,False,,,
BA,777010056,Suomussalmi,Mikonsärkkä,KM,22065,1-22,7236404.0,3614044.0,199,False,False,False,False,False,False,False,True,True,False,False,Pottery,Sarsa-Tomitsa Ware,Sarsa-Tomitsa Ware,ST,2.0,,,,,,,,,KM 22065_1-22,"29,43282705","65,20393286",,,,,,,,hiekka,asbesti,True,False,False,,,
BA,777010027,Suomussalmi,Kellolaisten Tuli,KM,22066,1-25,7237822.0,3614945.0,199,False,False,False,False,False,False,False,True,True,False,False,Pottery,Säräisniemi 2 Ware,Anttila Ware,Anttila,2.0,,,,,,,,,KM 22066_1-25,"29,45323205","65,21632654",,,,,,,,talkki,,False,True,False,,,
BA,777010027,Suomussalmi,Kellolaisten Tuli,KM,22066,1-25,7237822.0,3614945.0,199,False,False,False,False,False,False,False,True,False,False,False,Pottery,Lovozero Ware,Lovozero Ware,Lovozero,2.0,,,,,,,,,KM 22066_1-25,"29,45323205","65,21632654",,,,,,,,asbesti,,True,False,False,,,
BA,777010027,Suomussalmi,Kellolaisten Tuli,KM,22066,1-25,7237822.0,3614945.0,199,False,False,False,False,False,False,False,True,True,False,False,Pottery,Sarsa-Tomitsa Ware,Sarsa-Tomitsa Ware,ST,2.0,,,,,,,,,KM 22066_1-25,"29,45323205","65,21632654",,,,,,,,hiekka,,True,False,False,,,
BA,613010055,Porvoo,Kiviharju Katajatie 12,KM,22196,,6696030.0,3424060.0,12,False,False,False,False,False,False,False,True,True,False,False,Pottery,Coastal Bronze Age pottery,Coastal Bronze Age pottery,pronssikautinen,2.0,,,,,,,,,KM 22196_,"25,62060551","60,36825105",,,,,,,,kivimurska,,True,False,False,,,
BA,765010010,Sotkamo,Kiikarusniemi,KM,22198,,7116710.0,3567120.0,137,False,False,False,False,False,False,False,True,True,False,False,Pottery,Säräisniemi 2 Ware,Anttila Ware,Anttila,1.0,,,,,,,,Upokas samanlaista savimassaa (alanumerossa 422),KM 22198_,"28,37534246","64,14352966",,,,,,,,kiille,,False,False,True,,,
BA,765010010,Sotkamo,Kiikarusniemi,KM,22198,,7116710.0,3567120.0,137,False,False,False,False,False,False,False,True,True,False,False,Pottery,Sarsa-Tomitsa Ware,Sarsa-Tomitsa Ware,ST,1.0,,,,,,,,,KM 22198_,"28,37534246","64,14352966",,,,,,,,vuolukivi,,False,True,False,,,
BA,uusi 50,Hämeenlinna,Tervamäki 1,KM,22281,1-2,6792261.0,3361198.0,93,False,False,False,False,False,False,False,True,True,False,False,Pottery,Coastal Bronze Age pottery,Coastal Bronze Age pottery,pronssikautinen,3.0,,,,,,,,Ehkä Paimion keramiikkaa,KM 22281_1-2,"24,41364646","61,21435103",,,,,,,,hiekka,,True,False,False,,,
BA,uusi 51,Hämeenlinna,Tervamäki 2,KM,22282,,6792147.0,3361283.0,92,False,False,False,False,False,False,False,True,True,False,False,Pottery,Coastal Bronze Age pottery,Coastal Bronze Age pottery,pronssikautinen,3.0,,,,,,,,Ehkä Paimion keramiikkaa,KM 22282_,"24,41531031","61,2133592",,,,,,,,hiekka,,True,False,False,,,
BA,594010013,Pieksämäki,Vemmellahti 1,KM,22367,1-1924,6919440.0,3509440.0,120,False,False,False,False,False,False,False,False,True,True,False,Pottery,Säräisniemi 2 Ware,Luukonsaari Ware,Luukonsaari,3.0,,,,,,,,"Reunapala, jonka alapuolella vaakaan vedetty leveä ura js sen alla pysäytettyjä kampaleimoja, ehkä Luukonsaari? Mahdollisesti samaa astiaa on tasapohjainen pala (924)",KM 22367_1-1924,"27,17913825","62,38012295",,,,,,,,asbesti,,False,False,True,,,
BA,594010013,Pieksämäki,Vemmellahti 1,KM,22436,1-362,6919440.0,3509440.0,120,False,False,False,False,False,False,False,False,True,True,False,Pottery,Säräisniemi 2 Ware,Luukonsaari Ware,Luukonsaari,1.0,,,,,,,,"karstaa (339, 352)",KM 22436_1-362,"27,17913825","62,38012295",,,,,,,,asbesti,,False,False,True,,,
BA,777010056,Suomussalmi,Mikonsärkkä,KM,22438,1-12,7236404.0,3614044.0,199,False,False,False,False,False,False,False,True,True,False,False,Pottery,Säräisniemi 2 Ware,Anttila Ware,Anttila,2.0,,,,,,,,,KM 22438_1-12,"29,43282705","65,20393286",,,,,,,,talkki,,True,False,False,,,
BA,85010008,Mikkeli,Oinastenniemi,KM,22468,1-3,6888940.0,3499890.0,105,False,False,False,False,False,False,False,False,True,True,False,Pottery,Säräisniemi 2 Ware,Luukonsaari Ware,Luukonsaari,2.0,,,,,,,,,KM 22468_1-3,"26,99462825","62,10657183",,,,,,,,asbesti,,False,True,False,,,
BA,890010001,Utsjoki,Ala-Jalve,KM,22488,1-3490,7777280.0,3527000.0,45,False,False,False,False,False,False,False,True,False,False,False,Pottery,Lovozero Ware,Lovozero Ware,Lovozero,1.0,,,,,,,,"karstaa, reikä (1776)",KM 22488_1-3490,"27,70496792","70,07180011",,,,,,,,asbesti,,False,False,True,,,
BA,935010031,Virolahti,Mattilan VPK,KM,22495,1-2,6723120.0,3541780.0,15,False,False,False,False,False,False,False,True,True,False,False,Pottery,Sarsa-Tomitsa Ware,Sarsa-Tomitsa Ware,ST,2.0,,,,,,,,,KM 22495_1-2,"27,7598925","60,61637813",,,,,,,,orgaaninen,,True,False,False,,,
BA,4040034,Kauhava,Puisaarenkytö,KM,22506,1-3,7024674.0,3290773.0,36,False,False,False,False,False,False,False,True,True,False,False,Pottery,Sarsa-Tomitsa Ware,Sarsa-Tomitsa Ware,ST,,,,,,,,,Sarsa,KM 22506_1-3,"22,82786376","63,26325429",,,,,,,,orgaaninen,,True,False,False,,,
BA,777010256,Suomussalmi,Airikainen,KM,22522,1-7,7207881.0,3586243.0,199,False,False,False,False,False,False,False,True,True,False,False,Pottery,Säräisniemi 2 Ware,Anttila Ware,Anttila,1.0,,,,,,,,,KM 22522_1-7,"28,82173462","64,95667495",,,,,,,,talkki,kiille,False,True,False,,,
BA,777010109,Suomussalmi,Vanha Kirkkosaari,KM,22528,1-9,7199467.0,3592457.0,199,False,False,False,False,False,False,False,True,True,False,False,Pottery,Sarsa-Tomitsa Ware,Sarsa-Tomitsa Ware,ST,3.0,,,,,,,,,KM 22528_1-9,"28,94768641","64,87958819",,,,,,,,kivimurska,,True,False,False,,,
BA,1000001491,Nousiainen,Haverinnummi,KM,22616,1-5,6734500.0,3236560.0,30,False,False,False,False,False,False,False,True,True,False,False,Pottery,Coastal Bronze Age pottery,Paimio Ware,Paimio,3.0,,,,,,,,,KM 22616_1-5,"22,18043066","60,63386178",,,,,,,,kivimurska,,True,False,False,,,
BA,890010001,Utsjoki,Ala-Jalve,KM,22630,1-4,7777280.0,3527000.0,45,False,False,False,False,False,False,False,True,False,False,False,Pottery,Lovozero Ware,Lovozero Ware,Lovozero,1.0,,,,,,,,,KM 22630_1-4,"27,70496792","70,07180011",,,,,,,,asbesti,,True,False,False,,,
BA,165010023,Janakkala,Vähä-Hiisi 1 ja 2,KM,22707,1-4,6760066.0,3370829.0,82,False,False,False,False,False,False,False,True,True,False,False,Pottery,Sarsa-Tomitsa Ware,Sarsa-Tomitsa Ware,ST,3.0,,,,,,,,Rautakauden kokoelmissa,KM 22707_1-4,"24,61452028","60,92897983",,,,,,,,orgaaninen,hiekka,True,False,False,,,
BA,47010076,Enontekiö,Proksinkenttä,KM,22841,1-325,7593361.0,3363136.0,288,False,False,False,False,False,False,False,True,False,False,False,Pottery,Lovozero Ware,Lovozero Ware,Lovozero,1.0,,,,,,,,"karstaa (100, 106), myös naarmutettupintaista keramiikkaa (Risvik?)",KM 22841_1-325,"23,6655816","68,39121928",,,,,,,,asbesti,,False,True,False,,,
BA,146010028,Ilomantsi,Suiponniemi,KM,22873,1-6,6956841.0,3708210.0,145,False,False,False,False,False,False,False,False,True,True,False,Pottery,Säräisniemi 2 Ware,Sirnihta Ware,Sirnihta,3.0,,,,,,,,,KM 22873_1-6,"31,05996043","62,65703869",,,,,,,,asbesti,,False,True,False,,,
BA,890010001,Utsjoki,Ala-Jalve,KM,22897,1-4028,7777280.0,3527000.0,45,False,False,False,False,False,False,False,True,False,False,False,Pottery,Lovozero Ware,Lovozero Ware,Lovozero,1.0,,,,,,,,"osa keramiikasta naarmutettua (Risvik?), karstaa (604, 1123)",KM 22897_1-4028,"27,70496792","70,07180011",,,,,,,,asbesti,orgaaninen (karva),False,False,True,,,
BA,853010058,Turku,Hannunniittu,KM,22909,,6714244.0,3243084.0,23,False,False,False,False,False,False,False,True,True,False,False,Pottery,Coastal Bronze Age pottery,Paimio Ware,Paimio,2.0,,,,,,,,Keramiikka osin historiallista?,KM 22909_,"22,3255017","60,45690929",,,,,,,,kivimurska,,False,False,True,,,
BA,777010263,Suomussalmi,Niemenkangas S,KM,22930,1-4,7190100.0,3604240.0,189,False,False,False,False,False,False,False,True,True,False,False,Pottery,Säräisniemi 2 Ware,Anttila Ware,Anttila,1.0,,,,,,,,,KM 22930_1-4,"29,18932501","64,79217431",,,,,,,,kiille,talkki,True,False,False,,,
BA,146010005,Ilomantsi,Karpankangas,KM,22938,1-141,6956801.0,3714559.0,148,False,False,False,False,False,False,False,True,False,False,False,Pottery,Lovozero Ware,Lovozero Ware,Lovozero,3.0,,,,,,,,,KM 22938_1-141,"31,18342497","62,65304416",,,,,,,,asbesti,orgaaninen,True,False,False,,,
BA,146010028,Ilomantsi,Suiponniemi,KM,22940,,6956841.0,3708210.0,145,False,False,False,False,False,False,False,False,True,True,False,Pottery,Säräisniemi 2 Ware,Sirnihta Ware,Sirnihta,3.0,,,,,,,,,KM 22940_,"31,05996043","62,65703869",,,,,,,,asbesti,,True,False,False,,,
BA,765010023,Sotkamo,Räätäkangas,KM,22965,1-242,7103729.0,3584709.0,157,False,False,False,False,False,False,False,True,False,False,False,Pottery,Lovozero Ware,Lovozero Ware,Lovozero,3.0,,,,,,,,,KM 22965_1-242,"28,7292626","64,02328472",,,,,,,,asbesti,,True,False,False,,,
BA,975010019,Seinäjoki,Kitinkangas,KM,22974,1-5,6988694.0,3284814.0,48,False,False,False,False,False,False,False,True,True,False,False,Pottery,Coastal Bronze Age pottery,Coastal Bronze Age pottery,pronssikautinen,3.0,,,,,,,,,KM 22974_1-5,"22,75680169","62,9378298",,,,,,,,hiekka,,False,True,False,,,
BA,433010014,Loppi,Kuitikas,KM,23083,1-16,6739853.0,3346483.0,115,False,False,False,False,False,False,False,True,True,False,False,Pottery,Sarsa-Tomitsa Ware,Sarsa-Tomitsa Ware,ST,1.0,,,,,,,,,KM 23083_1-16,"24,18209119","60,73910268",,,,,,,,kivimurska,,False,True,False,,,
BA,433010027,Loppi,Lehtimäki,KM,23084,1-16,6740779.0,3346366.0,120,False,False,False,False,False,False,False,True,True,False,False,Pottery,Sarsa-Tomitsa Ware,Sarsa-Tomitsa Ware,ST,3.0,,,,,,,,,KM 23084_1-16,"24,1792201","60,74735807",,,,,,,,kivimurska,,True,False,False,,,
BA,777010027,Suomussalmi,Kellolaisten Tuli,KM,23127,1-5,7237822.0,3614945.0,199,False,False,False,False,False,False,False,True,True,False,False,Pottery,Sarsa-Tomitsa Ware,Sarsa-Tomitsa Ware,ST,2.0,,,,,,,,,KM 23127_1-5,"29,45323205","65,21632654",,,,,,,,hiekka,,True,False,False,,,
BA,1000000057,Laitila,Hautvuori,KM,23221,,6761520.0,3216560.0,20,False,False,False,False,False,False,False,True,True,False,False,Pottery,Coastal Bronze Age pottery,Paimio Ware,Paimio,2.0,,,,,,,,,KM 23221_,"21,77727087","60,86171902",,,,,,,,hiekka,,True,False,False,,,
BA,890010001,Utsjoki,Ala-Jalve,KM,23306,1-,7777280.0,3527000.0,45,False,False,False,False,False,False,False,True,False,False,False,Pottery,Lovozero Ware,Lovozero Ware,Lovozero,1.0,,,,,,,,,KM 23306_1-,"27,70496792","70,07180011",,,,,,,,asbesti,,False,False,True,,,
BA,777010168,Suomussalmi,Pääskynen,KM,23328,1-270,7215666.0,3600038.0,199,False,False,False,False,False,False,False,True,True,False,False,Pottery,Säräisniemi 2 Ware,Anttila Ware,Anttila,2.0,,,,,,,,,KM 23328_1-270,"29,11900603","65,02260409",,,,,,,,kiille,,False,True,False,,,
BA,777010168,Suomussalmi,Pääskynen,KM,23328,1-270,7215666.0,3600038.0,199,False,False,False,False,False,False,False,True,False,False,False,Pottery,Lovozero Ware,Lovozero Ware,Lovozero,2.0,,,,,,,,,KM 23328_1-270,"29,11900603","65,02260409",,,,,,,,asbesti,,False,True,False,,,
BA,777010114,Suomussalmi,Kukkosaari,KM,23332,1-34,7201478.0,3592642.0,199,False,False,False,False,False,False,False,True,False,False,False,Pottery,Lovozero Ware,Lovozero Ware,Lovozero,3.0,,,,,,,,,KM 23332_1-34,"28,95289744","64,89756391",,,,,,,,asbesti,orgaaninen,False,True,False,,,
BA,166010032,Uusikaarlepyy,Jepua Råbacken 2,KM,23338,1-18,7038238.0,3279169.0,25,False,False,False,False,False,False,False,True,True,False,False,Pottery,Säräisniemi 2 Ware,Anttila Ware,Anttila,2.0,,,,,,,,karsta (5),KM 23338_1-18,"22,57885547","63,37762929",,,,,,,,talkki,kiille,True,False,False,,,
BA,166010032,Uusikaarlepyy,Jepua Råbacken 2,KM,23338,1-18,7038238.0,3279169.0,25,False,False,False,False,False,False,False,True,True,False,False,Pottery,Coastal Bronze Age pottery,Coastal Bronze Age pottery,pronssikautinen,2.0,,,,,,,,,KM 23338_1-18,"22,57885547","63,37762929",,,,,,,,orgaaninen,hiekka,False,True,False,,,
BA,975010014,Seinäjoki,Viinapränninlaakso,KM,23340,1-45,6992897.0,3281905.0,41,False,False,False,False,False,False,False,True,True,False,False,Pottery,Coastal Bronze Age pottery,Coastal Bronze Age pottery,pronssikautinen,3.0,,,,,,,,,KM 23340_1-45,"22,69414223","62,97370041",,,,,,,,kivimurska,,False,True,False,,,
BA,944010083,Vöyri,Vitmossen 3,KM,23341,1-71,7017905.0,3267113.0,40,False,False,False,False,False,False,False,True,True,False,False,Pottery,Coastal Bronze Age pottery,Coastal Bronze Age pottery,pronssikautinen,1.0,,,,,,,,,KM 23341_1-71,"22,36792447","63,18815927",,,,,,,,orgaaninen,,False,True,False,,,
BA,146010028,Ilomantsi,Suiponniemi,KM,23382,1-107,6956841.0,3708210.0,145,False,False,False,False,False,False,False,True,False,False,False,Pottery,Lovozero Ware,Lovozero Ware,Lovozero,2.0,,,,,,,,,KM 23382_1-107,"31,05996043","62,65703869",,,,,,,,asbesti,,False,False,True,,,
BA,729010044,Saarijärvi,Multapakanniemi,KM,23440,1-12,6955657.0,3416755.0,120,False,False,False,False,False,False,False,False,True,True,False,Pottery,Säräisniemi 2 Ware,Luukonsaari Ware,Luukonsaari,3.0,,,,,,,,,KM 23440_1-12,"25,37064656","62,69572653",,,,,,,,asbesti,,True,False,False,,,
BA,777010049,Suomussalmi,Maikonsärkkä,KM,23479,1-7,7236703.0,3615912.0,199,False,False,False,False,False,False,False,True,True,False,False,Pottery,Säräisniemi 2 Ware,Anttila Ware,Anttila,2.0,,,,,,,,,KM 23479_1-7,"29,4729413","65,20596123",,,,,,,,kiille,,False,True,False,,,
BA,729010029,Saarijärvi,Saarenpää,KM,23576,1-26,6952073.0,3415237.0,110,False,False,False,False,False,False,False,False,True,True,False,Pottery,Säräisniemi 2 Ware,Luukonsaari Ware,Luukonsaari,1.0,,,,,,,,,KM 23576_1-26,"25,34280909","62,66323675",,,,,,,,asbesti,,False,True,False,,,
BA,853010048,Turku,Niuskala,KM,23601,1-334,6716521.0,3242910.0,22,False,False,False,False,False,False,False,True,True,False,False,Pottery,Coastal Bronze Age pottery,Paimio Ware,Paimio,2.0,,,,,,,,,KM 23601_1-334,"22,31941226","60,47716651",,,,,,,,hiekka,kivimurska,False,False,True,,,
BA,844010002,Tervo,Keskikoulu,KM,23699,1-38,6983100.0,3487720.0,98,False,False,False,False,False,False,False,False,True,True,False,Pottery,Säräisniemi 2 Ware,Luukonsaari Ware,Luukonsaari,1.0,,,,,,,,"Reunapala erikoisesti rengasleimoilla koristeltua asbestisekoitteista keramiikkaa, ei mitään tunnettua tyyppiä (37)",KM 23699_1-38,"26,75469871","62,95118857",,,,,,,,asbesti,,True,False,False,,,
BA,290010052,Kuhmo,Pajasaari,KM,23700,1-315,7113075.0,3597344.0,160,False,False,False,False,False,False,False,True,True,False,False,Pottery,Säräisniemi 2 Ware,Anttila Ware,Anttila,2.0,,,,,,,,,KM 23700_1-315,"28,99352137","64,10376703",,,,,,,,kiille,,True,False,False,,,
BA,290010052,Kuhmo,Pajasaari,KM,23700,1-315,7113075.0,3597344.0,160,False,False,False,False,False,False,False,False,True,True,False,Pottery,Säräisniemi 2 Ware,Luukonsaari Ware,Luukonsaari,3.0,,,,,,,,,KM 23700_1-315,"28,99352137","64,10376703",,,,,,,,asbesti,,True,False,False,,,
BA,290010052,Kuhmo,Pajasaari,KM,23700,1-315,7113075.0,3597344.0,160,False,False,False,False,False,False,False,True,True,False,False,Pottery,Sarsa-Tomitsa Ware,Sarsa-Tomitsa Ware,ST,1.0,,,,,,,,,KM 23700_1-315,"28,99352137","64,10376703",,,,,,,,kivimurska,,True,False,False,,,
BA,777010117,Suomussalmi,Joenniemi,KM,23701,1-564,7216972.0,3597610.0,199,False,False,False,False,False,False,False,True,True,False,False,Pottery,Säräisniemi 2 Ware,Anttila Ware,Anttila,2.0,,,,,,,,,KM 23701_1-564,"29,06843545","65,03503115",,,,,,,,kiille,vuolukivi,False,False,True,,,
BA,777010117,Suomussalmi,Joenniemi,KM,23701,1-564,7216972.0,3597610.0,199,False,False,False,False,False,False,False,False,True,True,False,Pottery,Säräisniemi 2 Ware,Luukonsaari Ware,Luukonsaari,1.0,,,,,,,,"samanlaista rengaspainannekoristelua kuin Tervon koulukeskuksen asuinpaikalla (330), tunnistamatonta tyyliä, mutta myös selkeää Luukonsaarta aineistossa",KM 23701_1-564,"29,06843545","65,03503115",,,,,,,,asbesti,,False,True,False,,,
BA,777010117,Suomussalmi,Joenniemi,KM,23701,1-564,7216972.0,3597610.0,199,False,False,False,False,False,False,False,True,True,False,False,Pottery,Sarsa-Tomitsa Ware,Sarsa-Tomitsa Ware,ST,1.0,,,,,,,,,KM 23701_1-564,"29,06843545","65,03503115",,,,,,,,kiille,hiekka,False,True,False,,,
BA,729010029,Saarijärvi,Saarenpää,KM,23702,124,6952073.0,3415237.0,110,False,False,False,False,False,False,False,False,True,True,False,Pottery,Säräisniemi 2 Ware,Luukonsaari Ware,Luukonsaari,1.0,,,,,,,,,KM 23702_124,"25,34280909","62,66323675",,,,,,,,asbesti,kiille,False,False,True,,,
BA,729010029,Saarijärvi,Saarenpää,KM,23702,1-124,6952073.0,3415237.0,110,False,False,False,False,False,False,False,False,True,True,False,Pottery,Säräisniemi 2 Ware,Luukonsaari Ware,Luukonsaari,1.0,,,,,,,,"kuonaantunutta keramiikkaa, tekstiilipainanne  (120)",KM 23702_1-124,"25,34280909","62,66323675",,,,,,,,asbesti,kiille,False,False,True,,,
BA,146010005,Ilomantsi,Karpankangas,KM,23727,1-152,6956801.0,3714559.0,148,False,False,False,False,False,False,False,True,True,False,False,Pottery,Sarsa-Tomitsa Ware,Sarsa-Tomitsa Ware,ST,3.0,,,,,,,,,KM 23727_1-152,"31,18342497","62,65304416",,,,,,,,orgaaninen,,False,False,True,,,
BA,890010001,Utsjoki,Ala-Jalve,KM,23808,1-3230,7777280.0,3527000.0,45,False,False,False,False,False,False,False,True,False,False,False,Pottery,Lovozero Ware,Lovozero Ware,Lovozero,1.0,,,,,,,,,KM 23808_1-3230,"27,70496792","70,07180011",,,,,,,,asbesti,"hiekka, karva",False,False,True,,,
BA,607010006,Polvijärvi,Multavieru,KM,23819,1-28,6982376.0,3619573.0,100,False,False,False,False,False,False,False,True,True,False,False,Pottery,Sarsa-Tomitsa Ware,Sarsa-Tomitsa Ware,ST,1.0,,,,,,,,,KM 23819_1-28,"29,35071479","62,92533941",,,,,,,,kivimurska,,True,False,False,,,
BA,183010013,Jämsä,Ala-Rekola,KM,23823,1-6,6872320.0,3403085.0,97,False,False,False,False,False,False,False,True,True,False,False,Pottery,Coastal Bronze Age pottery,Coastal Bronze Age pottery,pronssikautinen,3.0,,,,,,,,,KM 23823_1-6,"25,15031923","61,94502724",,,,,,,,kivimurska,,False,True,False,,,
BA,777010114,Suomussalmi,Kukkosaari,KM,23832,1-19,7201478.0,3592642.0,199,False,False,False,False,False,False,False,False,True,True,False,Pottery,Säräisniemi 2 Ware,Luukonsaari Ware,Luukonsaari,3.0,,,,,,,,,KM 23832_1-19,"28,95289744","64,89756391",,,,,,,,asbesti,,True,False,False,,,
BA,707010006,Rääkkylä,Mehonlahti 1,KM,23869,1-25,6902151.0,3650550.0,80,False,False,False,False,False,False,False,True,True,False,False,Pottery,Sarsa-Tomitsa Ware,Sarsa-Tomitsa Ware,ST,1.0,,,,,,,,,KM 23869_1-25,"29,88909658","62,19501618",,,,,,,,hiekka,,True,False,False,,,
BA,260010019,Kitee,Kyöpelinvuori 1,KM,23876,1-8,6900179.0,3653578.0,90,False,False,False,False,False,False,False,True,True,False,False,Pottery,Sarsa-Tomitsa Ware,Sarsa-Tomitsa Ware,ST,1.0,,,,,,,,,KM 23876_1-8,"29,94545888","62,17612201",,,,,,,,kiille,,True,False,False,,,
BA,91010030,Helsinki,Malminkartano Rukkila,KM,23940,1-423,6684249.0,3381915.0,28,False,False,False,False,False,False,False,True,True,False,False,Pottery,Coastal Bronze Age pottery,Paimio Ware,Paimio,2.0,,,,,,,,,KM 23940_1-423,"24,86420326","60,25248186",,,,,,,,hiekka,,False,True,False,,,
BA,559010022,Vöyri,Torplindorna S,KM,23950,1-7,7024321.0,3275632.0,45,False,False,False,False,False,False,False,True,True,False,False,Pottery,Coastal Bronze Age pottery,Coastal Bronze Age pottery,pronssikautinen,2.0,,,,,,,,karstaa (1),KM 23950_1-7,"22,52774122","63,25095365",,,,,,,,kivimurska,,True,False,False,,,
BA,559010025,Vöyri,Torplindorna N,KM,23951,1-7,7024529.0,3275462.0,45,False,False,False,False,False,False,False,True,True,False,False,Pottery,Coastal Bronze Age pottery,Coastal Bronze Age pottery,pronssikautinen,2.0,,,,,,,,,KM 23951_1-7,"22,52407906","63,25270776",,,,,,,,kivimurska,,True,False,False,,,
BA,290010053,Kuhmo,Vasikkaniemi SW,KM,23959,1-39,7112834.0,3598406.0,159,False,False,False,False,False,False,False,False,True,True,False,Pottery,Säräisniemi 2 Ware,Luukonsaari Ware,Luukonsaari,3.0,,,,,,,,,KM 23959_1-39,"29,01513604","64,10130682",,,,,,,,asbesti,,False,False,True,,,
BA,166010032,Uusikaarlepyy,Jepua Råbacken 2,KM,24015,1-28,7038238.0,3279169.0,25,False,False,False,False,False,False,False,False,True,True,False,Pottery,Säräisniemi 2 Ware,Luukonsaari Ware,Luukonsaari,1.0,,,,,,,,röykkiöstä,KM 24015_1-28,"22,57885547","63,37762929",,,,,,,,asbesti,,True,False,False,,,
BA,606010037,Raasepori,Permortan,KM,24020,1-143,6667486.0,3310490.0,26,False,False,False,False,False,False,False,True,True,False,False,Pottery,Coastal Bronze Age pottery,Coastal Bronze Age pottery,pronssikautinen,2.0,,,,,,,,,KM 24020_1-143,"23,59197855","60,07530076",,,,,,,,hiekka,kivimurska,False,False,True,,,
BA,778010003,Suonenjoki,Kalaranta,KM,24220,1-15,6951760.0,3496940.0,100,False,False,False,False,False,False,False,False,True,True,False,Pottery,Säräisniemi 2 Ware,Luukonsaari Ware,Luukonsaari,2.0,,,,,,,,,KM 24220_1-15,"26,93695341","62,6702078",,,,,,,,asbesti,,True,False,False,,,
BA,559010023,Vöyri,Finndalen,KM,24286,1-49,7026949.0,3276837.0,47,False,False,False,False,False,False,False,False,True,False,False,Pottery,Coastal Bronze Age pottery,Lausitz Ware,maljatyyppi,2.0,,,,,,,,Hiidenkiauslöytö.,KM 24286_1-49,"22,54802821","63,27521004",,,,,,,,hiekka,kvartsi,True,False,False,,,
BA,559010023,Vöyri,Finndalen,KM,24286,1-49,7026949.0,3276837.0,47,False,False,False,False,False,False,False,True,True,False,False,Pottery,Coastal Bronze Age pottery,Coastal Bronze Age pottery,pronssikautinen,2.0,,,,,,,,,KM 24286_1-49,"22,54802821","63,27521004",,,,,,,,hiekka,kivimurska,False,True,False,,,
BA,148010479,Inari,Annanlahti,KM,24313,1-9,7643600.0,3551405.0,119,False,False,False,False,False,False,False,True,False,False,False,Pottery,Lovozero Ware,Lovozero Ware,Lovozero,1.0,,,,,,,,karstaa (2),KM 24313_1-9,"28,27304792","68,8701046",,,,,,,,asbesti,,False,True,False,,,
BA,277010043,Jyväskylä,Raidanlahti,KM,24323,,6876080.0,3434440.0,85,False,False,False,False,False,False,False,True,True,False,False,Pottery,Sarsa-Tomitsa Ware,Sarsa-Tomitsa Ware,ST,2.0,,,,,,,,,KM 24323_,"25,74610392","61,98548001",,,,,,,,kivimurska,,False,True,False,,,
BA,277010043,Jyväskylä,Raidanlahti,KM,24323,,6876080.0,3434440.0,85,False,False,False,False,False,False,False,True,True,False,False,Pottery,Sarsa-Tomitsa Ware,Sarsa-Tomitsa Ware,ST,1.0,,,,,,,,,KM 24323_,"25,74610392","61,98548001",,,,,,,,kiille,kivimurska,True,False,True,,,
BA,729010029,Saarijärvi,Saarenpää,KM,24339,1-23,6952073.0,3415237.0,110,False,False,False,False,False,False,False,False,True,True,False,Pottery,Säräisniemi 2 Ware,Luukonsaari Ware,Luukonsaari,1.0,,,,,,,,,KM 24339_1-23,"25,34280909","62,66323675",,,,,,,,asbesti,,False,True,False,,,
BA,148010423,Inari,Vaskojoen suu,KM,24359,1-29,7645400.0,3485540.0,142,False,False,False,False,False,False,False,True,False,False,False,Pottery,Lovozero Ware,Lovozero Ware,Lovozero,2.0,,,,,,,,,KM 24359_1-29,"26,63608428","68,89061124",,,,,,,,asbesti,,False,True,False,,,
BA,148010013,Inari,Saamen museo / Vuopaja,KM,24364,1-442,7647620.0,3500800.0,121,False,False,False,False,False,False,False,True,False,False,False,Pottery,Vardöy (IT) Ware,Vardöy (IT) Ware,IT,1.0,,,,,,,,,KM 24364_1-442,"27,01561672","68,91090111",,,,,,,,asbesti,karva,False,False,False,,,
BA,399010108,Laihia,Viirikallio 1,KM,24366,1-123,6989020.0,3236820.0,25,False,False,False,False,False,False,False,True,True,False,False,Pottery,Sarsa-Tomitsa Ware,Sarsa-Tomitsa Ware,ST,1.0,,,,,,,,karstaa (41),KM 24366_1-123,"21,81485939","62,90923251",,,,,,,,kiille,,False,False,True,,,
BA,614010033,Posio,Kälkäjänniemi,KM,24383,1-6,7307780.0,3566030.0,233,False,False,False,False,False,False,False,True,False,False,False,Pottery,Lovozero Ware,Lovozero Ware,Lovozero,2.0,,,,,,,,,KM 24383_1-6,"28,4424918","65,8569723",,,,,,,,asbesti,,True,False,False,,,
BA,890010001,Utsjoki,Ala-Jalve,KM,24394,1-7,7777280.0,3527000.0,45,False,False,False,False,False,False,False,True,False,False,False,Pottery,Lovozero Ware,Lovozero Ware,Lovozero,2.0,,,,,,,,,KM 24394_1-7,"27,70496792","70,07180011",,,,,,,,asbesti,,True,False,False,,,
BA,890010086,Utsjoki,Kenesjärvi S,KM,24401,1-8,7734100.0,3503300.0,93,False,False,False,False,False,False,False,True,False,False,False,Pottery,Lovozero Ware,Lovozero Ware,Lovozero,1.0,,,,,,,,,KM 24401_1-8,"27,08068146","69,68611844",,,,,,,,asbesti,,True,False,False,,,
BA,262010026,Eura,Kuninkaanhauta,KM,24424,1-9,6800426.0,3230569.0,"27,5",False,False,False,False,False,False,False,True,True,False,False,Pottery,Coastal Bronze Age pottery,Coastal Bronze Age pottery,pronssikautinen,3.0,,,,,,,,,KM 24424_1-9,"21,97923682","61,21929723",,,,,,,,kiille,,True,False,False,,,
BA,944010083,Vöyri,Vitmossen 3,KM,24466,1-62,7017905.0,3267113.0,40,False,False,False,False,False,False,False,True,True,False,False,Pottery,Coastal Bronze Age pottery,Paimio Ware,Paimio,2.0,,,,,,,,,KM 24466_1-62,"22,36792447","63,18815927",,,,,,,,kivimurska,,False,True,False,,,
BA,944010083,Vöyri,Vitmossen 3,KM,24466,1-62,7017905.0,3267113.0,40,False,False,False,False,False,False,False,True,True,False,False,Pottery,Coastal Bronze Age pottery,Coastal Bronze Age pottery,pronssikautinen,3.0,,,,,,,,,KM 24466_1-62,"22,36792447","63,18815927",,,,,,,,kivimurska,,True,True,False,,,
BA,105010002,Hyrynsalmi,Hautalahti,KM,24473,1-295,7173177.0,3578173.0,160,False,False,False,False,False,False,False,True,True,False,False,Pottery,Sarsa-Tomitsa Ware,Sarsa-Tomitsa Ware,ST,1.0,,,,,,,,,KM 24473_1-295,"28,63209353","64,64751472",,,,,,,,vuolukivi,asbesti,False,False,True,,,
BA,777010117,Suomussalmi,Joenniemi,KM,24506,1-274,7216972.0,3597610.0,199,False,False,False,False,False,False,False,False,True,True,False,Pottery,Säräisniemi 2 Ware,Kjelmöy Ware,Kjelmöy,3.0,,,,,,,,,KM 24506_1-274,"29,06843545","65,03503115",,,,,,,,asbesti,,False,True,False,,,
BA,777010117,Suomussalmi,Joenniemi,KM,24506,1-274,7216972.0,3597610.0,199,False,False,False,False,False,False,False,True,True,False,False,Pottery,Sarsa-Tomitsa Ware,Sarsa-Tomitsa Ware,ST,1.0,,,,,,,,,KM 24506_1-274,"29,06843545","65,03503115",,,,,,,,hiekka,asbesti,False,False,True,,,
BA,564010022,Oulu,Välikangas,KM,24597,1-48,7208240.0,3430760.0,15,False,False,False,False,False,False,False,False,True,True,False,Pottery,Säräisniemi 2 Ware,Luukonsaari Ware,Luukonsaari,3.0,,,,,,,,hautalöytö röykkiö,KM 24597_1-48,"25,53054071","64,9637771",,,,,,,,asbesti,,True,False,False,,,
BA,50010032,Eura,Luistari,KM,24740,1-657,6787882.0,3238661.0,38,False,False,False,False,False,False,False,True,True,False,False,Pottery,Coastal Bronze Age pottery,Paimio Ware,Paimio,2.0,,,,,,,,,KM 24740_1-657,"22,14658916","61,11261932",,,,,,,,,,False,True,False,,,
BA,165010069,Janakkala,Taurula,KM,24745,1-2705,6757104.0,3367519.0,87,False,False,False,False,False,False,False,True,True,False,False,Pottery,Coastal Bronze Age pottery,Coastal Bronze Age pottery,pronssikautinen,2.0,,,,,,,,,KM 24745_1-2705,"24,55557343","60,90132726",,,,,,,,,,False,True,False,,,
BA,uusi 454,Laukaa,Saarilampi,KM,24800,1-2,6913378.0,3459466.0,,False,False,False,False,False,False,False,True,True,False,False,Pottery,Sarsa-Tomitsa Ware,Sarsa-Tomitsa Ware,ST,3.0,,,,,,,,,KM 24800_1-2,"26,21481541","62,32362872",,,,,,,,sekoitteeton,,False,True,False,,,
BA,1000000432,Sodankylä,Ionosfääriasema,KM,24889,1-37,7474970.0,3484280.0,175,False,False,False,False,False,False,False,True,False,False,False,Pottery,Lovozero Ware,Lovozero Ware,Lovozero,2.0,,,,,,,,,KM 24889_1-37,"26,63014658","67,36257085",,,,,,,,asbesti,,True,False,False,,,
BA,399010108,Laihia,Viirikallio 1,KM,25010,1-59,6989020.0,3236820.0,25,False,False,False,False,False,False,False,True,True,False,False,Pottery,Sarsa-Tomitsa Ware,Sarsa-Tomitsa Ware,ST,1.0,,,,,,,,,KM 25010_1-59,"21,81485939","62,90923251",,,,,,,,kiille,,False,False,True,,,
BA,148010505,Inari,Sylvenvaara,KM,25026,1-316,7615830.0,3522300.0,135,False,False,False,False,False,False,False,False,True,True,False,Pottery,Säräisniemi 2 Ware,Kjelmöy Ware,Kjelmöy,2.0,,,,,,,,,KM 25026_1-316,"27,54379746","68,62503173",,,,,,,,kiille,,True,False,False,,,
BA,148010505,Inari,Sylvenvaara,KM,25026,1-316,7615830.0,3522300.0,135,False,False,False,False,False,False,False,True,False,False,False,Pottery,Lovozero Ware,Lovozero Ware,Lovozero,3.0,,,,,,,,,KM 25026_1-316,"27,54379746","68,62503173",,,,,,,,sekoitteeton,,True,False,False,,,
BA,777010049,Suomussalmi,Maikonsärkkä,KM,25139,1-6,7236703.0,3615912.0,199,False,False,False,False,False,False,False,True,True,False,False,Pottery,Säräisniemi 2 Ware,Anttila Ware,Anttila,3.0,,,,,,,,,KM 25139_1-6,"29,4729413","65,20596123",,,,,,,,kiille,,True,False,False,,,
BA,777010049,Suomussalmi,Maikonsärkkä,KM,25139,1-6,7236703.0,3615912.0,199,False,False,False,False,False,False,False,False,True,True,False,Pottery,Säräisniemi 2 Ware,Luukonsaari Ware,Luukonsaari,4.0,,,,,,,,,KM 25139_1-6,"29,4729413","65,20596123",,,,,,,,asbesti,,True,False,False,,,
BA,277010043,Jyväskylä,Raidanlahti,KM,25198,1-74,6876080.0,3434440.0,85,False,False,False,False,False,False,False,False,True,True,False,Pottery,Säräisniemi 2 Ware,Luukonsaari Ware,Luukonsaari,1.0,,,,,,,,,KM 25198_1-74,"25,74610392","61,98548001",,,,,,,,asbesti,,False,False,True,,,
BA,277010043,Jyväskylä,Raidanlahti,KM,25198,1-74,6876080.0,3434440.0,85,False,False,False,False,False,False,False,True,True,False,False,Pottery,Sarsa-Tomitsa Ware,Sarsa-Tomitsa Ware,ST,2.0,,,,,,,,reikä (2),KM 25198_1-74,"25,74610392","61,98548001",,,,,,,,kiille,kivimurska,False,True,False,,,
BA,707010014,Rääkkylä,Kotaniemi 1,KM,25225,1-7,6921259.0,3646069.0,80,False,False,False,False,False,False,False,False,True,True,False,Pottery,Säräisniemi 2 Ware,Luukonsaari Ware,Luukonsaari,2.0,,,,,,,,,KM 25225_1-7,"29,81911075","62,36802396",,,,,,,,asbesti,,False,True,False,,,
BA,832010033,Taivalkoski,Aatsinki 2,KM,25271,1-604,7274490.0,3545720.0,180,False,False,False,False,False,False,False,True,True,False,False,Pottery,Sarsa-Tomitsa Ware,Sarsa-Tomitsa Ware,ST,2.0,,,,,,,,,KM 25271_1-604,"27,98630299","65,56200006",,,,,,,,orgaaninen,,False,True,False,,,
BA,290010053,Kuhmo,Vasikkaniemi SW,KM,25302,1-212,7112834.0,3598406.0,159,False,False,False,False,False,False,False,True,True,False,False,Pottery,Säräisniemi 2 Ware,Anttila Ware,Anttila,1.0,,,,,,,,,KM 25302_1-212,"29,01513604","64,10130682",,,,,,,,talkki,kiille,False,False,True,,,
BA,290010053,Kuhmo,Vasikkaniemi SW,KM,25302,1-212,7112834.0,3598406.0,159,False,False,False,False,False,False,False,True,True,False,False,Pottery,Sarsa-Tomitsa Ware,Sarsa-Tomitsa Ware,ST,1.0,,,,,,,,,KM 25302_1-212,"29,01513604","64,10130682",,,,,,,,talkki,,False,False,True,,,
BA,202010011,Kaarina,Toivola (Hulkkio ja Tikantontti),KM,25377,1-334,6710328.0,3248554.0,22,False,False,False,False,False,False,False,True,True,False,False,Pottery,Coastal Bronze Age pottery,Paimio Ware,Paimio,2.0,,,,,,,,,KM 25377_1-334,"22,42951906","60,42531911",,,,,,,,kivimurska,,False,True,False,,,
BA,202010011,Kaarina,Toivola (Hulkkio ja Tikantontti),KM,25377,1-334,6710328.0,3248554.0,22,False,False,False,False,False,False,False,True,True,False,False,Pottery,Sarsa-Tomitsa Ware,Sarsa-Tomitsa Ware,ST,2.0,,,,,,,,,KM 25377_1-334,"22,42951906","60,42531911",,,,,,,,kivimurska,,False,True,False,,,
BA,890010086,Utsjoki,Kenesjärvi S,KM,25388,1-242,7734100.0,3503300.0,93,False,False,False,False,False,False,False,True,False,False,False,Pottery,Lovozero Ware,Lovozero Ware,Lovozero,1.0,,,,,,,,,KM 25388_1-242,"27,08068146","69,68611844",,,,,,,,asbesti,,True,False,False,,,
BA,256010015,Kinnula,Häähkäniemi,KM,25409,1-18,7022346.0,3405303.0,135,False,False,False,False,False,False,False,True,True,False,False,Pottery,Sarsa-Tomitsa Ware,Sarsa-Tomitsa Ware,ST,2.0,,,,,,,,,KM 25409_1-18,"25,10878738","63,29094559",,,,,,,,shamotti,orgaaninen,True,False,False,,,
BA,777010025,Suomussalmi,Kalmosärkkä,KM,25422,1-15,7237045.0,3614621.0,199,False,False,False,False,False,False,False,True,True,False,False,Pottery,Säräisniemi 2 Ware,Anttila Ware,Anttila,1.0,,,,,,,,,KM 25422_1-15,"29,44567113","65,2094768",,,,,,,,talkki,kiille,False,True,False,,,
BA,777010025,Suomussalmi,Kalmosärkkä,KM,25422,1-15,7237045.0,3614621.0,199,False,False,False,False,False,False,False,True,True,False,False,Pottery,Sarsa-Tomitsa Ware,Sarsa-Tomitsa Ware,ST,1.0,,,,,,,,"omituista keram, ks. 25421",KM 25422_1-15,"29,44567113","65,2094768",,,,,,,,kivimurska,talkki,False,True,False,,,
BA,777010116,Suomussalmi,Putikka,KM,25424,1-8,7216165.0,3597431.0,199,False,False,False,False,False,False,False,True,True,False,False,Pottery,Säräisniemi 2 Ware,Anttila Ware,Anttila,1.0,,,,,,,,,KM 25424_1-8,"29,06407939","65,02785023",,,,,,,,talkki,,True,False,False,,,
BA,777010116,Suomussalmi,Putikka,KM,25424,1-8,7216165.0,3597431.0,199,False,False,False,False,False,False,False,False,True,True,False,Pottery,Säräisniemi 2 Ware,Luukonsaari Ware,Luukonsaari,3.0,,,,,,,,,KM 25424_1-8,"29,06407939","65,02785023",,,,,,,,asbesti,,True,False,False,,,
BA,320010195,Kemijärvi,Lammasniemi,KM,25526,1-58,7391700.0,3524250.0,"148,5",False,False,False,False,False,False,False,True,False,False,False,Pottery,Vardöy (IT) Ware,Vardöy (IT) Ware,IT,3.0,,,,,,,,,KM 25526_1-58,"27,54342475","66,61538681",,,,,,,,asbesti,,True,False,False,,,
BA,320010242,Kemijärvi,Revässaari,KM,25545,1-37,7396260.0,3525500.0,149,False,False,False,False,False,False,False,True,True,False,False,Pottery,Säräisniemi 2 Ware,Anttila Ware,Anttila,2.0,,,,,,,,,KM 25545_1-37,"27,57257879","66,65617536",,,,,,,,kiille,talkki,True,False,False,,,
BA,890010001,Utsjoki,Ala-Jalve,KM,25645,1-11,7777280.0,3527000.0,45,False,False,False,False,False,False,False,True,False,False,False,Pottery,Lovozero Ware,Lovozero Ware,Lovozero,1.0,,,,,,,,,KM 25645_1-11,"27,70496792","70,07180011",,,,,,,,asbesti,,True,False,False,,,
BA,47010073,Enontekiö,"Tervaniemi, saamenmuseo",KM,25690,1-259,7593843.0,3364722.0,288,False,False,False,False,False,False,False,False,True,True,False,Pottery,Säräisniemi 2 Ware,Kjelmöy Ware,Kjelmöy,2.0,,,,,,,,"karsta (99,100)",KM 25690_1-259,"23,70346608","68,3962979",,,,,,,,,,False,False,True,,,
BA,890010001,Utsjoki,Ala-Jalve,KM,25711,1-6,7777280.0,3527000.0,45,False,False,False,False,False,False,False,True,False,False,False,Pottery,Lovozero Ware,Lovozero Ware,Lovozero,2.0,,,,,,,,,KM 25711_1-6,"27,70496792","70,07180011",,,,,,,,asbesti,,True,False,False,,,
BA,202010011,Kaarina,Toivola (Hulkkio ja Tikantontti),KM,25781,1-665,6710328.0,3248554.0,22,False,False,False,False,False,False,False,True,True,False,False,Pottery,Coastal Bronze Age pottery,Paimio Ware,Paimio,2.0,,,,,,,,,KM 25781_1-665,"22,42951906","60,42531911",,,,,,,,hiekka,,False,False,True,,,
BA,202010011,Kaarina,Toivola (Hulkkio ja Tikantontti),KM,25781,1-665,6710328.0,3248554.0,22,False,False,False,False,False,False,False,True,True,False,False,Pottery,Sarsa-Tomitsa Ware,Sarsa-Tomitsa Ware,ST,1.0,,,,,,,,karsta (77),KM 25781_1-665,"22,42951906","60,42531911",,,,,,,,hiekka,,False,False,True,,,
BA,577010024,Paimio,Toispuolojannummi,KM,25790,1-28,6716468.0,3263603.0,"40,5",False,False,False,False,False,False,False,True,True,False,False,Pottery,Coastal Bronze Age pottery,Paimio Ware,Paimio,2.0,,,,,,,,,KM 25790_1-28,"22,69466517","60,48935369",,,,,,,,hiekka,,False,True,False,,,
BA,256010015,Kinnula,Häähkäniemi,KM,25804,1-426,7022346.0,3405303.0,135,False,False,False,False,False,False,False,False,True,True,False,Pottery,Säräisniemi 2 Ware,Luukonsaari Ware,Luukonsaari,1.0,,,,,,,,"karsta (24,116,141,247,413,420), tekstiilipainannetta tms (409)",KM 25804_1-426,"25,10878738","63,29094559",,,,,,,,asbesti,,False,False,True,,,
BA,256010015,Kinnula,Häähkäniemi,KM,25804,1-426,7022346.0,3405303.0,135,False,False,False,False,False,False,False,True,True,False,False,Pottery,Sarsa-Tomitsa Ware,Sarsa-Tomitsa Ware,ST,1.0,,,,,,,,,KM 25804_1-426,"25,10878738","63,29094559",,,,,,,,kivimurska,,False,True,False,,,
BA,277010043,Jyväskylä,Raidanlahti,KM,25808,1-10,6876080.0,3434440.0,85,False,False,False,False,False,False,False,False,True,True,False,Pottery,Säräisniemi 2 Ware,Luukonsaari Ware,Luukonsaari,2.0,,,,,,,,,KM 25808_1-10,"25,74610392","61,98548001",,,,,,,,asbesti,,False,True,False,,,
BA,140010003,Iisalmi,Haapakangas,KM,25811,1-18,7050550.0,3500650.0,89,False,False,False,False,False,False,False,False,True,True,False,Pottery,Säräisniemi 2 Ware,Luukonsaari Ware,Luukonsaari,2.0,,,,,,,,karsta (8),KM 25811_1-18,"27,00963438","63,55651934",,,,,,,,asbesti,,False,True,False,,,
BA,1000000432,Sodankylä,Ionosfääriasema,KM,25928,1-77,7474970.0,3484280.0,175,False,False,False,False,False,False,False,True,False,False,False,Pottery,Vardöy (IT) Ware,Vardöy (IT) Ware,IT,1.0,,,,,,,,,KM 25928_1-77,"26,63014658","67,36257085",,,,,,,,asbesti,,False,True,False,,,
BA,148010383,Inari,Kaidanvuono lounas,KM,26005,1-16,7629920.0,3515530.0,130,False,False,False,False,False,False,False,True,False,False,False,Pottery,Lovozero Ware,Lovozero Ware,Lovozero,2.0,,,,,,,,,KM 26005_1-16,"27,37956168","68,75179969",,,,,,,,asbesti,,True,False,False,,,
BA,290010202,Kuhmo,Härkösärkkä SW,KM,26052,1-121,7118899.0,3611737.0,159,False,False,False,False,False,False,False,True,False,False,False,Pottery,Lovozero Ware,Lovozero Ware,Lovozero,2.0,,,,,,,,"karsta ja reikiä (85,87)",KM 26052_1-121,"29,29283079","64,15162944",,,,,,,,asbesti,,False,False,True,,,
BA,678010017,Raahe,Tervakangas,KM,26060,1-30,7168610.0,3377575.0,18,False,False,False,False,False,False,False,False,True,True,False,Pottery,Säräisniemi 2 Ware,Luukonsaari Ware,Luukonsaari,2.0,,,,,,,,karsta (11),KM 26060_1-30,"24,43958516","64,59335147",,,,,,,,asbesti,kivimurska,False,True,False,,,
BA,595010006,Pielavesi,Meijerinkangas,KM,26088,1-82,6999920.0,3482310.0,103,False,False,False,False,False,False,False,False,True,True,False,Pottery,Säräisniemi 2 Ware,Luukonsaari Ware,Luukonsaari,1.0,,,,,,,,,KM 26088_1-82,"26,64629095","63,10186326",,,,,,,,asbesti,,False,False,True,,,
BA,148010682,Inari,Vuopajanperä,KM,26231,1-12,7665430.0,3504410.0,148,False,False,False,False,False,False,False,True,False,False,False,Pottery,Lovozero Ware,Lovozero Ware,Lovozero,2.0,,,,,,,,,KM 26231_1-12,"27,10624652","69,07052941",,,,,,,,asbesti,,True,False,False,,,
BA,148010013,Inari,Saamen museo / Vuopaja,KM,26238,1-8,7647620.0,3500800.0,121,False,False,False,False,False,False,False,True,False,False,False,Pottery,Vardöy (IT) Ware,Vardöy (IT) Ware,IT,2.0,,,,,,,,,KM 26238_1-8,"27,01561672","68,91090111",,,,,,,,asbesti,,False,True,False,,,
BA,148010683,Inari,Niittyjänkkä,KM,26240,1-9,7615900.0,3519920.0,125,False,False,False,False,False,False,False,True,False,False,False,Pottery,Vardöy (IT) Ware,Vardöy (IT) Ware,IT,1.0,,,,,,,,"karsta (3,4)",KM 26240_1-9,"27,48532353","68,62583766",,,,,,,,asbesti,,False,True,False,,,
BA,577010024,Paimio,Toispuolojannummi,KM,26268,1-6,6716468.0,3263603.0,"40,5",False,False,False,False,False,False,False,True,True,False,False,Pottery,Coastal Bronze Age pottery,Paimio Ware,Paimio,2.0,,,,,,,,,KM 26268_1-6,"22,69466517","60,48935369",,,,,,,,hiekka,,True,False,False,,,
BA,777010056,Suomussalmi,Mikonsärkkä,KM,26391,1-144,7236404.0,3614044.0,199,False,False,False,False,False,False,False,True,True,False,False,Pottery,Säräisniemi 2 Ware,Anttila Ware,Anttila,2.0,,,,,,,,"karsta (30,34,43 ym)",KM 26391_1-144,"29,43282705","65,20393286",,,,,,,,kiille,,False,False,True,,,
BA,777010048,Suomussalmi,Salmenniemi,KM,26392,1-35,7237497.0,3615481.0,199,False,False,False,False,False,False,False,True,True,False,False,Pottery,Säräisniemi 2 Ware,Anttila Ware,Anttila,2.0,,,,,,,,,KM 26392_1-35,"29,46440486","65,2132271",,,,,,,,kiille,,True,False,False,,,
BA,777010049,Suomussalmi,Maikonsärkkä,KM,26411,1-4,7236703.0,3615912.0,199,False,False,False,False,False,False,False,True,True,False,False,Pottery,Säräisniemi 2 Ware,Anttila Ware,Anttila,2.0,,,,,,,,,KM 26411_1-4,"29,4729413","65,20596123",,,,,,,,kiille,,True,False,False,,,
BA,707010009,Rääkkylä,Lappalaissuo 1-2,KM,26436,1-31,6900877.0,3652011.0,80,False,False,False,False,False,False,False,True,True,False,False,Pottery,Sarsa-Tomitsa Ware,Sarsa-Tomitsa Ware,ST,1.0,,,,,,,,,KM 26436_1-31,"29,91602141","62,18301252",,,,,,,,kivimurska,"talkki, orgaaninen",False,True,False,,,
BA,320010315,Kemijärvi,Narkiperä,KM,26544,1-80,7395040.0,3519950.0,147,False,False,False,False,False,False,False,False,True,True,False,Pottery,Säräisniemi 2 Ware,Kjelmöy Ware,Kjelmöy,2.0,,,,,,,,karsta (60),KM 26544_1-80,"27,44691958","66,64564216",,,,,,,,asbesti,,False,False,True,,,
BA,399010135,Laihia,Kurunkangas,KM,26567,1-5,6984016.0,3247376.0,37,False,False,False,False,False,False,False,True,True,False,False,Pottery,Coastal Bronze Age pottery,Paimio Ware,Paimio,3.0,,,,,,,,,KM 26567_1-5,"22,02933655","62,87197569",,,,,,,,kivimurska,,True,False,False,,,
BA,399010136,Laihia,Annikkalanmäki,KM,26571,1-16,6986211.0,3244435.0,35,False,False,False,False,False,False,False,True,True,False,False,Pottery,Coastal Bronze Age pottery,Paimio Ware,Paimio,2.0,,,,,,,,,KM 26571_1-16,"21,96840585","62,88954643",,,,,,,,kivimurska,,False,True,False,,,
BA,202010011,Kaarina,Toivola (Hulkkio ja Tikantontti),KM,26576,1-971,6710328.0,3248554.0,22,False,False,False,False,False,False,False,True,True,False,False,Pottery,Coastal Bronze Age pottery,Paimio Ware,Paimio,2.0,,,,,,,,,KM 26576_1-971,"22,42951906","60,42531911",,,,,,,,kivimurska,,False,False,True,,,
BA,202010011,Kaarina,Toivola (Hulkkio ja Tikantontti),KM,26576,1-971,6710328.0,3248554.0,22,False,False,False,False,False,False,False,True,True,False,False,Pottery,Sarsa-Tomitsa Ware,Sarsa-Tomitsa Ware,ST,1.0,,,,,,,,,KM 26576_1-971,"22,42951906","60,42531911",,,,,,,,kivimurska,,False,False,True,,,
BA,532010003,Lahti,Kovalahti,KM,26605,1-164,6766400.0,3452360.0,76,False,False,False,False,False,False,False,True,True,False,False,Pottery,Sarsa-Tomitsa Ware,Sarsa-Tomitsa Ware,ST,1.0,,,,,,,,,KM 26605_1-164,"26,11625998","61,00405636",,,,,,,,hiekka,orgaaninen,False,False,True,,,
BA,595010006,Pielavesi,Meijerinkangas,KM,26617,1-536,6999920.0,3482310.0,103,False,False,False,False,False,False,False,False,True,True,False,Pottery,Säräisniemi 2 Ware,Luukonsaari Ware,Luukonsaari,1.0,,,,,,,,"reikä (419,522), pohjapaloja (455)",KM 26617_1-536,"26,64629095","63,10186326",,,,,,,,asbesti,,False,False,True,,,
BA,246010057,Savonlinna,Kokkomäki,KM,26645,,6870312.0,3620964.0,82,False,False,False,False,False,False,False,True,True,False,False,Pottery,Sarsa-Tomitsa Ware,Sarsa-Tomitsa Ware,ST,1.0,,,,,,,,,KM 26645_,"29,29962729","61,92023365",,,,,,,,kiille,talkki,False,True,False,,,
BA,a255,Turku,Halinen,KM,26714,1-180,6715888.0,3243310.0,34,False,False,False,False,False,False,False,True,True,False,False,Pottery,Coastal Bronze Age pottery,Paimio Ware,Paimio,3.0,,,,,,,,karsta (149),KM 26714_1-180,"22,32747743","60,47175895",,,,,,,,kivimurska,,False,False,True,,,
BA,853010008,Turku,Riihivainio,KM,26749,1-739,6716518.0,3242508.0,25,False,False,False,False,False,False,False,True,True,False,False,Pottery,Coastal Bronze Age pottery,Paimio Ware,Paimio,2.0,,,,,,,,,KM 26749_1-739,"22,31213079","60,47688327",,,,,,,,kivimurska,,False,False,False,,,
BA,47010206,Enontekiö,Aittalahti,KM,26758,1-71,7591659.0,3358577.0,290,False,False,False,False,False,False,False,True,False,False,False,Pottery,Lovozero Ware,Lovozero Ware,Lovozero,1.0,,,,,,,,,KM 26758_1-71,"23,55720654","68,37374096",,,,,,,,asbesti,,True,False,False,,,
BA,47010210,Enontekiö,Myllymaa 2,KM,26762,1-30,7590271.0,3355826.0,288,False,False,False,False,False,False,False,True,False,False,False,Pottery,Lovozero Ware,Lovozero Ware,Lovozero,2.0,,,,,,,,,KM 26762_1-30,"23,49239075","68,35993022",,,,,,,,asbesti,,True,False,False,,,
BA,699010469,Rovaniemi,Kotijänkä,KM,26780,1-1755,7375370.0,3452370.0,"82,5",False,False,False,False,False,False,False,False,True,True,False,Pottery,Säräisniemi 2 Ware,Säräisniemi 2 Ware,Sär 2,1.0,,,,,,,,"karsta (68,78,88,90,152 ym)",KM 26780_1-1755,"25,92754633","66,46620979",,,,,,,,asbesti,kivimurska,False,False,True,,,
BA,699010469,Rovaniemi,Kotijänkä,KM,26780,1-1755,7375370.0,3452370.0,"82,5",False,False,False,False,False,False,False,False,True,True,False,Pottery,Säräisniemi 2 Ware,Säräisniemi 2 Ware,Sär 2,1.0,,,,,,,,,KM 26780_1-1755,"25,92754633","66,46620979",,,,,,,,"talkki, kiille",,False,False,True,,,
BA,618010030,Savonlinna,Heinniemi a,KM,26805,1-184,6851911.0,3627721.0,80,False,False,False,False,False,False,False,True,True,False,False,Pottery,Sarsa-Tomitsa Ware,Sarsa-Tomitsa Ware,ST,1.0,,,,,,,,,KM 26805_1-184,"29,41512171","61,75305948",,,,,,,,kivimurska,"kiille, asbesti, orgaaninen",False,False,True,,,
BA,148010674,Inari,Kaunisniemi 3,KM,26813,1-10,7627000.0,3510120.0,"130,5",False,False,False,False,False,False,False,True,False,False,False,Pottery,Lovozero Ware,Lovozero Ware,Lovozero,3.0,,,,,,,,,KM 26813_1-10,"27,24556597","68,725869",,,,,,,,asbesti,,True,False,False,,,
BA,148010748,Inari,Kirakkajoen suu pohjoinen 2,KM,26822,1-102,7627070.0,3508230.0,131,False,False,False,False,False,False,False,True,False,False,False,Pottery,Lovozero Ware,Lovozero Ware,Lovozero,2.0,,,,,,,,,KM 26822_1-102,"27,19891451","68,72655776",,,,,,,,asbesti,,False,True,False,,,
BA,148010758,Inari,Aunionlahden salmi koillinen 1,KM,26832,1-44,7629200.0,3507860.0,131,False,False,False,False,False,False,False,True,False,False,False,Pottery,Lovozero Ware,Lovozero Ware,Lovozero,2.0,,,,,,,,,KM 26832_1-44,"27,18994268","68,74566342",,,,,,,,asbesti,,True,False,False,,,
BA,148010762,Inari,Aunionlahden suu,KM,26836,1-257,7628490.0,3508730.0,"130,5",False,False,False,False,False,False,False,True,False,False,False,Pottery,Lovozero Ware,Lovozero Ware,Lovozero,1.0,,,,,,,,,KM 26836_1-257,"27,21137849","68,73927292",,,,,,,,asbesti,,False,True,False,,,
BA,148010764,Inari,Soidinvaara 2,KM,26838,1-84,7628460.0,3509140.0,"130,5",False,False,False,False,False,False,False,True,False,False,False,Pottery,Lovozero Ware,Lovozero Ware,Lovozero,1.0,,,,,,,,,KM 26838_1-84,"27,22150325","68,73899104",,,,,,,,asbesti,,False,True,False,,,
BA,148010769,Inari,Soidinvaara 7,KM,26843,1-75,7628250.0,3510140.0,"130,5",False,False,False,False,False,False,False,True,False,False,False,Pottery,Vardöy (IT) Ware,Vardöy (IT) Ware,IT,1.0,,,,,,,,,KM 26843_1-75,"27,2461832","68,73707434",,,,,,,,asbesti,sekoitteeton,True,False,False,,,
BA,683010037,Ranua,Kultikangas,KM,26851,1-1999,7333120.0,3505200.0,177,False,False,False,False,False,False,False,True,True,False,False,Pottery,Säräisniemi 2 Ware,Anttila Ware,Anttila,2.0,,,,,,,,,KM 26851_1-1999,"27,11113332","66,09096544",,,,,,,,kiille,,False,True,False,,,
BA,683010037,Ranua,Kultikangas,KM,26851,1-1999,7333120.0,3505200.0,177,False,False,False,False,False,False,False,True,False,False,False,Pottery,Lovozero Ware,Lovozero Ware,Lovozero,2.0,,,,,,,,,KM 26851_1-1999,"27,11113332","66,09096544",,,,,,,,asbesti,,False,True,False,,,
BA,226010025,Karstula,Hämeenniemi 2,KM,26879,1-2,6977920.0,3387157.0,147,False,False,False,False,False,False,False,True,True,False,False,Pottery,Sarsa-Tomitsa Ware,Sarsa-Tomitsa Ware,ST,2.0,,,,,,,,reikä (1),KM 26879_1-2,"24,77796498","62,88742049",,,,,,,,asbesti,talkki,True,False,False,,,
BA,220010013,Raasepori,Bergvalla,KM,27027,1-49,6662319.0,3312989.0,17,False,False,False,False,False,False,False,True,True,False,False,Pottery,Coastal Bronze Age pottery,Paimio Ware,Paimio,2.0,,,,,,,,,KM 27027_1-49,"23,64149967","60,03015188",,,,,,,,kivimurska,,False,True,False,,,
BA,422010024,Lieksa,Pokronlampi,KM,27122,1-407,7025126.0,3653282.0,96,False,False,False,False,False,False,False,True,False,False,False,Pottery,Lovozero Ware,Lovozero Ware,Lovozero,1.0,,,,,,,,,KM 27122_1-407,"30,05333424","63,29573597",,,,,,,,asbesti,,False,True,False,,,
BA,422010011,Lieksa,Honkala,KM,27123,1-24,7025918.0,3651161.0,95,False,False,False,False,False,False,False,False,True,True,False,Pottery,Säräisniemi 2 Ware,Luukonsaari Ware,Luukonsaari,1.0,,,,,,,,,KM 27123_1-24,"30,01184895","63,30373053",,,,,,,,asbesti,,False,True,False,,,
BA,777010025,Suomussalmi,Kalmosärkkä,KM,27167,1-562,7237045.0,3614621.0,199,False,False,False,False,False,False,False,True,True,False,False,Pottery,Säräisniemi 2 Ware,Anttila Ware,Anttila,1.0,,,,,,,,,KM 27167_1-562,"29,44567113","65,2094768",,,,,,,,talkki,,False,True,False,,,
BA,777010025,Suomussalmi,Kalmosärkkä,KM,27167,1-562,7237045.0,3614621.0,199,False,False,False,False,False,False,False,True,True,False,False,Pottery,Sarsa-Tomitsa Ware,Sarsa-Tomitsa Ware,ST,3.0,,,,,,,,"poikkeuksellinen koristekuosi (176), jotain muuta kuin ST?",KM 27167_1-562,"29,44567113","65,2094768",,,,,,,,kivimurska,,False,True,False,,,
BA,777010053,Suomussalmi,Tormuan särkkä,KM,27171,1-5,7245553.0,3615819.0,201,False,False,False,False,False,False,False,False,True,True,False,Pottery,Säräisniemi 2 Ware,Kjelmöy Ware,Kjelmöy,3.0,,,,,,,,,KM 27171_1-5,"29,47837987","65,28529449",,,,,,,,asbesti,,True,False,False,,,
BA,777010056,Suomussalmi,Mikonsärkkä,KM,27172,1-2,7236404.0,3614044.0,199,False,False,False,False,False,False,False,True,True,False,False,Pottery,Säräisniemi 2 Ware,Anttila Ware,Anttila,3.0,,,,,,,,,KM 27172_1-2,"29,43282705","65,20393286",,,,,,,,talkki,asbesti,True,False,False,,,
BA,777010049,Suomussalmi,Maikonsärkkä,KM,27174,1-2,7236703.0,3615912.0,199,False,False,False,False,False,False,False,True,True,False,False,Pottery,Säräisniemi 2 Ware,Anttila Ware,Anttila,1.0,,,,,,,,,KM 27174_1-2,"29,4729413","65,20596123",,,,,,,,talkki,,True,False,False,,,
BA,202010011,Kaarina,Toivola (Hulkkio ja Tikantontti),KM,27175,1-341,6710328.0,3248554.0,22,False,False,False,False,False,False,False,True,True,False,False,Pottery,Coastal Bronze Age pottery,Paimio Ware,Paimio,2.0,,,,,,,,,KM 27175_1-341,"22,42951906","60,42531911",,,,,,,,hiekka,kivimurska,False,False,True,,,
BA,202010011,Kaarina,Toivola (Hulkkio ja Tikantontti),KM,27175,1-341,6710328.0,3248554.0,22,False,False,False,False,False,False,False,True,True,False,False,Pottery,Sarsa-Tomitsa Ware,Sarsa-Tomitsa Ware,ST,2.0,,,,,,,,karsta (83),KM 27175_1-341,"22,42951906","60,42531911",,,,,,,,kivimurska,,False,False,True,,,
BA,577010024,Paimio,Toispuolojannummi,KM,27182,1-275,6716468.0,3263603.0,"40,5",False,False,False,False,False,False,False,True,True,False,False,Pottery,Coastal Bronze Age pottery,Paimio Ware,Paimio,1.0,,,,,,,,karsta (106),KM 27182_1-275,"22,69466517","60,48935369",,,,,,,,kivimurska,,False,False,True,,,
BA,707010007,Rääkkylä,Pörrinmökki,KM,27195,1-1979,6901557.0,3651138.0,80,False,False,False,False,False,False,False,False,True,True,False,Pottery,Säräisniemi 2 Ware,Sirnihta Ware,Sirnihta,2.0,,,,,,,,,KM 27195_1-1979,"29,8998656","62,18945756",,,,,,,,asbesti,,True,False,False,,,
BA,148010013,Inari,Saamen museo / Vuopaja,KM,27205,1-1339,7647620.0,3500800.0,121,False,False,False,False,False,False,False,True,False,False,False,Pottery,Lovozero Ware,Lovozero Ware,Lovozero,1.0,,,,,,,,,KM 27205_1-1339,"27,01561672","68,91090111",,,,,,,,asbesti,,True,False,False,,,
BA,765010010,Sotkamo,Kiikarusniemi,KM,27239,1-423,7116710.0,3567120.0,137,False,False,False,False,False,False,False,False,True,True,False,Pottery,Säräisniemi 2 Ware,Luukonsaari Ware,Luukonsaari,1.0,,,,,,,,,KM 27239_1-423,"28,37534246","64,14352966",,,,,,,,asbesti,,True,False,False,,,
BA,765010010,Sotkamo,Kiikarusniemi,KM,27239,1-423,7116710.0,3567120.0,137,False,False,False,False,False,False,False,True,True,False,False,Pottery,Sarsa-Tomitsa Ware,Sarsa-Tomitsa Ware,ST,2.0,,,,,,,,,KM 27239_1-423,"28,37534246","64,14352966",,,,,,,,kivimurska,orgaaninen,False,True,False,,,
BA,1000000418,Enonkoski,Pöytälahti a,KM,27260,1-18,6897190.0,3604314.0,80,False,False,False,False,False,False,False,True,True,False,False,Pottery,Sarsa-Tomitsa Ware,Sarsa-Tomitsa Ware,ST,2.0,,,,,,,,,KM 27260_1-18,"28,99865502","62,16618644",,,,,,,,orgaaninen,,False,True,False,,,
BA,290010134,Kuhmo,Järvelä,KM,27295,1-579,7113603.0,3600062.0,158,False,False,False,False,False,False,False,True,True,False,False,Pottery,Säräisniemi 2 Ware,Anttila Ware,Anttila,2.0,,,,,,,,"pyöreä savilevy,johon porattu reikiä (281)",KM 27295_1-579,"29,0495878","64,10772676",,,,,,,,talkki,kiille,False,False,True,,,
BA,696010022,Mikkeli,Pulmionlampi A,KM,27382,1-10,6823120.0,3519080.0,81,False,False,False,False,False,False,False,False,True,True,False,Pottery,Säräisniemi 2 Ware,Sirnihta Ware,Sirnihta,2.0,,,,,,,,,KM 27382_1-10,"27,35525778","61,51549313",,,,,,,,asbesti,,False,False,True,,,
BA,696010022,Mikkeli,Pulmionlampi A,KM,27382,1-10,6823120.0,3519080.0,81,False,False,False,False,False,False,False,True,True,False,False,Pottery,Sarsa-Tomitsa Ware,Sarsa-Tomitsa Ware,ST,1.0,,,,,,,,,KM 27382_1-10,"27,35525778","61,51549313",,,,,,,,asbesti,talkki,False,True,False,,,
BA,696010026,Mikkeli,Kitulansuo D,KM,27383,1-6,6822290.0,3519820.0,80,False,False,False,False,False,False,False,True,True,False,False,Pottery,Sarsa-Tomitsa Ware,Sarsa-Tomitsa Ware,ST,1.0,,,,,,,,,KM 27383_1-6,"27,36907159","61,50800832",,,,,,,,kivimurska,,False,True,False,,,
BA,696010028,Mikkeli,Roinilampi,KM,27385,1-4,6822110.0,3520160.0,80,False,False,False,False,False,False,False,True,True,False,False,Pottery,Sarsa-Tomitsa Ware,Sarsa-Tomitsa Ware,ST,2.0,,,,,,,,,KM 27385_1-4,"27,37543802","61,50637569",,,,,,,,kivimurska,,True,False,False,,,
BA,696010029,Mikkeli,Akanlahti,KM,27386,1-11,6821840.0,3520310.0,83,False,False,False,False,False,False,False,True,True,False,False,Pottery,Sarsa-Tomitsa Ware,Sarsa-Tomitsa Ware,ST,1.0,,,,,,,,,KM 27386_1-11,"27,37822577","61,50394509",,,,,,,,hiekka,"asbesti, orgaaninen",False,False,True,,,
BA,696010043,Mikkeli,Ala-Pentti B,KM,27397,1-2,6819480.0,3521720.0,80,False,False,False,False,False,False,False,True,True,False,False,Pottery,Sarsa-Tomitsa Ware,Sarsa-Tomitsa Ware,ST,1.0,,,,,,,,,KM 27397_1-2,"27,40443012","61,48269192",,,,,,,,hiekka,,True,False,False,,,
BA,220010082,Raasepori,Grågälan - Tröskhusåkern,KM,27418,1-187,6674138.0,3319555.0,12,False,False,False,False,False,False,False,True,True,False,False,Pottery,Coastal Bronze Age pottery,Paimio Ware,Paimio,2.0,,,,,,,,,KM 27418_1-187,"23,74866267","60,13900238",,,,,,,,hiekka,orgaaninen,False,False,True,,,
BA,606010031,Raasepori,Sjösäng 5,KM,27422,1-71,6667332.0,3308450.0,20,False,False,False,False,False,False,False,True,True,False,False,Pottery,Coastal Bronze Age pottery,Paimio Ware,Paimio,3.0,,,,,,,,,KM 27422_1-71,"23,55554627","60,07297252",,,,,,,,hiekka,,False,False,True,,,
BA,755010015,Siuntio,Marsbacken,KM,27423,1-127,6676110.0,3344028.0,,False,False,False,False,False,False,False,True,True,False,False,Pottery,Coastal Bronze Age pottery,Paimio Ware,Paimio,3.0,,,,,,,,,KM 27423_1-127,"24,18703478","60,16675622",,,,,,,,hiekka,,False,False,True,,,
BA,309010007,Outokumpu,Majoonlampi,KM,27556,1-3,6957917.0,3607347.0,85,False,False,False,False,False,False,False,True,True,False,False,Pottery,Sarsa-Tomitsa Ware,Sarsa-Tomitsa Ware,ST,3.0,,,,,,,,,KM 27556_1-3,"29,0945695","62,7098442",,,,,,,,kivimurska,,True,False,False,,,
BA,623010016,Puumala,Kotkatlahti A,KM,27559,1-5,6820430.0,3562100.0,80,False,False,False,False,False,False,False,True,True,False,False,Pottery,Sarsa-Tomitsa Ware,Sarsa-Tomitsa Ware,ST,1.0,,,,,,,,,KM 27559_1-5,"28,16244415","61,48686419",,,,,,,,kivimurska,,False,True,False,,,
BA,707010008,Rääkkylä,Mehonlahti 2,KM,27571,1-5,6901843.0,3650594.0,79,False,False,False,False,False,False,False,True,True,False,False,Pottery,Sarsa-Tomitsa Ware,Sarsa-Tomitsa Ware,ST,3.0,,,,,,,,,KM 27571_1-5,"29,88967685","62,1922385",,,,,,,,kiille,,True,False,False,,,
BA,707010009,Rääkkylä,Lappalaissuo 1-2,KM,27572,1-5,6900877.0,3652011.0,80,False,False,False,False,False,False,False,True,True,False,False,Pottery,Sarsa-Tomitsa Ware,Sarsa-Tomitsa Ware,ST,1.0,,,,,,,,,KM 27572_1-5,"29,91602141","62,18301252",,,,,,,,kivimurska,,True,False,False,,,
BA,707010017,Rääkkylä,Rantala 1,KM,27577,1-14,6905359.0,3647199.0,79,False,False,False,False,False,False,False,False,True,True,False,Pottery,Säräisniemi 2 Ware,Luukonsaari Ware,Luukonsaari,1.0,,,,,,,,tasapohja (1),KM 27577_1-14,"29,8274999","62,22509105",,,,,,,,asbesti,,False,True,False,,,
BA,707010017,Rääkkylä,Rantala 1,KM,27577,1-14,6905359.0,3647199.0,79,False,False,False,False,False,False,False,True,True,False,False,Pottery,Sarsa-Tomitsa Ware,Sarsa-Tomitsa Ware,ST,1.0,,,,,,,,,KM 27577_1-14,"29,8274999","62,22509105",,,,,,,,kivimurska,,False,True,False,,,
BA,707010019,Rääkkylä,Huotinniemi,KM,27578,1-4,6900714.0,3651087.0,78,False,False,False,False,False,False,False,True,True,False,False,Pottery,Sarsa-Tomitsa Ware,Sarsa-Tomitsa Ware,ST,1.0,,,,,,,,,KM 27578_1-4,"29,89816356","62,18192371",,,,,,,,kivimurska,,True,False,False,,,
BA,1000002458,Savonlinna,Haukilahden pohja,KM,27582,1-2,6870905.0,3597941.0,79,False,False,False,False,False,False,False,True,True,False,False,Pottery,Sarsa-Tomitsa Ware,Sarsa-Tomitsa Ware,ST,1.0,,,,,,,,,KM 27582_1-2,"28,8619535","61,93216873",,,,,,,,kivimurska,,True,False,False,,,
BA,1000002459,Savonlinna,Niittyranta 2,KM,27583,1,6874443.0,3595425.0,82,False,False,False,False,False,False,False,False,True,True,False,Pottery,Säräisniemi 2 Ware,Luukonsaari Ware,Luukonsaari,3.0,,,,,,,,reikä (1),KM 27583_1,"28,81595128","61,96453824",,,,,,,,asbesti,,True,False,False,,,
BA,831010011,Taipalsaari,Ketvele,KM,27586,1-15,6784630.0,3571800.0,"77,5",False,False,False,False,False,False,False,True,True,False,False,Pottery,Sarsa-Tomitsa Ware,Sarsa-Tomitsa Ware,ST,2.0,,,,,,,,,KM 27586_1-15,"28,3307734","61,16401483",,,,,,,,kivimurska,,True,False,False,,,
BA,1000000436,Sodankylä,Poikamella,KM,27674,1-2056,7486450.0,3482760.0,"177,5",False,False,False,False,False,False,False,True,False,False,False,Pottery,Vardöy (IT) Ware,Vardöy (IT) Ware,IT,2.0,,,,,,,,,KM 27674_1-2056,"26,59302079","67,46541708",,,,,,,,asbesti,,False,False,True,,,
BA,1000000500,Sodankylä,Matarasaari,KM,27676,1-529,7506360.0,3490590.0,185,False,False,False,False,False,False,False,True,False,False,False,Pottery,Vardöy (IT) Ware,Vardöy (IT) Ware,IT,2.0,,,,,,,,,KM 27676_1-529,"26,7743341","67,64429017",,,,,,,,asbesti,hiekka,True,False,False,,,
BA,908010014,Valkeakoski,Linnosaari,KM,27699,1-16,6799291.0,3341498.0,88,False,False,False,False,False,False,False,True,True,False,False,Pottery,Sarsa-Tomitsa Ware,Sarsa-Tomitsa Ware,ST,1.0,,,,,,,,,KM 27699_1-16,"24,04163839","61,26986736",,,,,,,,,,True,False,False,,,
BA,241010023,Keminmaa,Kiimamaa,KM,27700,1-23,7293730.0,3396741.0,29,False,False,False,False,False,False,False,True,True,False,False,Pottery,Säräisniemi 2 Ware,Anttila Ware,Anttila,2.0,,,,,,,,karsta (4),KM 27700_1-23,"24,74622416","65,72111631",,,,,,,,talkki,,False,False,False,,,
BA,202010011,Kaarina,Toivola (Hulkkio ja Tikantontti),KM,27793,1-284,6710328.0,3248554.0,22,False,False,False,False,False,False,False,True,True,False,False,Pottery,Coastal Bronze Age pottery,Paimio Ware,Paimio,2.0,,,,,,,,,KM 27793_1-284,"22,42951906","60,42531911",,,,,,,,kivimurska,,False,False,True,,,
BA,202010011,Kaarina,Toivola (Hulkkio ja Tikantontti),KM,27793,1-284,6710328.0,3248554.0,22,False,False,False,False,False,False,False,True,True,False,False,Pottery,Sarsa-Tomitsa Ware,Sarsa-Tomitsa Ware,ST,2.0,,,,,,,,,KM 27793_1-284,"22,42951906","60,42531911",,,,,,,,kivimurska,,False,False,True,,,
BA,148010013,Inari,Saamen museo / Vuopaja,KM,27808,1-1815,7647620.0,3500800.0,121,False,False,False,False,False,False,False,True,False,False,False,Pottery,Vardöy (IT) Ware,Vardöy (IT) Ware,IT,1.0,,,,,,,,"karsta (811,897,933) C14-näyte palasta 811 Ua-10110 2625 +/-65 BP",KM 27808_1-1815,"27,01561672","68,91090111",,,,,,,,asbesti,,False,False,True,,,
BA,601010022,Pihtipudas,Juntinniemi,KM,27858,1-86,7037560.0,3429940.0,115,False,False,False,False,False,False,False,True,True,False,False,Pottery,Sarsa-Tomitsa Ware,Sarsa-Tomitsa Ware,ST,1.0,,,,,,,,,KM 27858_1-86,"25,59306595","63,43306415",,,,,,,,orgaaninen,talkki,False,False,True,,,
BA,765010075,Sotkamo,Putkonlahti,KM,27884,1-10,7104085.0,3582490.0,150,False,False,False,False,False,False,False,True,True,False,False,Pottery,Säräisniemi 2 Ware,Anttila Ware,Anttila,2.0,,,,,,,,,KM 27884_1-10,"28,68408811","64,02700964",,,,,,,,kiille,,True,False,False,,,
BA,777010150,Suomussalmi,Hököttäjänniemi,KM,27888,1-2,7203899.0,3592587.0,199,False,False,False,False,False,False,False,True,True,False,False,Pottery,Säräisniemi 2 Ware,Anttila Ware,Anttila,3.0,,,,,,,,,KM 27888_1-2,"28,95331465","64,91928118",,,,,,,,kiille,vuolukivi,True,False,False,,,
BA,246010126,Savonlinna,Vonkaniemi C,KM,27970,1-7,6885417.0,3628245.0,"82,5",False,False,False,False,False,False,False,False,True,True,False,Pottery,Säräisniemi 2 Ware,Luukonsaari Ware,Luukonsaari,1.0,,,,,,,,keramiikkalevy (1),KM 27970_1-7,"29,44893988","62,05326509",,,,,,,,asbesti,,False,True,False,,,
BA,45010001,Joensuu,Koukkuniemi,KM,27971,1-56,6980005.0,3665966.0,93,False,False,False,False,False,False,False,False,True,True,False,Pottery,Säräisniemi 2 Ware,Luukonsaari Ware,Luukonsaari,2.0,,,,,,,,,KM 27971_1-56,"30,26018781","62,88595695",,,,,,,,asbesti,,False,True,False,,,
BA,45010006,Joensuu,Koukkulahti b,KM,27973,1-7,6980607.0,3665788.0,94,False,False,False,False,False,False,False,True,True,False,False,Pottery,Säräisniemi 2 Ware,Anttila Ware,Anttila,2.0,,,,,,,,,KM 27973_1-7,"30,25729287","62,89143005",,,,,,,,talkki,,True,False,False,,,
BA,707010009,Rääkkylä,Lappalaissuo 1-2,KM,27996,1-8,6900877.0,3652011.0,80,False,False,False,False,False,False,False,True,True,False,False,Pottery,Sarsa-Tomitsa Ware,Sarsa-Tomitsa Ware,ST,1.0,,,,,,,,,KM 27996_1-8,"29,91602141","62,18301252",,,,,,,,kivimurska,,True,False,False,,,
BA,681010023,Rantasalmi,Kupialankangas,KM,28023,1-8,6887910.0,3564310.0,86,False,False,False,False,False,False,False,True,True,False,False,Pottery,Sarsa-Tomitsa Ware,Sarsa-Tomitsa Ware,ST,2.0,,,,,,,,,KM 28023_1-8,"28,22782653","62,09188266",,,,,,,,kivimurska,asbesti,True,False,False,,,
BA,681010026,Rantasalmi,Lautakangas,KM,28026,1-17,6876350.0,3571074.0,82,False,False,False,False,False,False,False,True,True,False,False,Pottery,Sarsa-Tomitsa Ware,Sarsa-Tomitsa Ware,ST,1.0,,,,,,,,,KM 28026_1-17,"28,35265631","61,98697518",,,,,,,,asbesti,hiekka,False,True,False,,,
BA,777010049,Suomussalmi,Maikonsärkkä,KM,28064,1-6,7236703.0,3615912.0,199,False,False,False,False,False,False,False,True,True,False,False,Pottery,Säräisniemi 2 Ware,Anttila Ware,Anttila,3.0,,,,,,,,,KM 28064_1-6,"29,4729413","65,20596123",,,,,,,,kiille,,True,False,False,,,
BA,220010082,Raasepori,Grågälan - Tröskhusåkern,KM,28068,1-1734,6674138.0,3319555.0,12,False,False,False,False,False,False,False,True,True,False,False,Pottery,Sarsa-Tomitsa Ware,Sarsa-Tomitsa Ware,ST,3.0,,,,,,,,"karstaa (mm 188,1434)",KM 28068_1-1734,"23,74866267","60,13900238",,,,,,,,kivimurska,,False,False,True,,,
BA,606000003,Raasepori,Katajamäki,KM,28069,1-21,6666271.0,3308442.0,,False,False,False,False,False,False,False,True,True,False,False,Pottery,Coastal Bronze Age pottery,Coastal Bronze Age pottery,pronssikautinen,3.0,,,,,,,,,KM 28069_1-21,"23,55639491","60,06346292",,,,,,,,kivimurska,,False,True,False,,,
BA,606010031,Raasepori,Sjösäng 5,KM,28070,1-464,6667332.0,3308450.0,20,False,False,False,False,False,False,False,True,True,False,False,Pottery,Coastal Bronze Age pottery,Coastal Bronze Age pottery,pronssikautinen,3.0,,,,,,,,,KM 28070_1-464,"23,55554627","60,07297252",,,,,,,,kivimurska,,False,True,False,,,
BA,696010026,Mikkeli,Kitulansuo D,KM,28112,1-137,6822290.0,3519820.0,80,False,False,False,False,False,False,False,False,True,True,False,Pottery,Säräisniemi 2 Ware,Luukonsaari Ware,Luukonsaari,1.0,,,,,,,,,KM 28112_1-137,"27,36907159","61,50800832",,,,,,,,asbesti,,False,True,False,,,
BA,696010026,Mikkeli,Kitulansuo D,KM,28112,1-137,6822290.0,3519820.0,80,False,False,False,False,False,False,False,True,True,False,False,Pottery,Sarsa-Tomitsa Ware,Sarsa-Tomitsa Ware,ST,1.0,,,,,,,,,KM 28112_1-137,"27,36907159","61,50800832",,,,,,,,orgaaninen,hiekka,False,False,True,,,
BA,246010105,Savonlinna,Martinniemi 1-5,KM,28124,1-20,6884123.0,3629707.0,79,False,False,False,False,False,False,False,True,True,False,False,Pottery,Sarsa-Tomitsa Ware,Sarsa-Tomitsa Ware,ST,1.0,,,,,,,,,KM 28124_1-20,"29,47592036","62,04116706",,,,,,,,kivimurska,asbesti,True,False,False,,,
BA,211010021,Kangasala,Hakapelto,KM,28199,1-145,6819086.0,3346103.0,87,False,False,False,False,False,False,False,True,True,False,False,Pottery,Coastal Bronze Age pottery,Coastal Bronze Age pottery,pronssikautinen,2.0,,,,,,,,,KM 28199_1-145,"24,11104306","61,44912285",,,,,,,,hiekka,sekoitteeton,False,False,True,,,
BA,765010075,Sotkamo,Putkonlahti,KM,28213,1-438,7104085.0,3582490.0,150,False,False,False,False,False,False,False,True,True,False,False,Pottery,Säräisniemi 2 Ware,Anttila Ware,Anttila,3.0,,,,,,,,,KM 28213_1-438,"28,68408811","64,02700964",,,,,,,,talkki,kiille,True,False,False,,,
BA,765010075,Sotkamo,Putkonlahti,KM,28213,1-438,7104085.0,3582490.0,150,False,False,False,False,False,False,False,False,True,True,False,Pottery,Säräisniemi 2 Ware,Luukonsaari Ware,Luukonsaari,,,,,,,,,,KM 28213_1-438,"28,68408811","64,02700964",,,,,,,,asbesti,,False,True,False,,,
BA,729010036,Saarijärvi,Voudinniemi,KM,28216,1-1217,6953916.0,3414213.0,110,False,False,False,False,False,False,False,True,True,False,False,Pottery,Sarsa-Tomitsa Ware,Sarsa-Tomitsa Ware,ST,1.0,,,,,,,,,KM 28216_1-1217,"25,32190381","62,67952775",,,,,,,,shamotti,orgaaninen,False,False,True,,,
BA,707010019,Rääkkylä,Huotinniemi,KM,28239,1-4,6900714.0,3651087.0,78,False,False,False,False,False,False,False,False,True,True,False,Pottery,Säräisniemi 2 Ware,Luukonsaari Ware,Luukonsaari,2.0,,,,,,,,,KM 28239_1-4,"29,89816356","62,18192371",,,,,,,,asbesti,,False,True,False,,,
BA,707010019,Rääkkylä,Huotinniemi,KM,28239,1-4,6900714.0,3651087.0,78,False,False,False,False,False,False,False,True,True,False,False,Pottery,Sarsa-Tomitsa Ware,Sarsa-Tomitsa Ware,ST,1.0,,,,,,,,,KM 28239_1-4,"29,89816356","62,18192371",,,,,,,,asbesti,kiille,True,False,False,,,
BA,729010044,Saarijärvi,Multapakanniemi,KM,28250,1-51,6955657.0,3416755.0,120,False,False,False,False,False,False,False,True,True,False,False,Pottery,Sarsa-Tomitsa Ware,Sarsa-Tomitsa Ware,ST,1.0,,,,,,,,karsta (2),KM 28250_1-51,"25,37064656","62,69572653",,,,,,,,hiekka,kivimurska,False,False,True,,,
BA,686010008,Rautalampi,Vaalijala (Kuutinharju),KM,28307,1-37,6948063.0,3491685.0,105,False,False,False,False,False,False,False,False,True,True,False,Pottery,Säräisniemi 2 Ware,Säräisniemi 2 Ware,Sär 2,3.0,,,,,,,,,KM 28307_1-37,"26,8345899","62,63695425",,,,,,,,,,False,True,False,,,
BA,777010025,Suomussalmi,Kalmosärkkä,KM,28315,1-122,7237045.0,3614621.0,199,False,False,False,False,False,False,False,True,True,False,False,Pottery,Säräisniemi 2 Ware,Anttila Ware,Anttila,2.0,,,,,,,,karsta (97),KM 28315_1-122,"29,44567113","65,2094768",,,,,,,,kiille,,False,True,False,,,
BA,777010025,Suomussalmi,Kalmosärkkä,KM,28315,1-122,7237045.0,3614621.0,199,False,False,False,False,False,False,False,True,False,False,False,Pottery,Lovozero Ware,Lovozero Ware,Lovozero,3.0,,,,,,,,,KM 28315_1-122,"29,44567113","65,2094768",,,,,,,,orgaaninen,,True,False,False,,,
BA,831010006,Taipalsaari,Vaateranta,KM,28316,1-240,6780780.0,3559700.0,79,False,False,False,False,False,False,False,True,True,False,False,Pottery,Sarsa-Tomitsa Ware,Sarsa-Tomitsa Ware,ST,2.0,,,,,,,,,KM 28316_1-240,"28,10482092","61,13149316",,,,,,,,orgaaninen,,False,False,True,,,
BA,1000002466,Savonlinna,Suvikangas,KM,28324,1-2,6860190.0,3590067.0,79,False,False,False,False,False,False,False,True,True,False,False,Pottery,Sarsa-Tomitsa Ware,Sarsa-Tomitsa Ware,ST,1.0,,,,,,,,karsta (2),KM 28324_1-2,"28,70672363","61,83800847",,,,,,,,kivimurska,,False,False,True,,,
BA,241010023,Keminmaa,Kiimamaa,KM,28368,1-23,7293730.0,3396741.0,29,False,False,False,False,False,False,False,True,True,False,False,Pottery,Säräisniemi 2 Ware,Anttila Ware,Anttila,2.0,,,,,,,,,KM 28368_1-23,"24,74622416","65,72111631",,,,,,,,talkki,,False,True,False,,,
BA,615010076,Pudasjärvi,Aurala,KM,28391,1-767,7254770.0,3493110.0,109,False,False,False,False,False,False,False,True,True,False,False,Pottery,Säräisniemi 2 Ware,Anttila Ware,Anttila,3.0,,,,,,,,,KM 28391_1-767,"26,84810038","65,38826248",,,,,,,,kiille,talkki,True,False,False,,,
BA,426010009,Liperi,Jyrinlahti 1-4,KM,28400,1-18,6956741.0,3609825.0,81,False,False,False,False,False,False,False,False,True,True,False,Pottery,Säräisniemi 2 Ware,Luukonsaari Ware,Luukonsaari,1.0,,,,,,,,,KM 28400_1-18,"29,14219444","62,69857006",,,,,,,,asbesti,,False,True,False,,,
BA,681010026,Rantasalmi,Lautakangas,KM,28412,1-62,6876350.0,3571074.0,82,False,False,False,False,False,False,False,True,True,False,False,Pottery,Sarsa-Tomitsa Ware,Sarsa-Tomitsa Ware,ST,1.0,,,,,,,,,KM 28412_1-62,"28,35265631","61,98697518",,,,,,,,talkki,,False,False,True,,,
BA,399010126,Laihia,Aronkylä-Luhtalanmäki,KM,28415,1-28,6992354.0,3244306.0,25,False,False,False,False,False,False,False,True,True,False,False,Pottery,Coastal Bronze Age pottery,Coastal Bronze Age pottery,pronssikautinen,2.0,,,,,,,,,KM 28415_1-28,"21,95642575","62,94435668",,,,,,,,hiekka,,False,True,False,,,
BA,923010014,Kemiönsaari,Västeräng,KM,28416,1-48,6672602.0,3257489.0,25,False,False,False,False,False,False,False,True,True,False,False,Pottery,Coastal Bronze Age pottery,Coastal Bronze Age pottery,pronssikautinen,2.0,,,,,,,,,KM 28416_1-48,"22,63650469","60,09316916",,,,,,,,kivimurska,,False,True,False,,,
BA,14010015,Mikkeli,Lakeistenranta,KM,28475,1-3,6832820.0,3534480.0,81,False,False,False,False,False,False,False,False,True,True,False,Pottery,Säräisniemi 2 Ware,Sirnihta Ware,Sirnihta,2.0,,,,,,,,,KM 28475_1-3,"27,64636715","61,60147188",,,,,,,,asbesti,,True,False,False,,,
BA,290010115,Kuhmo,Nauvunsalmi,KM,28485,1-247,7114355.0,3597524.0,160,False,False,False,False,False,False,False,True,False,False,False,Pottery,Lovozero Ware,Lovozero Ware,Lovozero,2.0,,,,,,,,,KM 28485_1-247,"28,99803487","64,11519143",,,,,,,,asbesti,,False,True,False,,,
BA,1000000436,Sodankylä,Poikamella,KM,28520,1-586,7486450.0,3482760.0,"177,5",False,False,False,False,False,False,False,True,False,False,False,Pottery,Vardöy (IT) Ware,Vardöy (IT) Ware,IT,2.0,,,,,,,,karsta (345),KM 28520_1-586,"26,59302079","67,46541708",,,,,,,,asbesti,,False,True,False,,,
BA,623010086,Puumala,Kotkatsaari 4,KM,28532,,6819800.0,3562620.0,81,False,False,False,False,False,False,False,False,True,True,False,Pottery,Säräisniemi 2 Ware,Luukonsaari Ware,Luukonsaari,2.0,,,,,,,,,KM 28532_,"28,17198986","61,48112846",,,,,,,,asbesti,,True,False,False,,,
BA,696010026,Mikkeli,Kitulansuo D,KM,28541,1-1684,6822290.0,3519820.0,80,False,False,False,False,False,False,False,True,True,False,False,Pottery,Sarsa-Tomitsa Ware,Sarsa-Tomitsa Ware,ST,1.0,,,,,,,,,KM 28541_1-1684,"27,36907159","61,50800832",,,,,,,,kivimurska,orgaaninen,False,False,True,,,
BA,261010085,Kittilä,Kurjenniva,KM,28556,1-292,7512988.0,3411640.0,"117,5",False,False,False,False,False,False,False,True,True,False,False,Pottery,Säräisniemi 2 Ware,Anttila Ware,Anttila,2.0,,,,,,,,,KM 28556_1-292,"24,91063915","67,69048068",,,,,,,,talkki,,True,False,False,,,
BA,261010085,Kittilä,Kurjenniva,KM,28556,1-292,7512988.0,3411640.0,"117,5",False,False,False,False,False,False,False,True,False,False,False,Pottery,Lovozero Ware,Lovozero Ware,Lovozero,1.0,,,,,,,,,KM 28556_1-292,"24,91063915","67,69048068",,,,,,,,asbesti,,True,False,False,,,
BA,837010003,Tampere,Reuharinniemi,KM,28579,1-5,6828634.0,3326215.0,100,False,False,False,False,False,False,False,True,True,False,False,Pottery,Coastal Bronze Age pottery,Coastal Bronze Age pottery,pronssikautinen,2.0,,,,,,,,,KM 28579_1-5,"23,72981986","61,52625396",,,,,,,,kivimurska,,True,False,False,,,
BA,1000002474,Savonlinna,Iso-Kankainen,KM,28636,1-3,6855790.0,3601730.0,82,False,False,False,False,False,False,False,False,True,True,False,Pottery,Säräisniemi 2 Ware,Luukonsaari Ware,Luukonsaari,3.0,,,,,,,,,KM 28636_1-3,"28,92553707","61,79562309",,,,,,,,talkki,asbesti,False,True,False,,,
BA,1000002474,Savonlinna,Iso-Kankainen,KM,28636,1-3,6855790.0,3601730.0,82,False,False,False,False,False,False,False,True,True,False,False,Pottery,Sarsa-Tomitsa Ware,Sarsa-Tomitsa Ware,ST,2.0,,,,,,,,,KM 28636_1-3,"28,92553707","61,79562309",,,,,,,,kiille,,True,False,True,,,
BA,399010042,Laihia,Alatalo/Jätinhaudanmaa,KM,28640,1-3,6986858.0,3244395.0,35,False,False,False,False,False,False,False,True,True,False,False,Pottery,Coastal Bronze Age pottery,Coastal Bronze Age pottery,pronssikautinen,2.0,,,,,,,,,KM 28640_1-3,"21,966629","62,89530079",,,,,,,,kivimurska,,True,False,False,,,
BA,290010068,Kuhmo,Vasikkaniemi N,KM,28644,1-4,7113321.0,3598103.0,159,False,False,False,False,False,False,False,True,True,False,False,Pottery,Säräisniemi 2 Ware,Anttila Ware,Anttila,1.0,,,,,,,,,KM 28644_1-4,"29,00924008","64,10575849",,,,,,,,talkki,kiille,False,True,False,,,
BA,290010247,Kuhmo,Lammassaari,KM,28669,1-4,7108060.0,3605880.0,159,False,False,False,False,False,False,False,True,True,False,False,Pottery,Sarsa-Tomitsa Ware,Sarsa-Tomitsa Ware,ST,1.0,,,,,,,,karsta (1),KM 28669_1-4,"29,16499977","64,0563121",,,,,,,,kivimurska,,False,True,False,,,
BA,729010041,Saarijärvi,Jänissaari,KM,28692,1-131,6957538.0,3416993.0,121,False,False,False,False,False,False,False,False,True,True,False,Pottery,Säräisniemi 2 Ware,Luukonsaari Ware,Luukonsaari,3.0,,,,,,,,,KM 28692_1-131,"25,37436683","62,71265006",,,,,,,,asbesti,,False,True,False,,,
BA,47010206,Enontekiö,Aittalahti,KM,28754,1-454,7591659.0,3358577.0,290,False,False,False,False,False,False,False,True,False,False,False,Pottery,Vardöy (IT) Ware,Vardöy (IT) Ware,IT,2.0,,,,,,,,,KM 28754_1-454,"23,55720654","68,37374096",,,,,,,,asbesti,,False,True,False,,,
BA,47010210,Enontekiö,Myllymaa 2,KM,28755,1-783,7590271.0,3355826.0,288,False,False,False,False,False,False,False,True,False,False,False,Pottery,Lovozero Ware,Lovozero Ware,Lovozero,1.0,,,,,,,,suorakaiteinen pohjapala (192),KM 28755_1-783,"23,49239075","68,35993022",,,,,,,,asbesti,,False,False,True,,,
BA,940040002,Kajaani,Kalmosaari,KM,28761,1,7117900.0,3512100.0,122,False,False,False,False,False,False,False,True,True,False,False,Pottery,Säräisniemi 2 Ware,Anttila Ware,Anttila,1.0,,,,,,,,,KM 28761_1,"27,2451886","64,16048317",,,,,,,,talkki,,True,True,False,,,
BA,494010040,Muhos,Halosentörmä,KM,28798,1-5,7200150.0,3442850.0,"32,5",False,False,False,False,False,False,False,True,True,False,False,Pottery,Sarsa-Tomitsa Ware,Sarsa-Tomitsa Ware,ST,3.0,,,,,,,,,KM 28798_1-5,"25,78968889","64,89353249",,,,,,,,orgaaninen,,False,True,False,,,
BA,577010024,Paimio,Toispuolojannummi,KM,28800,,6716468.0,3263603.0,"40,5",False,False,False,False,False,False,False,True,True,False,False,Pottery,Coastal Bronze Age pottery,Coastal Bronze Age pottery,pronssikautinen,2.0,,,,,,,,,KM 28800_,"22,69466517","60,48935369",,,,,,,,kivimurska,,True,False,False,,,
BA,1000000467,Sodankylä,Kelukoski,KM,28837,1-525,7485540.0,3483030.0,180,False,False,False,False,False,False,False,True,False,False,False,Pottery,Vardöy (IT) Ware,Vardöy (IT) Ware,IT,2.0,,,,,,,,,KM 28837_1-525,"26,59946868","67,4572737",,,,,,,,asbesti,,True,False,False,,,
BA,146010023,Ilomantsi,Hemminsaari,KM,28870,1-27,6985856.0,3694135.0,144,False,False,False,False,False,False,False,True,True,False,False,Pottery,Sarsa-Tomitsa Ware,Sarsa-Tomitsa Ware,ST,1.0,,,,,,,,,KM 28870_1-27,"30,81955978","62,92446025",,,,,,,,kivimurska,,True,False,False,,,
BA,614010039,Posio,Kuorikkikangas,KM,28917,1-3100,7326818.0,3568346.0,245,False,False,False,False,False,False,False,False,True,True,False,Pottery,Säräisniemi 2 Ware,Sirnihta Ware,Sirnihta,2.0,,,,,,,,,KM 28917_1-3100,"28,50318501","66,02716238",,,,,,,,asbesti,,True,False,False,,,
BA,741010013,Savonlinna,Pyyhiekka 1,KM,28925,,6897205.0,3610175.0,82,False,False,False,False,False,False,False,True,True,False,False,Pottery,Sarsa-Tomitsa Ware,Sarsa-Tomitsa Ware,ST,1.0,,,,,,,,,KM 28925_,"29,11105666","62,16465367",,,,,,,,hiekka,,True,False,False,,,
BA,741010013,Savonlinna,Pyyhiekka 1,KM,28925,,6897205.0,3610175.0,82,False,False,False,False,False,False,False,True,True,False,False,Pottery,Sarsa-Tomitsa Ware,Sarsa-Tomitsa Ware,ST,1.0,,,,,,,,,KM 28925_,"29,11105666","62,16465367",,,,,,,,,,True,False,False,,,
BA,1000002449,Savonlinna,Häyrynjärvi a,KM,28930,1-29,6888603.0,3588813.0,80,False,False,False,False,False,False,False,False,True,True,False,Pottery,Säräisniemi 2 Ware,Luukonsaari Ware,Luukonsaari,3.0,,,,,,,,,KM 28930_1-29,"28,69702546","62,0931411",,,,,,,,asbesti,"kiille, talkki",False,False,True,,,
BA,696010026,Mikkeli,Kitulansuo D,KM,28960,1-2640,6822290.0,3519820.0,80,False,False,False,False,False,False,False,False,True,True,False,Pottery,Säräisniemi 2 Ware,Luukonsaari Ware,Luukonsaari,1.0,,,,,,,,,KM 28960_1-2640,"27,36907159","61,50800832",,,,,,,,asbesti,,False,False,True,,,
BA,696010026,Mikkeli,Kitulansuo D,KM,28960,1-2640,6822290.0,3519820.0,80,False,False,False,False,False,False,False,True,True,False,False,Pottery,Sarsa-Tomitsa Ware,Sarsa-Tomitsa Ware,ST,1.0,,,,,,,,,KM 28960_1-2640,"27,36907159","61,50800832",,,,,,,,hiekka,orgaaninen,False,False,True,,,
BA,601010049,Pihtipudas,Lylysaari 1,KM,28984,1-50,7024940.0,3431980.0,115,False,False,False,False,False,False,False,True,True,False,False,Pottery,Sarsa-Tomitsa Ware,Sarsa-Tomitsa Ware,ST,1.0,,,,,,,,,KM 28984_1-50,"25,63928667","63,32027584",,,,,,,,kivimurska,,False,False,True,,,
BA,765010037,Sotkamo,Majaniemi,KM,29013,1-3,7103392.0,3583083.0,155,False,False,False,False,False,False,False,True,True,False,False,Pottery,Säräisniemi 2 Ware,Anttila Ware,Anttila,2.0,,,,,,,,,KM 29013_1-3,"28,69583631","64,02065486",,,,,,,,kiille,asbesti,True,True,False,,,
BA,765010037,Sotkamo,Majaniemi,KM,29013,1-3,7103392.0,3583083.0,155,False,False,False,False,False,False,False,True,True,False,False,Pottery,Säräisniemi 2 Ware,Anttila Ware,Anttila,2.0,,,,,,,,,KM 29013_1-3,"28,69583631","64,02065486",,,,,,,,kiille,,True,False,False,,,
BA,777010311,Suomussalmi,Antinsaari SE,KM,29035,1-5,7181353.0,3621771.0,190,False,False,False,False,False,False,False,False,True,True,False,Pottery,Säräisniemi 2 Ware,Kjelmöy Ware,Kjelmöy,3.0,,,,,,,,,KM 29035_1-5,"29,55031541","64,70790482",,,,,,,,hiekka,asbesti,True,False,False,,,
BA,765010062,Sotkamo,Ammonsaari,KM,29036,1-947,7116580.0,3566440.0,137,False,False,False,False,False,False,False,True,True,False,False,Pottery,Säräisniemi 2 Ware,Anttila Ware,Anttila,1.0,,,,,,,,,KM 29036_1-947,"28,36132076","64,14249492",,,,,,,,talkki,,False,True,False,,,
BA,765010062,Sotkamo,Ammonsaari,KM,29036,1-947,7116580.0,3566440.0,137,False,False,False,False,False,False,False,True,False,False,False,Pottery,Lovozero Ware,Lovozero Ware,Lovozero,1.0,,,,,,,,,KM 29036_1-947,"28,36132076","64,14249492",,,,,,,,asbesti,,False,False,True,,,
BA,765010062,Sotkamo,Ammonsaari,KM,29036,1-947,7116580.0,3566440.0,137,False,False,False,False,False,False,False,True,True,False,False,Pottery,Sarsa-Tomitsa Ware,Sarsa-Tomitsa Ware,ST,2.0,,,,,,,,,KM 29036_1-947,"28,36132076","64,14249492",,,,,,,,asbesti,,False,True,False,,,
BA,290010134,Kuhmo,Järvelä,KM,29038,1-14,7113603.0,3600062.0,158,False,False,False,False,False,False,False,True,True,False,False,Pottery,Säräisniemi 2 Ware,Anttila Ware,Anttila,1.0,,,,,,,,,KM 29038_1-14,"29,0495878","64,10772676",,,,,,,,talkki,,False,True,False,,,
BA,290010068,Kuhmo,Vasikkaniemi N,KM,29039,1-5,7113321.0,3598103.0,159,False,False,False,False,False,False,False,True,True,False,False,Pottery,Säräisniemi 2 Ware,Anttila Ware,Anttila,1.0,,,,,,,,,KM 29039_1-5,"29,00924008","64,10575849",,,,,,,,talkki,,False,True,False,,,
BA,290010202,Kuhmo,Härkösärkkä SW,KM,29059,1-3,7118899.0,3611737.0,159,False,False,False,False,False,False,False,True,False,False,False,Pottery,Lovozero Ware,Lovozero Ware,Lovozero,3.0,,,,,,,,karsta (1),KM 29059_1-3,"29,29283079","64,15162944",,,,,,,,asbesti,,True,False,False,,,
BA,290010202,Kuhmo,Härkösärkkä SW,KM,29059,1-3,7118899.0,3611737.0,159,False,False,False,False,False,False,False,False,True,True,False,Pottery,Säräisniemi 2 Ware,Sirnihta Ware,Sirnihta,2.0,,,,,,,,"karstaa, rautakuonaa",KM 29059_1-3,"29,29283079","64,15162944",,,,,,,,asbesti,,True,True,False,,,
BA,290010246,Kuhmo,Koirisaari,KM,29067,1-3,7108140.0,3605666.0,159,False,False,False,False,False,False,False,True,True,False,False,Pottery,Säräisniemi 2 Ware,Anttila Ware,Anttila,2.0,,,,,,,,,KM 29067_1-3,"29,16067617","64,05709435",,,,,,,,talkki,,True,False,False,,,
BA,290010009,Kuhmo,Koposensaari,KM,29074,1-10,7117433.0,3622670.0,163,False,False,False,False,False,False,False,True,True,False,False,Pottery,Sarsa-Tomitsa Ware,Sarsa-Tomitsa Ware,ST,1.0,,,,,,,,,KM 29074_1-10,"29,51607957","64,13478844",,,,,,,,talkki,kivimurska,True,False,False,,,
BA,47010263,Enontekiö,Näkkäläjärvi länsi 2,KM,29077,1-40,7616865.0,3360627.0,375,False,False,False,False,False,False,False,True,False,False,False,Pottery,Vardöy (IT) Ware,Vardöy (IT) Ware,IT,3.0,,,,,,,,,KM 29077_1-40,"23,57286952","68,60033606",,,,,,,,asbesti,,True,False,False,,,
BA,163010005,Kouvola,Pukkisaari,KM,29098,1-333,6784680.0,3478120.0,73,False,False,False,False,False,False,False,True,True,False,False,Pottery,Sarsa-Tomitsa Ware,Sarsa-Tomitsa Ware,ST,1.0,,,,,,,,,KM 29098_1-333,"26,59027985","61,17037981",,,,,,,,orgaaninen,,False,False,True,,,
BA,777010103,Suomussalmi,TB:n ranta,KM,29104,1-19,7199396.0,3592010.0,199,False,False,False,False,False,False,False,True,True,False,False,Pottery,Säräisniemi 2 Ware,Anttila Ware,Anttila,2.0,,,,,,,,,KM 29104_1-19,"28,93821315","64,8790748",,,,,,,,talkki,,True,False,False,,,
BA,297010001,Kuopio,Luukonsaari,KM,29128,,6968540.0,3543820.0,85,False,False,False,False,False,False,False,False,True,True,False,Pottery,Säräisniemi 2 Ware,Luukonsaari Ware,Luukonsaari,1.0,,,,,,,,,KM 29128_,"27,85608895","62,81817114",,,,,,,,asbesti,,True,False,False,,,
BA,290010053,Kuhmo,Vasikkaniemi SW,KM,29136,1-5279,7112834.0,3598406.0,159,False,False,False,False,False,False,False,True,True,False,False,Pottery,Säräisniemi 2 Ware,Anttila Ware,Anttila,2.0,,,,,,,,,KM 29136_1-5279,"29,01513604","64,10130682",,,,,,,,talkki,,False,False,True,,,
BA,290010053,Kuhmo,Vasikkaniemi SW,KM,29136,1-5279,7112834.0,3598406.0,159,False,False,False,False,False,False,False,True,True,False,False,Pottery,Sarsa-Tomitsa Ware,Sarsa-Tomitsa Ware,ST,1.0,,,,,,,,,KM 29136_1-5279,"29,01513604","64,10130682",,,,,,,,talkki,kivimurska,False,False,True,,,
BA,290010068,Kuhmo,Vasikkaniemi N,KM,29142,1-5,7113321.0,3598103.0,159,False,False,False,False,False,False,False,True,True,False,False,Pottery,Säräisniemi 2 Ware,Anttila Ware,Anttila,2.0,,,,,,,,,KM 29142_1-5,"29,00924008","64,10575849",,,,,,,,talkki,,True,False,False,,,
BA,290010052,Kuhmo,Pajasaari,KM,29144,1-4,7113075.0,3597344.0,160,False,False,False,False,False,False,False,True,True,False,False,Pottery,Säräisniemi 2 Ware,Anttila Ware,Anttila,2.0,,,,,,,,,KM 29144_1-4,"28,99352137","64,10376703",,,,,,,,talkki,,True,False,False,,,
BA,290010247,Kuhmo,Lammassaari,KM,29147,1-3,7108060.0,3605880.0,159,False,False,False,False,False,False,False,True,True,False,False,Pottery,Sarsa-Tomitsa Ware,Sarsa-Tomitsa Ware,ST,1.0,,,,,,,,,KM 29147_1-3,"29,16499977","64,0563121",,,,,,,,kivimurska,,True,False,False,,,
BA,241010077,Keminmaa,Korkiamaa 3,KM,29154,1-24,7318216.0,3388260.0,36,False,False,False,False,False,False,False,False,True,True,False,Pottery,Säräisniemi 2 Ware,Kjelmöy Ware,Kjelmöy,2.0,,,,,,,,,KM 29154_1-24,"24,54073576","65,93767266",,,,,,,,orgaaninen,,False,True,False,,,
BA,601010042,Pihtipudas,Koliman Hämeensaari,KM,29159,1-7,7028600.0,3431020.0,115,False,False,False,False,False,False,False,False,True,True,False,Pottery,Säräisniemi 2 Ware,Luukonsaari Ware,Luukonsaari,1.0,,,,,,,,,KM 29159_1-7,"25,61856338","63,35291702",,,,,,,,asbesti,,True,False,False,,,
BA,601010042,Pihtipudas,Koliman Hämeensaari,KM,29159,1-7,7028600.0,3431020.0,115,False,False,False,False,False,False,False,False,True,True,False,Pottery,Säräisniemi 2 Ware,Luukonsaari Ware,Luukonsaari,1.0,,,,,,,,,KM 29159_1-7,"25,61856338","63,35291702",,,,,,,,asbesti,,True,True,False,,,
BA,635010033,Pälkäne,Puolivälinsaari,KM,29231,1-3,6802868.0,3346459.0,85,False,False,False,False,False,False,False,True,True,False,False,Pottery,Coastal Bronze Age pottery,Coastal Bronze Age pottery,pronssikautinen,2.0,,,,,,,,,KM 29231_1-3,"24,13106773","61,30391046",,,,,,,,kivimurska,,True,False,False,,,
BA,738010031,Sauvo,Ullaskrooppi 2,KM,29307,,6694296.0,3261982.0,"22,5",False,False,False,False,False,False,False,True,True,False,False,Pottery,Coastal Bronze Age pottery,Coastal Bronze Age pottery,pronssikautinen,2.0,,,,,,,,,KM 29307_,"22,69160617","60,28996947",,,,,,,,kivimurska,,False,True,False,,,
BA,728010004,Parikkala,Petäjämäki,KM,29340,1-8,6843291.0,3639454.0,74,False,False,False,False,False,False,False,False,True,True,False,Pottery,Säräisniemi 2 Ware,Luukonsaari Ware,Luukonsaari,2.0,,,,,,,,,KM 29340_1-8,"29,63042132","61,67170379",,,,,,,,orgaaninen,,True,False,False,,,
BA,728010004,Parikkala,Petäjämäki,KM,29340,1-8,6843291.0,3639454.0,74,False,False,False,False,False,False,False,True,True,False,False,Pottery,Sarsa-Tomitsa Ware,Sarsa-Tomitsa Ware,ST,1.0,,,,,,,,,KM 29340_1-8,"29,63042132","61,67170379",,,,,,,,kivimurska,,True,False,False,,,
BA,778010001,Suonenjoki,Saunaniemi,KM,29354,1-31,6951100.0,3497200.0,100,False,False,False,False,False,False,False,False,True,True,False,Pottery,Säräisniemi 2 Ware,Luukonsaari Ware,Luukonsaari,1.0,,,,,,,,,KM 29354_1-31,"26,94203882","62,66428841",,,,,,,,asbesti,,False,True,False,,,
BA,146010023,Ilomantsi,Hemminsaari,KM,29398,1-16,6985856.0,3694135.0,144,False,False,False,False,False,False,False,True,True,False,False,Pottery,Sarsa-Tomitsa Ware,Sarsa-Tomitsa Ware,ST,1.0,,,,,,,,,KM 29398_1-16,"30,81955978","62,92446025",,,,,,,,kivimurska,,False,True,False,,,
BA,729010032,Saarijärvi,Karjalaispirtti/Rusavierto,KM,29406,1-606,6952789.0,3414556.0,110,False,False,False,False,False,False,False,True,True,False,False,Pottery,Sarsa-Tomitsa Ware,Sarsa-Tomitsa Ware,ST,3.0,,,,,,,,,KM 29406_1-606,"25,32916654","62,66950042",,,,,,,,orgaaninen,,True,False,False,,,
BA,729010029,Saarijärvi,Saarenpää,KM,29408,1-83,6952073.0,3415237.0,110,False,False,False,False,False,False,False,False,True,True,False,Pottery,Säräisniemi 2 Ware,Luukonsaari Ware,Luukonsaari,2.0,,,,,,,,,KM 29408_1-83,"25,34280909","62,66323675",,,,,,,,asbesti,,False,True,False,,,
BA,47010139,Enontekiö,Vaaranväli 3,KM,29457,1-2,7624058.0,3365505.0,420,False,False,False,False,False,False,False,True,False,False,False,Pottery,Lovozero Ware,Lovozero Ware,Lovozero,2.0,,,,,,,,,KM 29457_1-2,"23,68290032","68,6671055",,,,,,,,asbesti,,False,True,False,,,
BA,1000002431,Savonlinna,Käräänkangas b,KM,29459,1-8,6869016.0,3599511.0,78,False,False,False,False,False,False,False,False,True,True,False,Pottery,Säräisniemi 2 Ware,Luukonsaari Ware,Luukonsaari,3.0,,,,,,,,,KM 29459_1-8,"28,89078656","61,91482076",,,,,,,,asbesti,,False,True,False,,,
BA,1000002431,Savonlinna,Käräänkangas b,KM,29459,1-8,6869016.0,3599511.0,78,False,False,False,False,False,False,False,True,True,False,False,Pottery,Sarsa-Tomitsa Ware,Sarsa-Tomitsa Ware,ST,1.0,,,,,,,,,KM 29459_1-8,"28,89078656","61,91482076",,,,,,,,kivimurska,,True,False,False,,,
BA,1000002431,Savonlinna,Käräänkangas b,KM,29460,1-4,6869016.0,3599511.0,78,False,False,False,False,False,False,False,False,True,True,False,Pottery,Säräisniemi 2 Ware,Sirnihta Ware,Sirnihta,2.0,,,,,,,,,KM 29460_1-4,"28,89078656","61,91482076",,,,,,,,asbesti,,True,False,False,,,
BA,1000002486,Savonlinna,Multamäki,KM,29546,1-9,6866704.0,3603642.0,80,False,False,False,False,False,False,False,False,True,True,False,Pottery,Säräisniemi 2 Ware,Luukonsaari Ware,Luukonsaari,1.0,,,,,,,,,KM 29546_1-9,"28,96802669","61,89298595",,,,,,,,asbesti,,True,False,False,,,
BA,426010009,Liperi,Jyrinlahti 1-4,KM,29547,1-17,6956741.0,3609825.0,81,False,False,False,False,False,False,False,False,True,True,False,Pottery,Säräisniemi 2 Ware,Luukonsaari Ware,Luukonsaari,1.0,,,,,,,,,KM 29547_1-17,"29,14219444","62,69857006",,,,,,,,asbesti,,False,False,True,,,
BA,696010022,Mikkeli,Pulmionlampi A,KM,29633,1-6,6823120.0,3519080.0,81,False,False,False,False,False,False,False,True,True,False,False,Pottery,Sarsa-Tomitsa Ware,Sarsa-Tomitsa Ware,ST,1.0,,,,,,,,,KM 29633_1-6,"27,35525778","61,51549313",,,,,,,,vuolukivi,orgaaninen,True,False,False,,,
BA,320010105,Kemijärvi,Neitilä 5,KM,29644,1-268,7373715.0,3516810.0,143,False,False,False,False,False,False,False,True,True,False,False,Pottery,Säräisniemi 2 Ware,Anttila Ware,Anttila,1.0,,,,,,,,,KM 29644_1-268,"27,37308966","66,45460304",,,,,,,,talkki,,True,False,False,,,
BA,320010105,Kemijärvi,Neitilä 5,KM,29644,1-268,7373715.0,3516810.0,143,False,False,False,False,False,False,False,False,True,True,False,Pottery,Säräisniemi 2 Ware,Kjelmöy Ware,Kjelmöy,1.0,,,,,,,,,KM 29644_1-268,"27,37308966","66,45460304",,,,,,,,kiille,,True,False,False,,,
BA,320010105,Kemijärvi,Neitilä 5,KM,29644,1-268,7373715.0,3516810.0,143,False,False,False,False,False,False,False,True,False,False,False,Pottery,Lovozero Ware,Lovozero Ware,Lovozero,1.0,,,,,,,,,KM 29644_1-268,"27,37308966","66,45460304",,,,,,,,asbesti,,True,False,False,,,
BA,1000016017,Kemijärvi,Neitilä 6,KM,29645,1-48,7373605.0,3516795.0,146,False,False,False,False,False,False,False,True,True,False,False,Pottery,Säräisniemi 2 Ware,Anttila Ware,Anttila,1.0,,,,,,,,,KM 29645_1-48,"27,3727386","66,45361744",,,,,,,,talkki,,True,False,False,,,
BA,1000016017,Kemijärvi,Neitilä 6,KM,29645,1-48,7373605.0,3516795.0,146,False,False,False,False,False,False,False,True,False,False,False,Pottery,Lovozero Ware,Lovozero Ware,Lovozero,1.0,,,,,,,,,KM 29645_1-48,"27,3727386","66,45361744",,,,,,,,asbesti,,True,False,False,,,
BA,260010034,Kitee,Viilniemi,KM,29716,1-3,6893753.0,3652353.0,80,False,False,False,False,False,False,False,True,True,False,False,Pottery,Sarsa-Tomitsa Ware,Sarsa-Tomitsa Ware,ST,2.0,,,,,,,,,KM 29716_1-3,"29,91642656","62,1190353",,,,,,,,hiekka,,True,False,False,,,
BA,426010009,Liperi,Jyrinlahti 1-4,KM,29719,1-4,6956741.0,3609825.0,81,False,False,False,False,False,False,False,False,True,True,False,Pottery,Säräisniemi 2 Ware,Luukonsaari Ware,Luukonsaari,1.0,,,,,,,,,KM 29719_1-4,"29,14219444","62,69857006",,,,,,,,asbesti,,False,True,False,,,
BA,707010045,Rääkkylä,Vihi 1,KM,29728,1-14,6915236.0,3654169.0,80,False,False,False,False,False,False,False,False,True,True,False,Pottery,Säräisniemi 2 Ware,Sirnihta Ware,Sirnihta,3.0,,,,,,,,,KM 29728_1-14,"29,97003938","62,31080103",,,,,,,,asbesti,,True,False,False,,,
BA,290010068,Kuhmo,Vasikkaniemi N,KM,29817,1-5,7113321.0,3598103.0,159,False,False,False,False,False,False,False,True,True,False,False,Pottery,Säräisniemi 2 Ware,Anttila Ware,Anttila,2.0,,,,,,,,,KM 29817_1-5,"29,00924008","64,10575849",,,,,,,,talkki,,False,True,False,,,
BA,696010084,Mikkeli,Mustalahti,KM,29836,1-2,6813760.0,3523670.0,80,False,False,False,False,False,False,False,True,True,False,False,Pottery,Sarsa-Tomitsa Ware,Sarsa-Tomitsa Ware,ST,2.0,,,,,,,,,KM 29836_1-2,"27,44030079","61,4312506",,,,,,,,kivimurska,,False,True,False,,,
BA,290010053,Kuhmo,Vasikkaniemi SW,KM,29861,1-1355,7112834.0,3598406.0,159,False,False,False,False,False,False,False,True,True,False,False,Pottery,Säräisniemi 2 Ware,Anttila Ware,Anttila,1.0,,,,,,,,,KM 29861_1-1355,"29,01513604","64,10130682",,,,,,,,talkki,kiille,False,False,True,,,
BA,290010053,Kuhmo,Vasikkaniemi SW,KM,29861,1-1355,7112834.0,3598406.0,159,False,False,False,False,False,False,False,True,True,False,False,Pottery,Sarsa-Tomitsa Ware,Sarsa-Tomitsa Ware,ST,1.0,,,,,,,,,KM 29861_1-1355,"29,01513604","64,10130682",,,,,,,,kivimurska,sarvivälke,False,False,True,,,
BA,765010062,Sotkamo,Ammonsaari,KM,29926,1-1025,7116580.0,3566440.0,137,False,False,False,False,False,False,False,True,True,False,False,Pottery,Säräisniemi 2 Ware,Anttila Ware,Anttila,1.0,,,,,,,,karsta (563),KM 29926_1-1025,"28,36132076","64,14249492",,,,,,,,talkki,,False,True,False,,,
BA,290010068,Kuhmo,Vasikkaniemi N,KM,30129,1-4,7113321.0,3598103.0,159,False,False,False,False,False,False,False,True,True,False,False,Pottery,Säräisniemi 2 Ware,Anttila Ware,Anttila,1.0,,,,,,,,,KM 30129_1-4,"29,00924008","64,10575849",,,,,,,,talkki,,False,True,False,,,
BA,290010247,Kuhmo,Lammassaari,KM,30135,1-3,7108060.0,3605880.0,159,False,False,False,False,False,False,False,True,True,False,False,Pottery,Sarsa-Tomitsa Ware,Sarsa-Tomitsa Ware,ST,1.0,,,,,,,,,KM 30135_1-3,"29,16499977","64,0563121",,,,,,,,kivimurska,,True,False,False,,,
BA,183010048,Jämsä,Puonnas  2 Hiekkakuoppa,KM,30154,1-104,6889065.0,3399427.0,"103,5",False,False,False,False,False,False,False,True,True,False,False,Pottery,Sarsa-Tomitsa Ware,Sarsa-Tomitsa Ware,ST,3.0,,,,,,,,,KM 30154_1-104,"25,0711895","62,09424179",,,,,,,,kivimurska,,True,False,False,,,
BA,320010166,Kemijärvi,Mäkiniemi,KM,30265,1-29,7364870.0,3513900.0,130,False,False,False,False,False,False,False,False,True,True,False,Pottery,Säräisniemi 2 Ware,Kjelmöy Ware,Kjelmöy,3.0,,,,,,,,,KM 30265_1-29,"27,30686383","66,37542866",,,,,,,,kiille,,True,False,False,,,
BA,105010018,Hyrynsalmi,Vonkka 2,KM,30273,3-4,7177900.0,3571460.0,156,False,False,False,False,False,False,False,True,True,False,False,Pottery,Säräisniemi 2 Ware,Anttila Ware,Anttila,1.0,,,,,,,,,KM 30273_3-4,"28,49402038","64,69134666",,,,,,,,talkki,,False,True,False,,,
BA,103010003,Humppila,Järvensuo 3-4,KM,30281,2,6761954.0,3300129.0,95,False,False,False,False,False,False,False,True,True,False,False,Pottery,Coastal Bronze Age pottery,Coastal Bronze Age pottery,pronssikautinen,2.0,,,,,,,,,KM 30281_2,"23,3112335","60,91651541",,,,,,,,kivimurska,,False,True,False,,,
BA,613010040,Porvoo,Böle,KM,30321,1-3358,6702770.0,3433160.0,10,False,False,False,False,False,False,False,True,True,False,False,Pottery,Coastal Bronze Age pottery,Paimio Ware,Paimio,2.0,,,,,,,,,KM 30321_1-3358,"25,78322962","60,43033691",,,,,,,,kivimurska,,False,False,True,,,
BA,831010006,Taipalsaari,Vaateranta,KM,30322,1-1702,6780780.0,3559700.0,79,False,False,False,False,False,False,False,True,True,False,False,Pottery,Sarsa-Tomitsa Ware,Sarsa-Tomitsa Ware,ST,2.0,,,,,,,,tasapohjainen astia (478),KM 30322_1-1702,"28,10482092","61,13149316",,,,,,,,talkki,asbesti,False,True,False,,,
BA,595010043,Pielavesi,Sikoniemi 1,KM,30342,1-4,7016570.0,3482460.0,106,False,False,False,False,False,False,False,False,True,True,False,Pottery,Säräisniemi 2 Ware,Luukonsaari Ware,Luukonsaari,1.0,,,,,,,,,KM 30342_1-4,"26,64744962","63,25124247",,,,,,,,asbesti,,False,True,False,,,
BA,595010054,Pielavesi,Pieni Lapinsaari,KM,30353,1-2,7022940.0,3481750.0,104,False,False,False,False,False,False,False,False,True,True,False,Pottery,Säräisniemi 2 Ware,Luukonsaari Ware,Luukonsaari,3.0,,,,,,,,,KM 30353_1-2,"26,63259015","63,30835287",,,,,,,,asbesti,kivimurska,False,True,False,,,
BA,595010065,Pielavesi,Lähdekaarre,KM,30363,1,7018800.0,3477440.0,106,False,False,False,False,False,False,False,False,True,True,False,Pottery,Säräisniemi 2 Ware,Luukonsaari Ware,Luukonsaari,3.0,,,,,,,,,KM 30363_1,"26,54721268","63,27096524",,,,,,,,asbesti,,True,False,False,,,
BA,426010002,Liperi,Juvonen,KM,30376,1-337,6950954.0,3613909.0,80,False,False,False,False,False,False,False,False,True,True,False,Pottery,Säräisniemi 2 Ware,Luukonsaari Ware,Luukonsaari,1.0,,,,,,,,,KM 30376_1-337,"29,2180228","62,64544795",,,,,,,,asbesti,,False,False,True,,,
BA,426010002,Liperi,Juvonen,KM,30376,1-337,6950954.0,3613909.0,80,False,False,False,False,False,False,False,True,True,False,False,Pottery,Sarsa-Tomitsa Ware,Sarsa-Tomitsa Ware,ST,2.0,,,,,,,,,KM 30376_1-337,"29,2180228","62,64544795",,,,,,,,kivimurska,,True,False,False,,,
BA,146010023,Ilomantsi,Hemminsaari,KM,30593,1-56,6985856.0,3694135.0,144,False,False,False,False,False,False,False,True,False,False,False,Pottery,Lovozero Ware,Lovozero Ware,Lovozero,1.0,,,,,,,,,KM 30593_1-56,"30,81955978","62,92446025",,,,,,,,asbesti,,False,True,False,,,
BA,146010023,Ilomantsi,Hemminsaari,KM,30593,1-56,6985856.0,3694135.0,144,False,False,False,False,False,False,False,True,True,False,False,Pottery,Sarsa-Tomitsa Ware,Sarsa-Tomitsa Ware,ST,1.0,,,,,,,,,KM 30593_1-56,"30,81955978","62,92446025",,,,,,,,kivimurska,,False,True,False,,,
BA,1000003409,Kitee,Mäntyniemi 2,KM,30605,1-3,6867350.0,3650096.0,86,False,False,False,False,False,False,False,False,True,True,False,Pottery,Säräisniemi 2 Ware,Sirnihta Ware,Sirnihta,3.0,,,,,,,,,KM 30605_1-3,"29,85102343","61,88332171",,,,,,,,asbesti,,True,False,False,,,
BA,73010057,Salo,Vuohikallio,KM,30639,1-594,6707139.0,3284993.0,46,False,False,False,False,False,False,False,True,True,False,False,Pottery,Coastal Bronze Age pottery,Coastal Bronze Age pottery,pronssikautinen,3.0,,,,,,,,,KM 30639_1-594,"23,09289316","60,41780028",,,,,,,,kivimurska,,False,True,False,,,
BA,586010098,Salo,Hakala,KM,30640,1-2,6688383.0,3285340.0,22,False,False,False,False,False,False,False,True,True,False,False,Pottery,Coastal Bronze Age pottery,Coastal Bronze Age pottery,pronssikautinen,3.0,,,,,,,,,KM 30640_1-2,"23,11919918","60,25003404",,,,,,,,kivimurska,,True,False,False,,,
BA,586010088,Salo,Preitti 6,KM,30649,1-10,6676341.0,3283210.0,15,False,False,False,False,False,False,False,True,True,False,False,Pottery,Coastal Bronze Age pottery,Coastal Bronze Age pottery,pronssikautinen,2.0,,,,,,,,,KM 30649_1-10,"23,09368129","60,14107548",,,,,,,,orgaaninen,hiekka,True,False,False,,,
BA,701010023,Loviisa,Koirankallio,KM,30662,1-225,6713460.0,3473170.0,16,False,False,False,False,False,False,False,False,True,True,False,Pottery,Säräisniemi 2 Ware,Luukonsaari Ware,Luukonsaari,1.0,,,,,,,,karsta (103),KM 30662_1-225,"26,50823153","60,53093051",,,,,,,,asbesti,,False,False,True,,,
BA,476010009,Kuopio,Huutoniemi,KM,30706,1-2,7007680.0,3512380.0,82,False,False,False,False,False,False,False,False,True,True,False,Pottery,Säräisniemi 2 Ware,Luukonsaari Ware,Luukonsaari,3.0,,,,,,,,,KM 30706_1-2,"27,24236327","63,17171748",,,,,,,,asbesti,kiille,True,False,False,,,
BA,1000000413,Enonkoski,Kotkuinniemi b,KM,30719,1-119,6882365.0,3604780.0,82,False,False,False,False,False,False,False,True,True,False,False,Pottery,Sarsa-Tomitsa Ware,Sarsa-Tomitsa Ware,ST,1.0,,,,,,,,,KM 30719_1-119,"28,99882389","62,03311623",,,,,,,,hiekka,,False,True,False,,,
BA,765010062,Sotkamo,Ammonsaari,KM,30724,1-667,7116580.0,3566440.0,137,False,False,False,False,False,False,False,True,True,False,False,Pottery,Säräisniemi 2 Ware,Anttila Ware,Anttila,2.0,,,,,,,,,KM 30724_1-667,"28,36132076","64,14249492",,,,,,,,talkki,,True,False,False,,,
BA,765010062,Sotkamo,Ammonsaari,KM,30724,1-667,7116580.0,3566440.0,137,False,False,False,False,False,False,False,False,True,True,False,Pottery,Säräisniemi 2 Ware,Kjelmöy Ware,Kjelmöy,2.0,,,,,,,,,KM 30724_1-667,"28,36132076","64,14249492",,,,,,,,asbesti,,False,True,False,,,
BA,765010062,Sotkamo,Ammonsaari,KM,30724,1-667,7116580.0,3566440.0,137,False,False,False,False,False,False,False,True,False,False,False,Pottery,Lovozero Ware,Lovozero Ware,Lovozero,3.0,,,,,,,,,KM 30724_1-667,"28,36132076","64,14249492",,,,,,,,asbesti,talkki,True,False,False,,,
BA,765010062,Sotkamo,Ammonsaari,KM,30724,1-667,7116580.0,3566440.0,137,False,False,False,False,False,False,False,False,True,True,False,Pottery,Säräisniemi 2 Ware,Luukonsaari Ware,Luukonsaari,2.0,,,,,,,,,KM 30724_1-667,"28,36132076","64,14249492",,,,,,,,asbesti,,False,True,False,,,
BA,223010010,Lohja,Katajisto,KM,30767,1-1018,6686939.0,3320808.0,45,False,False,False,False,False,False,False,True,True,False,False,Pottery,Sarsa-Tomitsa Ware,Sarsa-Tomitsa Ware,ST,1.0,,,,,,,,,KM 30767_1-1018,"23,75987647","60,25426447",,,,,,,,hiekka,,True,False,False,,,
BA,410010043,Laukaa,Vuontee  Juntula,KM,30824,1-2,6912480.0,3447180.0,83,False,False,False,False,False,False,False,False,True,True,False,Pottery,Säräisniemi 2 Ware,Luukonsaari Ware,Luukonsaari,3.0,,,,,,,,,KM 30824_1-2,"25,97813383","62,31403256",,,,,,,,asbesti,,True,False,False,,,
BA,410010043,Laukaa,Vuontee  Juntula,KM,30824,1-2,6912480.0,3447180.0,83,False,False,False,False,False,False,False,True,True,False,False,Pottery,Sarsa-Tomitsa Ware,Sarsa-Tomitsa Ware,ST,1.0,,,,,,,,,KM 30824_1-2,"25,97813383","62,31403256",,,,,,,,kivimurska,,True,False,False,,,
BA,410010048,Laukaa,Tarvaalankoski,KM,30831,,6920650.0,3451440.0,88,False,False,False,False,False,False,False,True,True,False,False,Pottery,Sarsa-Tomitsa Ware,Sarsa-Tomitsa Ware,ST,3.0,,,,,,,,,KM 30831_,"26,05797454","62,38790762",,,,,,,,kivimurska,,True,False,False,,,
BA,277010048,Jyväskylä,Kotiranta B,KM,30839,1-3,6876613.0,3434290.0,85,False,False,False,False,False,False,False,True,True,False,False,Pottery,Sarsa-Tomitsa Ware,Sarsa-Tomitsa Ware,ST,1.0,,,,,,,,,KM 30839_1-3,"25,74304634","61,99023542",,,,,,,,kivimurska,,True,False,False,,,
BA,211010036,Kangasala,Hyyrönhauta,KM,30915,1-14,6817462.0,3346359.0,87,False,False,False,False,False,False,False,True,True,False,False,Pottery,Sarsa-Tomitsa Ware,Sarsa-Tomitsa Ware,ST,2.0,,,,,,,,,KM 30915_1-14,"24,11718123","61,43466964",,,,,,,,kivimurska,,True,False,False,,,
BA,98010028,Hollola,Vanha-Pappila,KM,31026,1-43,6772422.0,3415586.0,85,False,False,False,False,False,False,False,False,True,True,False,Pottery,Säräisniemi 2 Ware,Luukonsaari Ware,Luukonsaari,3.0,,,,,,,,,KM 31026_1-43,"25,43408527","61,05191431",,,,,,,,asbesti,,True,False,False,,,
BA,173010015,Lappeenranta,Kohosaari,KM,31043,1-3,6782340.0,3572930.0,77,False,False,False,False,False,False,False,False,True,True,False,Pottery,Säräisniemi 2 Ware,Luukonsaari Ware,Luukonsaari,1.0,,,,,,,,,KM 31043_1-3,"28,35088191","61,14326199",,,,,,,,asbesti,,False,True,False,,,
BA,426010009,Liperi,Jyrinlahti 1-4,KM,31057,1-342,6956741.0,3609825.0,81,False,False,False,False,False,False,False,False,True,True,False,Pottery,Säräisniemi 2 Ware,Luukonsaari Ware,Luukonsaari,1.0,,,,,,,,,KM 31057_1-342,"29,14219444","62,69857006",,,,,,,,asbesti,,False,False,True,,,
BA,426010009,Liperi,Jyrinlahti 1-4,KM,31057,1-342,6956741.0,3609825.0,81,False,False,False,False,False,False,False,False,True,True,False,Pottery,Säräisniemi 2 Ware,Sirnihta Ware,Sirnihta,1.0,,,,,,,,,KM 31057_1-342,"29,14219444","62,69857006",,,,,,,,asbesti,,False,False,True,,,
BA,426010009,Liperi,Jyrinlahti 1-4,KM,31057,1-342,6956741.0,3609825.0,81,False,False,False,False,False,False,False,True,True,False,False,Pottery,Sarsa-Tomitsa Ware,Sarsa-Tomitsa Ware,ST,1.0,,,,,,,,,KM 31057_1-342,"29,14219444","62,69857006",,,,,,,,hiekka,,True,False,False,,,
BA,246010130,Savonlinna,Kangaslampi,KM,31116,1-5,6892140.0,3621410.0,80,False,False,False,False,False,False,False,False,True,True,False,Pottery,Säräisniemi 2 Ware,Luukonsaari Ware,Luukonsaari,1.0,,,,,,,,,KM 31116_1-5,"29,3229803","62,11579316",,,,,,,,asbesti,,False,True,False,,,
BA,248010048,Kitee,Kulhankangas D,KM,31126,1-4,6882530.0,3635087.0,79,False,False,False,False,False,False,False,False,True,True,False,Pottery,Säräisniemi 2 Ware,Luukonsaari Ware,Luukonsaari,1.0,,,,,,,,"tasapohja, karsta (4)",KM 31126_1-4,"29,57742194","62,02500767",,,,,,,,asbesti,,False,True,False,,,
BA,248010048,Kitee,Kulhankangas D,KM,31126,1-4,6882530.0,3635087.0,79,False,False,False,False,False,False,False,False,True,True,False,Pottery,Säräisniemi 2 Ware,Sirnihta Ware,Sirnihta,2.0,,,,,,,,,KM 31126_1-4,"29,57742194","62,02500767",,,,,,,,asbesti,,False,True,False,,,
BA,248010048,Kitee,Kulhankangas D,KM,31126,1-4,6882530.0,3635087.0,79,False,False,False,False,False,False,False,True,True,False,False,Pottery,Sarsa-Tomitsa Ware,Sarsa-Tomitsa Ware,ST,2.0,,,,,,,,vai tekstiilipintainen Sirnihta?,KM 31126_1-4,"29,57742194","62,02500767",,,,,,,,asbesti,,False,True,False,,,
BA,248010049,Kitee,Kulhankangas E,KM,31127,1-3,6882591.0,3635061.0,79,False,False,False,False,False,False,False,False,True,True,False,Pottery,Säräisniemi 2 Ware,Luukonsaari Ware,Luukonsaari,1.0,,,,,,,,,KM 31127_1-3,"29,5769721","62,02556373",,,,,,,,asbesti,,True,False,False,,,
BA,248010050,Kitee,Kulhankangas F,KM,31128,1-2,6882307.0,3635248.0,79,False,False,False,False,False,False,False,True,True,False,False,Pottery,Sarsa-Tomitsa Ware,Sarsa-Tomitsa Ware,ST,1.0,,,,,,,,,KM 31128_1-2,"29,58032463","62,02295133",,,,,,,,kivimurska,,True,False,False,,,
BA,441010009,Luumäki,Rantanen Suurpelto,KM,31137,1-27,6752060.0,3544400.0,60,False,False,False,False,False,False,False,True,True,False,False,Pottery,Sarsa-Tomitsa Ware,Sarsa-Tomitsa Ware,ST,3.0,,,,,,,,,KM 31137_1-27,"27,81428422","60,87579786",,,,,,,,kivimurska,,True,False,False,,,
BA,405010021,Lappeenranta,Ruohosaari,KM,31245,1-3,6774280.0,3560400.0,81,False,False,False,False,False,False,False,True,True,False,False,Pottery,Sarsa-Tomitsa Ware,Sarsa-Tomitsa Ware,ST,2.0,,,,,,,,,KM 31245_1-3,"28,11575346","61,07306556",,,,,,,,kivimurska,,True,False,False,,,
BA,765010111,Sotkamo,Palolahti W,KM,31385,1-839,7104359.0,3582136.0,155,False,False,False,False,False,False,False,True,True,False,False,Pottery,Säräisniemi 2 Ware,Anttila Ware,Anttila,1.0,,,,,,,,,KM 31385_1-839,"28,67699712","64,02955018",,,,,,,,talkki,,False,False,True,,,
BA,765010111,Sotkamo,Palolahti W,KM,31385,1-839,7104359.0,3582136.0,155,False,False,False,False,False,False,False,True,True,False,False,Pottery,Sarsa-Tomitsa Ware,Sarsa-Tomitsa Ware,ST,1.0,,,,,,,,karsta (731),KM 31385_1-839,"28,67699712","64,02955018",,,,,,,,kivimurska,,False,True,False,,,
BA,607010006,Polvijärvi,Multavieru,KM,31419,1-9,6982376.0,3619573.0,100,False,False,False,False,False,False,False,True,True,False,False,Pottery,Sarsa-Tomitsa Ware,Sarsa-Tomitsa Ware,ST,1.0,,,,,,,,,KM 31419_1-9,"29,35071479","62,92533941",,,,,,,,kivimurska,,False,True,False,,,
BA,844010025,Tervo,Riitniemi,KM,31422,1-5,6980840.0,3488700.0,100,False,False,False,False,False,False,False,True,True,False,False,Pottery,Sarsa-Tomitsa Ware,Sarsa-Tomitsa Ware,ST,1.0,,,,,,,,karsta (1),KM 31422_1-5,"26,77416251","62,93094481",,,,,,,,kivimurska,kiille,False,True,False,,,
BA,174010012,Kuopio,Pitkäniemi,KM,31450,1-2,6986160.0,3557860.0,87,False,False,False,False,False,False,False,True,True,False,False,Pottery,Sarsa-Tomitsa Ware,Sarsa-Tomitsa Ware,ST,1.0,,,,,,,,,KM 31450_1-2,"28,13750339","62,97428051",,,,,,,,asbesti,,True,False,False,,,
BA,729010032,Saarijärvi,Karjalaispirtti/Rusavierto,KM,31616,1-5965,6952789.0,3414556.0,110,False,False,False,False,False,False,False,False,True,True,False,Pottery,Säräisniemi 2 Ware,Luukonsaari Ware,Luukonsaari,3.0,,,,,,,,,KM 31616_1-5965,"25,32916654","62,66950042",,,,,,,,asbesti,,True,False,False,,,
BA,696010087,Mikkeli,Mustikkavuori 1,KM,31733,1-3,6813850.0,3527500.0,85,False,False,False,False,False,False,False,True,True,False,False,Pottery,Sarsa-Tomitsa Ware,Sarsa-Tomitsa Ware,ST,3.0,,,,,,,,,KM 31733_1-3,"27,51207103","61,4318075",,,,,,,,kivimurska,,True,False,False,,,
BA,701010026,Loviisa,Pitkäkoski,KM,31993,1-10,6709700.0,3461270.0,14,False,False,False,False,False,False,False,True,True,False,False,Pottery,Sarsa-Tomitsa Ware,Sarsa-Tomitsa Ware,ST,1.0,,,,,,,,,KM 31993_1-10,"26,29223987","60,49621285",,,,,,,,kivimurska,orgaaninen,False,True,False,,,
BA,211010004,Kangasala,Pohtiolampi ja Tiilitehdas,KM,32000,1-829,6819197.0,3346749.0,88,False,False,False,False,False,False,False,True,True,False,False,Pottery,Sarsa-Tomitsa Ware,Sarsa-Tomitsa Ware,ST,1.0,,,,,,,,,KM 32000_1-829,"24,12304656","61,45037381",,,,,,,,kivimurska,,False,False,True,,,
BA,305010201,Kuusamo,Kotaniemi E,KM,32178,1-41,7330826.0,3593704.0,263,False,False,False,False,False,False,False,True,True,False,False,Pottery,Sarsa-Tomitsa Ware,Sarsa-Tomitsa Ware,ST,2.0,,,,,,,,,KM 32178_1-41,"29,0648351","66,05661959",,,,,,,,orgaaninen,,False,True,False,,,
BA,532010021,Lahti,Kilpisaari 1,KM,32180,1-1008,6763620.0,3451100.0,80,False,False,False,False,False,False,False,True,True,False,False,Pottery,Sarsa-Tomitsa Ware,Sarsa-Tomitsa Ware,ST,1.0,,,,,,,,,KM 32180_1-1008,"26,09368404","60,97895631",,,,,,,,hiekka,kivimurska,False,False,True,,,
BA,831010050,Taipalsaari,Putronniemi,KM,32242,1-6,6788100.0,3555100.0,80,False,False,False,False,False,False,False,True,True,False,False,Pottery,Sarsa-Tomitsa Ware,Sarsa-Tomitsa Ware,ST,3.0,,,,,,,,,KM 32242_1-6,"28,02158699","61,19784289",,,,,,,,hiekka,,True,False,False,,,
BA,146010012,Ilomantsi,Ristiniemi,KM,32289,1-12,6970557.0,3700257.0,145,False,False,False,False,False,False,False,True,True,False,False,Pottery,Sarsa-Tomitsa Ware,Sarsa-Tomitsa Ware,ST,2.0,,,,,,,,,KM 32289_1-12,"30,92145688","62,78421395",,,,,,,,kivimurska,,False,True,False,,,
BA,781010114,Sysmä,Kuokanlahti,KM,32385,1-3,6817730.0,3430920.0,84,False,False,False,False,False,False,False,True,True,False,False,Pottery,Sarsa-Tomitsa Ware,Sarsa-Tomitsa Ware,ST,3.0,,,,,,,,,KM 32385_1-3,"25,70119851","61,46139614",,,,,,,,hiekka,orgaaninen,True,False,False,,,
BA,594010011,Pieksämäki,Marketanhiekka,KM,32467,1-25,6899800.0,3507980.0,112,False,False,False,False,False,False,False,False,True,True,False,Pottery,Säräisniemi 2 Ware,Luukonsaari Ware,Luukonsaari,3.0,,,,,,,,,KM 32467_1-25,"27,15004428","62,20393531",,,,,,,,asbesti,,False,True,False,,,
BA,211010004,Kangasala,Pohtiolampi ja Tiilitehdas,KM,32554,1-1794,6819197.0,3346749.0,88,False,False,False,False,False,False,False,True,True,False,False,Pottery,Sarsa-Tomitsa Ware,Sarsa-Tomitsa Ware,ST,1.0,,,,,,,,,KM 32554_1-1794,"24,12304656","61,45037381",,,,,,,,hiekka,,False,False,True,,,
BA,410010054,Laukaa,Sikoniemi,KM,32563,,6908120.0,3455240.0,90,False,False,False,False,False,False,False,True,True,False,False,Pottery,Sarsa-Tomitsa Ware,Sarsa-Tomitsa Ware,ST,2.0,,,,,,,,,KM 32563_,"26,13466375","62,27597209",,,,,,,,hiekka,,False,True,False,,,
BA,916010011,Lapinlahti,Jousilahti N,KM,32610,1-2,7031770.0,3545510.0,102,False,False,False,False,False,False,False,False,True,True,False,Pottery,Säräisniemi 2 Ware,Säräisniemi 2 Ware,Sär 2,3.0,,,,,,,,,KM 32610_1-2,"27,90672634","63,38516686",,,,,,,,asbesti,,True,False,False,,,
BA,754010011,Kouvola,Ankkapurha,KM,32688,1-1580,6732180.0,3490180.0,30,False,False,False,False,False,False,False,True,True,False,False,Pottery,Sarsa-Tomitsa Ware,Sarsa-Tomitsa Ware,ST,2.0,,,,,,,,413,KM 32688_1-1580,"26,81709562","60,6997203",,,,,,,,asbesti,,True,False,False,,,
BA,98010033,Hollola,Luhdanniitty 1,KM,32863,1-247,6759080.0,3421520.0,78,False,False,False,False,False,False,False,True,True,False,False,Pottery,Sarsa-Tomitsa Ware,Sarsa-Tomitsa Ware,ST,1.0,,,,,,,,,KM 32863_1-247,"25,54936853","60,93344671",,,,,,,,kivimurska,,False,False,True,,,
BA,777010108,Suomussalmi,Kumpuniemi,KM,32912,1-4,7201161.0,3589543.0,199,False,False,False,False,False,False,False,True,True,False,False,Pottery,Sarsa-Tomitsa Ware,Sarsa-Tomitsa Ware,ST,2.0,,,,,,,,,KM 32912_1-4,"28,88729337","64,8955655",,,,,,,,talkki,asbesti,False,True,False,,,
BA,777010025,Suomussalmi,Kalmosärkkä,KM,32913,1-12,7237045.0,3614621.0,199,False,False,False,False,False,False,False,True,True,False,False,Pottery,Säräisniemi 2 Ware,Anttila Ware,Anttila,1.0,,,,,,,,,KM 32913_1-12,"29,44567113","65,2094768",,,,,,,,talkki,,True,False,False,,,
BA,1000000220,Kuopio,Iivarinsalo,KM,32917,1-3,6968800.0,3543240.0,84,False,False,False,False,False,False,False,False,True,True,False,Pottery,Säräisniemi 2 Ware,Luukonsaari Ware,Luukonsaari,3.0,,,,,,,,,KM 32917_1-3,"27,84478179","62,82057226",,,,,,,,asbesti,,True,False,False,,,
BA,103010002,Humppila,Järvensuo 2,KM,32925,1-288,6761526.0,3299784.0,96,False,False,False,False,False,False,False,True,True,False,False,Pottery,Coastal Bronze Age pottery,Paimio Ware,Paimio,3.0,,,,,,,,,KM 32925_1-288,"23,30533153","60,9125081",,,,,,,,kivimurska,,False,False,True,,,
BA,700010048,Ruokolahti,Pöllösaari,KM,32958,1-2,6813141.0,3580912.0,79,False,False,False,False,False,False,False,False,True,True,False,Pottery,Säräisniemi 2 Ware,Luukonsaari Ware,Luukonsaari,2.0,,,,,,,,,KM 32958_1-2,"28,51225244","61,41801243",,,,,,,,asbesti,,True,False,False,,,
BA,211010004,Kangasala,Pohtiolampi ja Tiilitehdas,KM,32990,1-2010,6819197.0,3346749.0,88,False,False,False,False,False,False,False,True,True,False,False,Pottery,Sarsa-Tomitsa Ware,Sarsa-Tomitsa Ware,ST,1.0,,,,,,,,,KM 32990_1-2010,"24,12304656","61,45037381",,,,,,,,kivimurska,,False,False,True,,,
BA,86010012,Hausjärvi,Lempiönkärki,KM,33112,,6752170.0,3393494.0,85,False,False,False,False,False,False,False,True,True,False,False,Pottery,Sarsa-Tomitsa Ware,Sarsa-Tomitsa Ware,ST,3.0,,,,,,,,,KM 33112_,"25,03657869","60,86491275",,,,,,,,orgaaninen,hiekka,True,False,False,,,
BA,1000003481,Kuopio,Kätölahti 1,KM,33252,,7009017.0,3511579.0,94,False,False,False,False,False,False,False,True,False,False,False,Pottery,Lovozero Ware,Lovozero Ware,Lovozero,3.0,,,,,,,,,KM 33252_,"27,22655622","63,18373843",,,,,,,,asbesti,,True,False,False,,,
BA,538010033,Nousiainen,Perkkovuori,KM,33263,1-102,6732550.0,3231950.0,27,False,False,False,False,False,False,False,True,True,False,False,Pottery,Coastal Bronze Age pottery,Coastal Bronze Age pottery,pronssikautinen,3.0,,,,,,,,karstaa,KM 33263_1-102,"22,09915734","60,61336899",,,,,,,,kivimurska,orgaaninen,False,False,True,,,
BA,98010043,Hollola,Kiiskihauta,KM,33265,1-9,6777446.0,3416927.0,85,False,False,False,False,False,False,False,True,True,False,False,Pottery,Sarsa-Tomitsa Ware,Sarsa-Tomitsa Ware,ST,2.0,,,,,,,,,KM 33265_1-9,"25,45670794","61,09726989",,,,,,,,kivimurska,,True,False,False,,,
BA,832010063,Taivalkoski,Lummelampi W,KM,33303,1-1825,7268298.0,3570151.0,225,False,False,False,False,False,False,False,True,True,False,False,Pottery,Sarsa-Tomitsa Ware,Sarsa-Tomitsa Ware,ST,1.0,,,,,,,,,KM 33303_1-1825,"28,51192829","65,5021327",,,,,,,,hiekka,,False,False,True,,,
BA,180010020,Jyväskylä,Leppälahden kesäsiirtola,KM,33304,1-293,6900800.0,3445600.0,85,False,False,False,False,False,False,False,True,True,False,False,Pottery,Sarsa-Tomitsa Ware,Sarsa-Tomitsa Ware,ST,2.0,,,,,,,,,KM 33304_1-293,"25,95132057","62,2090226",,,,,,,,kivimurska,,True,False,False,,,
BA,729010062,Saarijärvi,Summassaari Uimaranta,KM,33321,1-4294,6952633.0,3415043.0,110,False,False,False,False,False,False,False,False,True,True,False,Pottery,Säräisniemi 2 Ware,Sirnihta Ware,Sirnihta,2.0,,,,,,,,"koivuterva (4235), karsta (4244,4258 Hela-641 1760+/-50 BP, ym karstaa useassa palassa)",KM 33321_1-4294,"25,33874433","62,66821424",,,,,,,,asbesti,,False,False,True,,,
BA,9040025,Alavieska,Jutila,KM,33325,,7121342.0,3368392.0,45,False,False,False,False,False,False,False,True,True,False,False,Pottery,Coastal Bronze Age pottery,Coastal Bronze Age pottery,pronssikautinen,2.0,,,,,,,,,KM 33325_,"24,29012997","64,16639338",,,,,,,,hiekka,,True,False,False,,,
BA,1000000164,Kuopio,Hiekkalahti,KM,33420,1-2,6985497.0,3547255.0,92,False,False,False,False,False,False,False,False,True,True,False,Pottery,Säräisniemi 2 Ware,Luukonsaari Ware,Luukonsaari,3.0,,,,,,,,,KM 33420_1-2,"27,9282439","62,96986065",,,,,,,,asbesti,,True,False,False,,,
BA,415010001,Joutsa,Harjunlahden uimaranta,KM,33452,,6867470.0,3448780.0,125,False,False,False,False,False,False,False,True,True,False,False,Pottery,Sarsa-Tomitsa Ware,Sarsa-Tomitsa Ware,ST,3.0,,,,,,,,,KM 33452_,"26,02207919","61,91044875",,,,,,,,hiekka,,True,False,False,,,
BA,426010023,Liperi,Riihilahti,KM,33481,,6953992.0,3619174.0,83,False,False,False,False,False,False,False,False,True,True,False,Pottery,Säräisniemi 2 Ware,Luukonsaari Ware,Luukonsaari,1.0,,,,,,,,,KM 33481_,"29,3227301","62,67102173",,,,,,,,asbesti,,True,False,False,,,
BA,426010049,Liperi,Likolahti 1,KM,33496,1-4,6956120.0,3610034.0,80,False,False,False,False,False,False,False,False,True,True,False,Pottery,Säräisniemi 2 Ware,Luukonsaari Ware,Luukonsaari,1.0,,,,,,,,,KM 33496_1-4,"29,14587048","62,69293998",,,,,,,,asbesti,,False,True,False,,,
BA,624010040,Pyhtää,Riitinginsuo 2,KM,33589,1-14,6711357.0,3473966.0,15,False,False,False,False,False,False,False,True,True,False,False,Pottery,Coastal Bronze Age pottery,Paimio Ware,Paimio,3.0,,,,,,,,,KM 33589_1-14,"26,52300693","60,5121095",,,,,,,,kivimurska,shamotti,False,False,True,,,
BA,624010038,Pyhtää,Eetinniitty 2,KM,33591,1-6,6711933.0,3473739.0,15,False,False,False,False,False,False,False,True,True,False,False,Pottery,Coastal Bronze Age pottery,Paimio Ware,Paimio,3.0,,,,,,,,,KM 33591_1-6,"26,51879826","60,51726405",,,,,,,,kivimurska,orgaaninen,False,True,False,,,
BA,290010009,Kuhmo,Koposensaari,KM,33638,1-4,7117433.0,3622670.0,163,False,False,False,False,False,False,False,True,True,False,False,Pottery,Säräisniemi 2 Ware,Anttila Ware,Anttila,2.0,,,,,,,,,KM 33638_1-4,"29,51607957","64,13478844",,,,,,,,talkki,,True,False,False,,,
BA,290010009,Kuhmo,Koposensaari,KM,33638,1-4,7117433.0,3622670.0,163,False,False,False,False,False,False,False,True,True,False,False,Pottery,Sarsa-Tomitsa Ware,Sarsa-Tomitsa Ware,ST,1.0,,,,,,,,,KM 33638_1-4,"29,51607957","64,13478844",,,,,,,,hiekka,,True,False,False,,,
BA,290010253,Kuhmo,Nurminiemen luoto,KM,33642,1-3,7107470.0,3606960.0,159,False,False,False,False,False,False,False,False,True,True,False,Pottery,Säräisniemi 2 Ware,Luukonsaari Ware,Luukonsaari,2.0,,,,,,,,,KM 33642_1-3,"29,18668524","64,0506927",,,,,,,,asbesti,,True,False,False,,,
BA,290010134,Kuhmo,Järvelä,KM,33643,1-9,7113603.0,3600062.0,158,False,False,False,False,False,False,False,True,True,False,False,Pottery,Säräisniemi 2 Ware,Anttila Ware,Anttila,2.0,,,,,,,,,KM 33643_1-9,"29,0495878","64,10772676",,,,,,,,talkki,,True,False,False,,,
BA,uusi 525,Kruunupyy,Långbacken,KM,33673,1-5,7072458.0,3322269.0,,False,False,False,False,False,False,False,True,True,False,False,Pottery,Coastal Bronze Age pottery,Coastal Bronze Age pottery,pronssikautinen,2.0,,,,,,,,,KM 33673_1-5,"23,40033768","63,70808038",,,,,,,,hiekka,,False,True,False,,,
BA,uusi 525,Suojärvi,Ylisenjärvi,KM,33673,1-5,6920670.0,3781718.0,,False,False,False,False,False,False,False,True,True,False,False,Pottery,Coastal Bronze Age pottery,Coastal Bronze Age pottery,pronssikautinen,2.0,,,,,,,,,KM 33673_1-5,"32,42859559","62,28522564",,,,,,,,hiekka,,False,True,False,,,
BA,1000000226,Salo,Mutainen 2,KM,33808,1-19,6692076.0,3279549.0,27,False,False,False,False,False,False,False,True,True,False,False,Pottery,Coastal Bronze Age pottery,Coastal Bronze Age pottery,pronssikautinen,2.0,,,,,,,,,KM 33808_1-19,"23,01085097","60,2800042",,,,,,,,kivimurska,,True,False,False,,,
BA,1000001404,Lahti,Sorsapohja,KM,33921,1-22,6762913.0,3437092.0,95,False,False,False,False,False,False,False,True,True,False,False,Pottery,Sarsa-Tomitsa Ware,Sarsa-Tomitsa Ware,ST,1.0,,,,,,,,,KM 33921_1-22,"25,83524601","60,9706253",,,,,,,,hiekka,,False,True,False,,,
BA,1000000950,Padasjoki,Kyynäröjärven kangas,KM,33959,1-8,6817850.0,3387700.0,112,False,False,False,False,False,False,False,True,True,False,False,Pottery,Sarsa-Tomitsa Ware,Sarsa-Tomitsa Ware,ST,1.0,,,,,,,,,KM 33959_1-8,"24,89104972","61,45234014",,,,,,,,shamotti,,True,False,False,,,
BA,1000001383,Heinola,Sammakkolahti,KM,33981,,6797480.0,3470870.0,95,False,False,False,False,False,False,False,True,True,False,False,Pottery,Sarsa-Tomitsa Ware,Sarsa-Tomitsa Ware,ST,3.0,,,,,,,,,KM 33981_,"26,45358189","61,2847668",,,,,,,,hiekka,,False,True,False,,,
BA,1000008669,Kuusamo,Niskalampi S,KM,33991,1-180,7325063.0,3599530.0,260,False,False,False,False,False,False,False,True,True,False,False,Pottery,Säräisniemi 2 Ware,Anttila Ware,Anttila,2.0,,,,,,,,,KM 33991_1-180,"29,18890046","66,0032012",,,,,,,,,,False,False,True,,,
BA,1000000247,Rauma,Huilu 2,KM,34021,1-902,6789320.0,3219346.0,20,False,False,False,False,False,False,False,True,True,False,False,Pottery,Coastal Bronze Age pottery,Paimio Ware,Paimio,1.0,,,,,,,,"karsta (256,471,735 C14-ajoitus Hela-779)",KM 34021_1-902,"21,78768129","61,1121594",,,,,,,,hiekka,,False,False,True,,,
BA,832010063,Taivalkoski,Lummelampi W,KM,34029,1-194,7268298.0,3570151.0,225,False,False,False,False,False,False,False,True,True,False,False,Pottery,Sarsa-Tomitsa Ware,Sarsa-Tomitsa Ware,ST,1.0,,,,,,,,"karsta (92,97,152)",KM 34029_1-194,"28,51192829","65,5021327",,,,,,,,hiekka,,False,False,True,,,
BA,832010063,Taivalkoski,Lummelampi W,KM,34030,1-254,7268298.0,3570151.0,225,False,False,False,False,False,False,False,True,True,False,False,Pottery,Säräisniemi 2 Ware,Anttila Ware,Anttila,2.0,,,,,,,,,KM 34030_1-254,"28,51192829","65,5021327",,,,,,,,talkki,,True,False,False,,,
BA,275010015,Konnevesi,Majakangas  pohjoinen,KM,34052,1-65,6941700.0,3461950.0,95,False,False,False,False,False,False,False,False,True,True,False,Pottery,Säräisniemi 2 Ware,Sirnihta Ware,Sirnihta,2.0,,,,,,,,karsta (15 C14-ajoituksessa),KM 34052_1-65,"26,25643839","62,57798563",,,,,,,,asbesti,,False,True,False,,,
BA,686010018,Rautalampi,Hämeenniemi,KM,34058,1-280,6952393.0,3496223.0,98,False,False,False,False,False,False,False,True,True,False,False,Pottery,Sarsa-Tomitsa Ware,Sarsa-Tomitsa Ware,ST,1.0,,,,,,,,,KM 34058_1-280,"26,92294666","62,67588012",,,,,,,,kivimurska,,True,False,False,,,
BA,1000000719,Joensuu,Autioranta 1,KM,34124,1-6,6978200.0,3665390.0,93,False,False,False,False,False,False,False,True,True,False,False,Pottery,Sarsa-Tomitsa Ware,Sarsa-Tomitsa Ware,ST,2.0,,,,,,,,,KM 34124_1-6,"30,24709449","62,87004995",,,,,,,,kiille,,True,False,False,,,
BA,1000003339,Kitee,Siikasaari,KM,34249,,6869122.0,3638558.0,79,False,False,False,False,False,False,False,True,True,False,False,Pottery,Sarsa-Tomitsa Ware,Sarsa-Tomitsa Ware,ST,2.0,,,,,,,,,KM 34249_,"29,63326501","61,90357241",,,,,,,,kivimurska,,True,False,False,,,
BA,1000003168,Rauma,Tahtmaa,KM,34274,1-4,6789585.0,3219349.0,26,False,False,False,False,False,False,False,True,True,False,False,Pottery,Coastal Bronze Age pottery,Coastal Bronze Age pottery,pronssikautinen,2.0,,,,,,,,,KM 34274_1-4,"21,7873457","61,11452986",,,,,,,,hiekka,,True,False,False,,,
BA,81010026,Hartola,Lohentie 6,KM,34308,1-433,6828950.0,3449480.0,95,False,False,False,False,False,False,False,True,True,False,False,Pottery,Sarsa-Tomitsa Ware,Sarsa-Tomitsa Ware,ST,1.0,,,,,,,,,KM 34308_1-433,"26,04614809","61,56493908",,,,,,,,kivimurska,,False,True,False,,,
BA,uusi 1279,Puumala,Suuri Naarsaari,KM,34342,1-4,6822100.0,3553750.0,75,False,False,False,False,False,False,False,False,True,True,False,Pottery,Säräisniemi 2 Ware,Luukonsaari Ware,Luukonsaari,1.0,,,,,,,,"kokonainen astia, karstanäyte otettu c14-ajoitukseen",KM 34342_1-4,"28,0062261","61,50309324",,,,,,,,asbesti,,True,False,False,,,
BA,1000008899,Pelkosenniemi,Yliuopaja 1,KM,34367,1-4,7457740.0,3518720.0,149,False,False,False,False,False,False,False,True,False,False,False,Pottery,Lovozero Ware,Lovozero Ware,Lovozero,1.0,,,,,,,,,KM 34367_1-4,"27,42887995","67,20792914",,,,,,,,asbesti,,True,False,False,,,
BA,1000008900,Pelkosenniemi,Yliuopaja 2,KM,34368,1-3,7457740.0,3519220.0,150,False,False,False,False,False,False,False,True,False,False,False,Pottery,Lovozero Ware,Lovozero Ware,Lovozero,2.0,,,,,,,,,KM 34368_1-3,"27,44044107","67,20789779",,,,,,,,asbesti,,True,False,False,,,
BA,777010108,Suomussalmi,Kumpuniemi,KM,34428,1-3,7201161.0,3589543.0,199,False,False,False,False,False,False,False,True,True,False,False,Pottery,Säräisniemi 2 Ware,Anttila Ware,Anttila,1.0,,,,,,,,,KM 34428_1-3,"28,88729337","64,8955655",,,,,,,,talkki,,False,True,False,,,
BA,777010026,Suomussalmi,Nuolisärkkä,KM,34431,1-8,7236095.0,3613658.0,199,False,False,False,False,False,False,False,True,True,False,False,Pottery,Säräisniemi 2 Ware,Anttila Ware,Anttila,2.0,,,,,,,,,KM 34431_1-8,"29,4243359","65,20129711",,,,,,,,talkki,,True,False,False,,,
BA,1000002233,Luumäki,Reijonkangas,KM,34447,1-483,6753480.0,3541830.0,"57,4",False,False,False,False,False,False,False,True,True,False,False,Pottery,Sarsa-Tomitsa Ware,Sarsa-Tomitsa Ware,ST,1.0,,,,,,,,,KM 34447_1-483,"27,76728092","60,88881835",,,,,,,,kivimurska,,True,False,False,,,
BA,103010001,Humppila,Järvensuo 1,KM,34489,1-55,6761363.0,3299321.0,95,False,False,False,False,False,False,False,True,True,False,False,Pottery,Coastal Bronze Age pottery,Paimio Ware,Paimio,2.0,,,,,,,,,KM 34489_1-55,"23,29698535","60,91081405",,,,,,,,kivimurska,,False,True,False,,,
BA,103010001,Humppila,Järvensuo 1,KM,34489,1-55,6761363.0,3299321.0,95,False,False,False,False,False,False,False,True,True,False,False,Pottery,Sarsa-Tomitsa Ware,Sarsa-Tomitsa Ware,ST,2.0,,,,,,,,,KM 34489_1-55,"23,29698535","60,91081405",,,,,,,,kivimurska,,False,True,False,,,
BA,564010037,Oulu,Pyöriäsuo,KM,34493,1-133,7206461.0,3432409.0,25,False,False,False,False,False,False,False,True,True,False,False,Pottery,Säräisniemi 2 Ware,Anttila Ware,Anttila,3.0,,,,,,,,,KM 34493_1-133,"25,56629074","64,94816544",,,,,,,,kiille,,False,True,False,,,
BA,1000003310,Sysmä,Majutsaari,KM,34562,1-11,6818360.0,3430000.0,85,False,False,False,False,False,False,False,True,True,False,False,Pottery,Sarsa-Tomitsa Ware,Sarsa-Tomitsa Ware,ST,3.0,,,,,,,,,KM 34562_1-11,"25,68371057","61,46688255",,,,,,,,kivimurska,,False,True,False,,,
BA,81010020,Hartola,Muikunlahti,KM,34600,1-508,6838180.0,3448740.0,100,False,False,False,False,False,False,False,False,True,True,False,Pottery,Säräisniemi 2 Ware,Luukonsaari Ware,Luukonsaari,3.0,,,,,,,,,KM 34600_1-508,"26,02963743","61,64765458",,,,,,,,asbesti,,True,False,False,,,
BA,707010021,Rääkkylä,Ylälampi-Sarvisuo 1-2,KM,34625,1-5,6901140.0,3652289.0,80,False,False,False,False,False,False,False,True,True,False,False,Pottery,Sarsa-Tomitsa Ware,Sarsa-Tomitsa Ware,ST,3.0,,,,,,,,,KM 34625_1-5,"29,92157964","62,18525695",,,,,,,,kivimurska,,False,True,False,,,
BA,1000004339,Rääkkylä,Heiskankangas,KM,34639,1-26,6920610.0,3652060.0,80,False,False,False,False,False,False,False,False,True,True,False,Pottery,Säräisniemi 2 Ware,Luukonsaari Ware,Luukonsaari,1.0,,,,,,,,,KM 34639_1-26,"29,93412585","62,35981846",,,,,,,,asbesti,,True,False,False,,,
BA,1000004339,Rääkkylä,Heiskankangas,KM,34639,1-26,6920610.0,3652060.0,80,False,False,False,False,False,False,False,True,True,False,False,Pottery,Sarsa-Tomitsa Ware,Sarsa-Tomitsa Ware,ST,1.0,,,,,,,,,KM 34639_1-26,"29,93412585","62,35981846",,,,,,,,kivimurska,,False,True,False,,,
BA,1000004345,Rääkkylä,Tervalampi,KM,34642,1-12,6921119.0,3642777.0,78,False,False,False,False,False,False,False,False,True,True,False,Pottery,Säräisniemi 2 Ware,Luukonsaari Ware,Luukonsaari,3.0,,,,,,,,,KM 34642_1-12,"29,75547469","62,36804171",,,,,,,,asbesti,,False,True,False,,,
BA,1000004345,Rääkkylä,Tervalampi,KM,34642,1-12,6921119.0,3642777.0,78,False,False,False,False,False,False,False,True,True,False,False,Pottery,Sarsa-Tomitsa Ware,Sarsa-Tomitsa Ware,ST,1.0,,,,,,,,,KM 34642_1-12,"29,75547469","62,36804171",,,,,,,,kivimurska,,False,True,False,,,
BA,1000002907,Hollola,Seppälänpohja,KM,34707,1-3,6773070.0,3415680.0,87,False,False,False,False,False,False,False,True,True,False,False,Pottery,Sarsa-Tomitsa Ware,Sarsa-Tomitsa Ware,ST,3.0,,,,,,,,,KM 34707_1-3,"25,43553809","61,05774761",,,,,,,,kivimurska,,True,False,False,,,
BA,832010063,Taivalkoski,Lummelampi W,KM,34723,1-3360,7268298.0,3570151.0,225,False,False,False,False,False,False,False,True,True,False,False,Pottery,Säräisniemi 2 Ware,Anttila Ware,Anttila,2.0,,,,,,,,,KM 34723_1-3360,"28,51192829","65,5021327",,,,,,,,talkki,,False,True,False,,,
BA,832010063,Taivalkoski,Lummelampi W,KM,34723,1-3360,7268298.0,3570151.0,225,False,False,False,False,False,False,False,False,True,True,False,Pottery,Säräisniemi 2 Ware,Kjelmöy Ware,Kjelmöy,2.0,,,,,,,,karsta (450),KM 34723_1-3360,"28,51192829","65,5021327",,,,,,,,asbesti,,True,False,False,,,
BA,832010063,Taivalkoski,Lummelampi W,KM,34723,1-3360,7268298.0,3570151.0,225,False,False,False,False,False,False,False,True,False,False,False,Pottery,Lovozero Ware,Lovozero Ware,Lovozero,2.0,,,,,,,,,KM 34723_1-3360,"28,51192829","65,5021327",,,,,,,,asbesti,orgaaninen,False,True,False,,,
BA,1000003284,Hartola,Piilosyvänsaari,KM,34756,1-4,6819420.0,3442610.0,88,False,False,False,False,False,False,False,True,True,False,False,Pottery,Sarsa-Tomitsa Ware,Sarsa-Tomitsa Ware,ST,3.0,,,,,,,,,KM 34756_1-4,"25,91987114","61,47847204",,,,,,,,hiekka,,True,False,False,,,
BA,1000002233,Luumäki,Reijonkangas,KM,34772,1-359,6753480.0,3541830.0,"57,4",False,False,False,False,False,False,False,True,True,False,False,Pottery,Sarsa-Tomitsa Ware,Sarsa-Tomitsa Ware,ST,2.0,,,,,,,,,KM 34772_1-359,"27,76728092","60,88881835",,,,,,,,orgaaninen,kivimurska,False,False,True,,,
BA,260010018,Kitee,Sarvisuo,KM,34782,1-4,6900856.0,3652713.0,79,False,False,False,False,False,False,False,True,True,False,False,Pottery,Sarsa-Tomitsa Ware,Sarsa-Tomitsa Ware,ST,1.0,,,,,,,,,KM 34782_1-4,"29,92946386","62,1825403",,,,,,,,kivimurska,,True,False,False,,,
BA,1000003028,Kitee,Uitonkangas,KM,34788,1-5,6897830.0,3639363.0,79,False,False,False,False,False,False,False,True,True,False,False,Pottery,Sarsa-Tomitsa Ware,Sarsa-Tomitsa Ware,ST,1.0,,,,,,,,,KM 34788_1-5,"29,67104001","62,16059597",,,,,,,,hiekka,,False,True,False,,,
BA,1000003037,Kitee,Simonniemi,KM,34797,1-4,6901137.0,3653639.0,79,False,False,False,False,False,False,False,True,True,False,False,Pottery,Sarsa-Tomitsa Ware,Sarsa-Tomitsa Ware,ST,1.0,,,,,,,,,KM 34797_1-4,"29,94746447","62,18468164",,,,,,,,kivimurska,,False,False,True,,,
BA,248010046,Kitee,Kulhankangas B,KM,34826,1-5,6882354.0,3635185.0,81,False,False,False,False,False,False,False,True,True,False,False,Pottery,Sarsa-Tomitsa Ware,Sarsa-Tomitsa Ware,ST,3.0,,,,,,,,,KM 34826_1-5,"29,57915828","62,0233951",,,,,,,,kivimurska,asbesti,False,True,False,,,
BA,246010121,Savonlinna,Kokonlahti A,KM,34854,1-3,6881377.0,3635271.0,81,False,False,False,False,False,False,False,False,True,True,False,Pottery,Säräisniemi 2 Ware,Luukonsaari Ware,Luukonsaari,1.0,,,,,,,,,KM 34854_1-3,"29,58005743","62,01460675",,,,,,,,asbesti,,False,False,True,,,
BA,1000004258,Jämsä,Siikaselkä,KM,35147,1-2,6866500.0,3414960.0,87,False,False,False,False,False,False,False,True,True,False,False,Pottery,Sarsa-Tomitsa Ware,Sarsa-Tomitsa Ware,ST,3.0,,,,,,,,,KM 35147_1-2,"25,37921526","61,8956751",,,,,,,,hiekka,,True,False,False,,,
BA,1000005126,Lahti,Herneniemi,KM,35296,1-15,6762890.0,3437590.0,95,False,False,False,False,False,False,False,True,True,False,False,Pottery,Sarsa-Tomitsa Ware,Sarsa-Tomitsa Ware,ST,1.0,,,,,,,,,KM 35296_1-15,"25,84444702","60,97049807",,,,,,,,kivimurska,,True,False,False,,,
BA,1000005105,Ilomantsi,Ruotinlampi 2,KM,35535,1-2,6991240.0,3687080.0,146,False,False,False,False,False,False,False,True,True,False,False,Pottery,Sarsa-Tomitsa Ware,Sarsa-Tomitsa Ware,ST,1.0,,,,,,,,,KM 35535_1-2,"30,68705107","62,97635037",,,,,,,,talkki,,True,False,False,,,
BA,103010003,Humppila,Järvensuo 3-4,KM,35668,1-9,6761954.0,3300129.0,95,False,False,False,False,False,False,False,True,True,False,False,Pottery,Sarsa-Tomitsa Ware,Sarsa-Tomitsa Ware,ST,1.0,,,,,,,,,KM 35668_1-9,"23,3112335","60,91651541",,,,,,,,kivimurska,,False,True,False,,,
BA,290010247,Kuhmo,Lammassaari,KM,35690,,7108060.0,3605880.0,159,False,False,False,False,False,False,False,True,True,False,False,Pottery,Sarsa-Tomitsa Ware,Sarsa-Tomitsa Ware,ST,1.0,,,,,,,,,KM 35690_,"29,16499977","64,0563121",,,,,,,,hiekka,,True,False,False,,,
BA,1000004239,Kuhmo,Roukonpuro,KM,35697,1-2,7122540.0,3606440.0,,False,False,False,False,False,False,False,False,True,True,False,Pottery,Säräisniemi 2 Ware,Luukonsaari Ware,Luukonsaari,3.0,,,,,,,,,KM 35697_1-2,"29,18663707","64,18593622",,,,,,,,asbesti,,True,False,False,,,
BA,1000005580,Forssa,Salmistonmäki,KM,35749,1-9,6748283.0,3318877.0,97,False,False,False,False,False,False,False,True,True,False,False,Pottery,Sarsa-Tomitsa Ware,Sarsa-Tomitsa Ware,ST,3.0,,,,,,,,,KM 35749_1-9,"23,66901435","60,80305279",,,,,,,,hiekka,,True,False,False,,,
BA,1000006553,Lappeenranta,Tenhamoinlahti,KM,35817,1-3,6772210.0,3556930.0,79,False,False,False,False,False,False,False,True,True,False,False,Pottery,Sarsa-Tomitsa Ware,Sarsa-Tomitsa Ware,ST,2.0,,,,,,,,,KM 35817_1-3,"28,05086998","61,05500738",,,,,,,,hiekka,,False,True,False,,,
BA,618010045,Savonlinna,Lamminniemenlampi b,KM,35952,1-10,6852512.0,3630988.0,80,False,False,False,False,False,False,False,False,True,True,False,Pottery,Säräisniemi 2 Ware,Luukonsaari Ware,Luukonsaari,3.0,,,,,,,,,KM 35952_1-10,"29,47734666","61,75734536",,,,,,,,asbesti,,False,True,False,,,
BA,399010136,Laihia,Annikkalanmäki,KM,36009,1-6,6986211.0,3244435.0,35,False,False,False,False,False,False,False,True,True,False,False,Pottery,Coastal Bronze Age pottery,Coastal Bronze Age pottery,pronssikautinen,1.0,,,,,,,,,KM 36009_1-6,"21,96840585","62,88954643",,,,,,,,kivimurska,,False,True,False,,,
BA,399010042,Laihia,Alatalo/Jätinhaudanmaa,KM,36011,1-133,6986858.0,3244395.0,35,False,False,False,False,False,False,False,True,True,False,False,Pottery,Coastal Bronze Age pottery,Coastal Bronze Age pottery,pronssikautinen,1.0,,,,,,,,,KM 36011_1-133,"21,966629","62,89530079",,,,,,,,kivimurska,,False,True,False,,,
BA,1000006297,Lieksa,Tuulijoensuu,KM,36053,1-5,7040983.0,3673188.0,138,False,False,False,False,False,False,False,False,True,True,False,Pottery,Säräisniemi 2 Ware,Luukonsaari Ware,Luukonsaari,2.0,,,,,,,,,KM 36053_1-5,"30,46656548","63,42868603",,,,,,,,asbesti,,True,False,False,,,
BA,1000006307,Lieksa,Mustanpuronniemi,KM,36063,1-3,7041835.0,3675433.0,139,False,False,False,False,False,False,False,False,True,True,False,Pottery,Säräisniemi 2 Ware,Luukonsaari Ware,Luukonsaari,3.0,,,,,,,,,KM 36063_1-3,"30,51238054","63,43521893",,,,,,,,asbesti,,True,False,False,,,
BA,1000003168,Rauma,Tahtmaa,KM,36093,1-14,6789585.0,3219349.0,26,False,False,False,False,False,False,False,True,True,False,False,Pottery,Coastal Bronze Age pottery,Coastal Bronze Age pottery,pronssikautinen,2.0,,,,,,,,,KM 36093_1-14,"21,7873457","61,11452986",,,,,,,,kivimurska,,False,False,True,,,
BA,1000006078,Masku,Korpi-Iiroisten hiekkakuoppa,KM,36121,,6728540.0,3233570.0,25,False,False,False,False,False,False,False,True,True,False,False,Pottery,Coastal Bronze Age pottery,Coastal Bronze Age pottery,pronssikautinen,3.0,,,,,,,,karsta,KM 36121_,"22,1340434","60,57858889",,,,,,,,kivimurska,,True,False,False,,,
BA,1000007060,Janakkala,Alaniitynkumpare,KM,36321,1-3,6753498.0,3360706.0,85,False,False,False,False,False,False,False,True,True,False,False,Pottery,Sarsa-Tomitsa Ware,Sarsa-Tomitsa Ware,ST,2.0,,,,,,,,,KM 36321_1-3,"24,43277157","60,86666061",,,,,,,,shamotti,,True,False,False,,,
BA,1000003341,Kitee,Hiidenniemi,KM,36423,1-6458,6863023.0,3642452.0,75,False,False,False,False,False,False,False,False,True,True,False,Pottery,Säräisniemi 2 Ware,Sirnihta Ware,Sirnihta,1.0,,,,,,,,C14-ajoitus Hela-1403,KM 36423_1-6458,"29,70244004","61,84747042",,,,,,,,asbesti,,False,False,True,,,
BA,1000003341,Kitee,Hiidenniemi,KM,36423,1-6458,6863023.0,3642452.0,75,False,False,False,False,False,False,False,True,True,False,False,Pottery,Sarsa-Tomitsa Ware,Sarsa-Tomitsa Ware,ST,1.0,,,,,,,,,KM 36423_1-6458,"29,70244004","61,84747042",,,,,,,,hiekka,,False,False,True,,,
BA,1000005580,Forssa,Salmistonmäki,KM,36503,,6748283.0,3318877.0,97,False,False,False,False,False,False,False,True,True,False,False,Pottery,Coastal Bronze Age pottery,Coastal Bronze Age pottery,pronssikautinen,3.0,,,,,,,,,KM 36503_,"23,66901435","60,80305279",,,,,,,,hiekka,,True,False,False,,,
BA,49010073,Espoo,Lillhemt Torsbacka,KM,36672,1-87,6677474.0,3374380.0,10,False,False,False,False,False,False,False,True,True,False,False,Pottery,Coastal Bronze Age pottery,Coastal Bronze Age pottery,pronssikautinen,2.0,,,,,,,,,KM 36672_1-87,"24,73243679","60,18946339",,,,,,,,kivimurska,,False,False,True,,,
BA,1000006095,Mäntyharju,Muurahaisniemi,KM,36702,1-958,6803740.0,3499710.0,83,False,False,False,False,False,False,False,True,True,False,False,Pottery,Säräisniemi 2 Ware,Anttila Ware,Anttila,3.0,,,,,,,,,KM 36702_1-958,"26,99140361","61,34204375",,,,,,,,talkki,kiille,True,False,False,,,
BA,1000006095,Mäntyharju,Muurahaisniemi,KM,36702,1-958,6803740.0,3499710.0,83,False,False,False,False,False,False,False,True,True,False,False,Pottery,Sarsa-Tomitsa Ware,Sarsa-Tomitsa Ware,ST,1.0,,,,,,,,"karsta (431,436,441,443,449",KM 36702_1-958,"26,99140361","61,34204375",,,,,,,,kivimurska,,False,False,True,,,
BA,1000008911,Sulkava,Kukkarniemi-Pukkiniemi,KM,36792,1-2,6837552.0,3582987.0,83,False,False,False,False,False,False,False,True,True,False,False,Pottery,Sarsa-Tomitsa Ware,Sarsa-Tomitsa Ware,ST,2.0,,,,,,,,,KM 36792_1-2,"28,56205237","61,63654891",,,,,,,,hiekka,,False,True,False,,,
BA,1000011882,Sodankylä,Alempi Kiertämäjärvi itäranta,KM,36906,1-5,7593950.0,3557440.0,130,False,False,False,False,False,False,False,True,False,False,False,Pottery,Lovozero Ware,Lovozero Ware,Lovozero,3.0,,,,,,,,,KM 36906_1-5,"28,39498642","68,42393902",,,,,,,,hiekka,,True,False,False,,,
BA,1000012216,Savonlinna,Pääskyniemi 2,KM,36967,1-2,6847146.0,3604470.0,82,False,False,False,False,False,False,False,True,True,False,False,Pottery,Sarsa-Tomitsa Ware,Sarsa-Tomitsa Ware,ST,3.0,,,,,,,,,KM 36967_1-2,"28,9724824","61,71736634",,,,,,,,kiille,kivimurska,True,False,False,,,
BA,1000012210,Savonlinna,Kortelahti 2,KM,36976,1-4,6853016.0,3602600.0,79,False,False,False,False,False,False,False,True,True,False,False,Pottery,Sarsa-Tomitsa Ware,Sarsa-Tomitsa Ware,ST,1.0,,,,,,,,,KM 36976_1-4,"28,94045196","61,77051346",,,,,,,,hiekka,,True,False,False,,,
BA,777010025,Suomussalmi,Kalmosärkkä,KM,36999,1-13,7237045.0,3614621.0,199,False,False,False,False,False,False,False,True,True,False,False,Pottery,Sarsa-Tomitsa Ware,Sarsa-Tomitsa Ware,ST,3.0,,,,,,,,,KM 36999_1-13,"29,44567113","65,2094768",,,,,,,,kivimurska,,True,False,False,,,
BA,1000013503,Eura,Vainionperä,KM,37825,,6776052.0,3229311.0,"32,5",False,False,False,False,False,False,False,True,True,False,False,Pottery,Coastal Bronze Age pottery,Coastal Bronze Age pottery,pronssikautinen,2.0,,,,,,,,,KM 37825_,"21,99059592","61,00053478",,,,,,,,hiekka,,True,False,False,,,
BA,831010006,Taipalsaari,Vaateranta,KM,37849,1-3295,6780780.0,3559700.0,79,False,False,False,False,False,False,False,False,True,True,False,Pottery,Säräisniemi 2 Ware,Luukonsaari Ware,Luukonsaari,1.0,,,,,,,,,KM 37849_1-3295,"28,10482092","61,13149316",,,,,,,,asbesti,,False,False,True,,,
BA,831010006,Taipalsaari,Vaateranta,KM,37849,1-3295,6780780.0,3559700.0,79,False,False,False,False,False,False,False,True,True,False,False,Pottery,Sarsa-Tomitsa Ware,Sarsa-Tomitsa Ware,ST,1.0,,,,,,,,,KM 37849_1-3295,"28,10482092","61,13149316",,,,,,,,hiekka,kivimurska,False,False,True,,,
BA,1000014706,Kouvola,Alaranta,KM,38023,1-9,6725667.0,3491885.0,23,False,False,False,False,False,False,False,True,True,False,False,Pottery,Sarsa-Tomitsa Ware,Sarsa-Tomitsa Ware,ST,2.0,,,,,,,,"muistuttaa nuorakeramiikkaa, mutta naarmutettu",KM 38023_1-9,"26,84858784","60,64130708",,,,,,,,hiekka,shamotti,False,True,False,,,
BA,1000015959,Keuruu,Harmaasalmi,KM,38038,1-3,6893680.0,3378810.0,110,False,False,False,False,False,False,False,False,True,True,False,Pottery,Säräisniemi 2 Ware,Sirnihta Ware,Sirnihta,2.0,,,,,,,,tai Luukonsaari,KM 38038_1-3,"24,67364458","62,12955194",,,,,,,,asbesti,,True,False,False,,,
BA,601010049,Pihtipudas,Lylysaari 1,KM,38145,1-85,7024940.0,3431980.0,115,False,False,False,False,False,False,False,True,True,False,False,Pottery,Sarsa-Tomitsa Ware,Sarsa-Tomitsa Ware,ST,3.0,,,,,,,,,KM         38145_1-85,"25,63928667","63,32027584",,,,,,,,hiekka,,True,False,False,,,
BA,211010003,Kangasala,Huutijärvi,KM,38265,1-139,6819364.0,3346376.0,95,False,False,False,False,False,False,False,True,True,False,False,Pottery,Sarsa-Tomitsa Ware,Sarsa-Tomitsa Ware,ST,1.0,,,,,,,,,KM         38265_1-139,"24,11592413","61,45172275",,,,,,,,hiekka,,False,True,False,,,
BA,1000001404,Lahti,Sorsapohja,KM,38606,1-38,6762913.0,3437092.0,95,False,False,False,False,False,False,False,True,True,False,False,Pottery,Sarsa-Tomitsa Ware,Sarsa-Tomitsa Ware,ST,2.0,,,,,,,,,KM         38606_1-38,"25,83524601","60,9706253",,,,,,,,kivimurska,,True,False,False,,,
BA,831010029,Taipalsaari,Taipaleenranta 2,KM,38636,1-5,6784000.0,3559200.0,80,False,False,False,False,False,False,False,True,True,False,False,Pottery,Sarsa-Tomitsa Ware,Sarsa-Tomitsa Ware,ST,2.0,,,,,,,,karsta (4 otettu C14-näyte Hela-2378),KM         38636_1-5,"28,09654476","61,16045989",,,,,,,,hiekka,,False,True,False,,,
BA,1000006630,Mikkeli,Tervaniemi 2,KM,38672,1-2,6884220.0,3510220.0,103,False,False,False,False,False,False,False,False,True,True,False,Pottery,Säräisniemi 2 Ware,Luukonsaari Ware,Luukonsaari,2.0,,,,,,,,,KM         38672_1-2,"27,19219498","62,06408682",,,,,,,,asbesti,,False,True,False,,,
BA,606010037,Raasepori,Permortan,KM,38806,,6667486.0,3310490.0,26,False,False,False,False,False,False,False,True,True,False,False,Pottery,Coastal Bronze Age pottery,Coastal Bronze Age pottery,pronssikautinen,2.0,,,,,,,,,KM         38806_,"23,59197855","60,07530076",,,,,,,,kivimurska,,True,False,False,,,
BA,211010003,Kangasala,Huutijärvi,KM,38844,1-658,6819364.0,3346376.0,95,False,False,False,False,False,False,False,True,True,False,False,Pottery,Sarsa-Tomitsa Ware,Sarsa-Tomitsa Ware,ST,1.0,,,,,,,,,KM         38844_1-658,"24,11592413","61,45172275",,,,,,,,orgaaninen,,False,False,False,,,
BA,1000005126,Lahti,Herneniemi,KM,38862,1-3051,6762890.0,3437590.0,95,False,False,False,False,False,False,False,True,True,False,False,Pottery,Sarsa-Tomitsa Ware,Sarsa-Tomitsa Ware,ST,1.0,,,,,,,,karsta (1231),KM         38862_1-3051,"25,84444702","60,97049807",,,,,,,,kivimurska,orgaaninen,False,False,True,,,
BA,1000012036,Oulu,Pyöriäsuo,KM,38873,1-383,7237382.0,3443163.0,52,False,False,False,False,False,False,False,True,True,False,False,Pottery,Säräisniemi 2 Ware,Anttila Ware,Anttila,2.0,,,,,,,,,KM         38873_1-383,"25,78113123","65,22744944",,,,,,,,talkki,,True,False,False,,,
BA,1000024830,Pudasjärvi,Pesiönvaara 5,KM,38918,1-2,7234938.0,3537378.0,,False,False,False,False,False,False,False,True,True,False,False,Pottery,Säräisniemi 2 Ware,Anttila Ware,Anttila,1.0,,,,,,,,,KM         38918_1-2,"27,79488936","65,20836876",,,,,,,,talkki,,True,False,False,,,
BA,531010035,Nakkila,Rieskaronmäki,SatM,16454,1-132,6822255.0,3235817.0,30,False,False,False,False,False,False,False,True,True,False,False,Pottery,Coastal Bronze Age pottery,Paimio Ware,Paimio,0.0,,,,,,,,,SatM 16454_1-132,"22,04575636","61,41803819",,,,,,,,kivimurska,,False,True,True,,,
BA,531010035,Nakkila,Rieskaronmäki,SatM,16455,1-67,6822255.0,3235817.0,30,False,False,False,False,False,False,False,False,True,False,False,Pottery,Coastal Bronze Age pottery,Lausitz Ware,maljatyyppi,0.0,,,,,,,,,SatM 16455_1-67,"22,04575636","61,41803819",,,,,,,,hiekka,,True,False,True,,,
BA,293010010,Ulvila,Kullaa,SatM,17005,1-10,6827417.0,3242390.0,,False,False,False,False,False,False,False,True,True,False,False,Pottery,Sarsa-Tomitsa Ware,Sarsa-Tomitsa Ware,ST,-1.0,,,,,,,,,SatM 17005_1-10,"22,16125328","61,46861381",,,,,,,,orgaaninen,,False,False,True,,,
BA,293010010,Ulvila,Kullaankangas,SatM,17005,1-10,6827130.0,3242266.0,30,False,False,False,False,False,False,False,True,True,False,False,Pottery,Sarsa-Tomitsa Ware,Sarsa-Tomitsa Ware,ST,-1.0,,,,,,,,,SatM 17005_1-10,"22,15933466","61,46596507",,,,,,,,orgaaninen,,False,False,True,,,
BA,531010035,Nakkila,Rieskaronmäki,SatM,17102,1-124,6822255.0,3235817.0,30,False,False,False,False,False,False,False,True,True,False,False,Pottery,Coastal Bronze Age pottery,Paimio Ware,Paimio,0.0,,,,,,,,,SatM 17102_1-124,"22,04575636","61,41803819",,,,,,,,kivimurska,,False,True,True,,,
BA,912010017,Sastamala,Hiukkasaari,TYA,161,1-408,6809795.0,3278156.0,58,False,False,False,False,False,False,False,True,True,False,False,Pottery,Sarsa-Tomitsa Ware,Sarsa-Tomitsa Ware,ST,2.0,,,,,,,,,TYA 161_1-408,"22,85135835","61,33304318",,,,,,,,asbesti,,True,False,False,,,
BA,912010017,Sastamala,Hiukkasaari,TYA,192,1-149,6809795.0,3278156.0,58,False,False,False,False,False,False,False,True,True,False,False,Pottery,Coastal Bronze Age pottery,Paimio Ware,Paimio,1.0,,,,,,,,karsta (38),TYA 192_1-149,"22,85135835","61,33304318",,,,,,,,kivimurska,,False,True,False,,,
BA,912010017,Sastamala,Hiukkasaari,TYA,192,1-149,6809795.0,3278156.0,58,False,False,False,False,False,False,False,True,True,False,False,Pottery,Sarsa-Tomitsa Ware,Sarsa-Tomitsa Ware,ST,1.0,,,,,,,,,TYA 192_1-149,"22,85135835","61,33304318",,,,,,,,hiekka,,False,True,False,,,
BA,586010055,Salo,Lehmihaka,TYA,196,1-80,6683813.0,3290691.0,35,False,False,False,False,False,False,False,True,True,False,False,Pottery,Coastal Bronze Age pottery,Paimio Ware,Paimio,2.0,,,,,,,,,TYA 196_1-80,"23,22033592","60,21189349",,,,,,,,kivimurska,,False,False,True,,,
BA,577010024,Paimio,Toispuolojannummi,TYA,203,1-197,6716468.0,3263603.0,"40,5",False,False,False,False,False,False,False,True,True,False,False,Pottery,Sarsa-Tomitsa Ware,Sarsa-Tomitsa Ware,ST,1.0,,,,,,,,,TYA 203_1-197,"22,69466517","60,48935369",,,,,,,,kivimurska,,False,False,False,,,
BA,586010055,Salo,Lehmihaka,TYA,207,1-202,6683813.0,3290691.0,35,False,False,False,False,False,False,False,True,True,False,False,Pottery,Coastal Bronze Age pottery,Coastal Bronze Age pottery,pronssikautinen,1.0,,,,,,,,"tekstiilipainanne (126), ehkä Paimion keramiikkaa",TYA 207_1-202,"23,22033592","60,21189349",,,,,,,,kivimurska,,False,True,False,,,
BA,243010042,Kemiönsaari,Nedergård,TYA,368,1-2,6674485.0,3263003.0,22,False,False,False,False,False,False,False,True,True,False,False,Pottery,Sarsa-Tomitsa Ware,Sarsa-Tomitsa Ware,ST,2.0,,,,,,,,,TYA 368_1-2,"22,73314125","60,11325067",,,,,,,,kivimurska,,True,False,False,,,
BA,Sa 20.2,Saltvik,,ÅM,114,1-142,6709626.0,3121164.0,,False,False,False,False,False,False,False,False,True,False,False,Pottery,Coastal Bronze Age pottery,Otterböte Ware,Otterböte,2.0,,,,,,,,sormiuurrekoristelua,ÅM 114_1-142,"20,13305251","60,31999354",,,,,,,,hiekka,,False,False,True,,,
BA,Sa 20.2,Saltvik,,ÅM,114,1-142,6709626.0,3121164.0,,False,False,False,False,False,False,False,True,True,False,False,Pottery,Coastal Bronze Age pottery,Paimio Ware,Paimio,2.0,,,,,,,,,ÅM 114_1-142,"20,13305251","60,31999354",,,,,,,,hiekka,,False,True,False,,,
BA,Sa 20.11,Saltvik,,ÅM,138,,6708778.0,3122759.0,,False,False,False,False,False,False,False,False,True,False,False,Pottery,Coastal Bronze Age pottery,Otterböte Ware,Otterböte,3.0,,,,,,,,sormiuurteita,ÅM 138_,"20,16329745","60,31392076",,,,,,,,sekoitteeton,orgaaninen,True,False,False,,,
BA,Sa 20.11,Saltvik,,ÅM,141,,6708778.0,3122759.0,,False,False,False,False,False,False,False,False,True,False,False,Pottery,Coastal Bronze Age pottery,Otterböte Ware,Otterböte,1.0,,,,,,,,sormiuurteita,ÅM 141_,"20,16329745","60,31392076",,,,,,,,sekoitteeton,,True,False,False,,,
BA,Kö 6.16,Kökar,,ÅM,153,1-4,6662169.0,3158475.0,,False,False,False,False,False,False,False,False,True,False,False,Pottery,Coastal Bronze Age pottery,Otterböte Ware,Otterböte,1.0,,,,,,,,,ÅM 153_1-4,"20,88363679","59,92960346",,,,,,,,hiekka,,False,True,False,,,
BA,Kö 6.16,Kökar,,ÅM,156,1-60,6662169.0,3158475.0,,False,False,False,False,False,False,False,False,True,False,False,Pottery,Coastal Bronze Age pottery,Otterböte Ware,Otterböte,1.0,,,,,,,,karsta (34),ÅM 156_1-60,"20,88363679","59,92960346",,,,,,,,kivimurska,,False,False,True,,,
BA,Kö 6.16,Kökar,,ÅM,200,1-487,6662169.0,3158475.0,,False,False,False,False,False,False,False,False,True,False,False,Pottery,Coastal Bronze Age pottery,Lausitz Ware,Maljatyyppi,1.0,,,,,,,,,ÅM 200_1-487,"20,88363679","59,92960346",,,,,,,,kivimurska,,False,True,False,,,
BA,Kö 6.16,Kökar,,ÅM,200,1-487,6662169.0,3158475.0,,False,False,False,False,False,False,False,False,True,False,False,Pottery,Coastal Bronze Age pottery,Otterböte Ware,Otterböte,1.0,,,,,,,,"karsta (49,370,407), karstaa usein ulkopinnalla",ÅM 200_1-487,"20,88363679","59,92960346",,,,,,,,kivimurska,,False,False,True,,,
BA,Kö 6.16,Kökar,,ÅM,200,1-487,6662169.0,3158475.0,,False,False,False,False,False,False,False,True,True,False,False,Pottery,Coastal Bronze Age pottery,Paimio Ware,Paimio,1.0,,,,,,,,"tekstiilipainanne (230), karsta (288)",ÅM 200_1-487,"20,88363679","59,92960346",,,,,,,,kivimurska,,False,False,True,,,
BA,Sa 20.11,Saltvik,,ÅM,213,,6708778.0,3122759.0,,False,False,False,False,False,False,False,False,True,False,False,Pottery,Coastal Bronze Age pottery,Lausitz Ware,Maljatyyppi,1.0,,,,,,,,reunapala,ÅM 213_,"20,16329745","60,31392076",,,,,,,,hiekka,,True,False,False,,,
BA,Sa 20.11,Saltvik,,ÅM,214,,6708778.0,3122759.0,,False,False,False,False,False,False,False,False,True,False,False,Pottery,Coastal Bronze Age pottery,Otterböte Ware,Otterböte,1.0,,,,,,,,,ÅM 214_,"20,16329745","60,31392076",,,,,,,,kivimurska,,True,False,False,,,
BA,Sa 20.11,Saltvik,,ÅM,225,1-196,6708778.0,3122759.0,,False,False,False,False,False,False,False,False,True,False,False,Pottery,Coastal Bronze Age pottery,Lausitz Ware,Maljatyyppi,1.0,,,,,,,,"numeroitu ÅM 212, rekonstruoitu astia (106)",ÅM 225_1-196,"20,16329745","60,31392076",,,,,,,,hiekka,,False,True,False,,,
BA,Sa 20.11,Saltvik,,ÅM,225,1-196,6708778.0,3122759.0,,False,False,False,False,False,False,False,False,True,False,False,Pottery,Coastal Bronze Age pottery,Otterböte Ware,Otterböte,1.0,,,,,,,,"numeroitu ÅM 212, astian korva (103)",ÅM 225_1-196,"20,16329745","60,31392076",,,,,,,,kivimurska,,False,False,True,,,
BA,Sa 20.11,Saltvik,,ÅM,225,1-196,6708778.0,3122759.0,,False,False,False,False,False,False,False,True,True,False,False,Pottery,Coastal Bronze Age pottery,Paimio Ware,Paimio,1.0,,,,,,,,numeroitu ÅM 212,ÅM 225_1-196,"20,16329745","60,31392076",,,,,,,,kivimurska,,False,False,True,,,
BA,uusi 4986,Saltvik,Syllöda,ÅM,293,1-13,6705825.0,3120284.0,,False,False,False,False,False,False,False,False,True,False,False,Pottery,Coastal Bronze Age pottery,Otterböte Ware,Otterböte,1.0,,,,,,,,,ÅM 293_1-13,"20,1243956","60,2853029",,,,,,,,hiekka,,False,False,True,,,
BA,Sa 20.11,Saltvik,,ÅM,466,1-161,6708778.0,3122759.0,,False,False,False,False,False,False,False,False,True,False,False,Pottery,Coastal Bronze Age pottery,Otterböte Ware,Otterböte,2.0,,,,,,,,,ÅM 466_1-161,"20,16329745","60,31392076",,,,,,,,hiekka,,False,False,True,,,
BA,Sa 20.2,Saltvik,,ÅM,482,1-491,6709626.0,3121164.0,,False,False,False,False,False,False,False,False,True,False,False,Pottery,Coastal Bronze Age pottery,Otterböte Ware,Otterböte,1.0,,,,,,,,,ÅM 482_1-491,"20,13305251","60,31999354",,,,,,,,hiekka,,True,False,False,,,
BA,Sa 20.11,Saltvik,,ÅM,506,26-28,6708778.0,3122759.0,,False,False,False,False,False,False,False,False,True,False,False,Pottery,Coastal Bronze Age pottery,Otterböte Ware,Otterböte,1.0,,,,,,,,,ÅM 506_26-28,"20,16329745","60,31392076",,,,,,,,hiekka,,False,True,False,,,
BA,Su 13.10,Sund,Kulla,ÅM,513,1-473,6702330.0,3116590.0,,False,False,False,False,False,False,False,False,True,False,False,Pottery,Coastal Bronze Age pottery,Otterböte Ware,Otterböte,1.0,,,,,,,,,ÅM 513_1-473,"20,06473174","60,25070026",,,,,,,,hiekka,kivimurska,False,False,True,,,
BA,Su 13.10,Sund,Kulla,ÅM,513,1-473,6702330.0,3116590.0,,False,False,False,False,False,False,False,True,True,False,False,Pottery,Coastal Bronze Age pottery,Paimio Ware,Paimio,1.0,,,,,,,,,ÅM 513_1-473,"20,06473174","60,25070026",,,,,,,,kivimurska,,False,False,True,,,
BA,uusi 5130,,,ÅM,537,4,6711996.0,3116001.0,,False,False,False,False,False,False,False,False,True,False,False,Pottery,Coastal Bronze Age pottery,Otterböte Ware,Otterböte,1.0,,,,,,,,,ÅM 537_4,"20,03579075","60,33626181",,,,,,,,hiekka,,True,False,False,,,
BA,Sa 3.7,Saltvik,,ÅM,567,1-21,6704135.0,3118874.0,,False,False,False,False,False,False,False,False,True,False,False,Pottery,Coastal Bronze Age pottery,Otterböte Ware,Otterböte,1.0,,,,,,,,,ÅM 567_1-21,"20,10227789","60,26892631",,,,,,,,hiekka,,False,True,False,,,
BA,Sa 3.7,Saltvik,,ÅM,582,1-98,6704135.0,3118874.0,,False,False,False,False,False,False,False,False,True,False,False,Pottery,Coastal Bronze Age pottery,Otterböte Ware,Otterböte,1.0,,,,,,,,,ÅM 582_1-98,"20,10227789","60,26892631",,,,,,,,hiekka,,False,True,False,,,
BA,uusi 5199,Saltvik,,ÅM,611,20,6707443.0,3121444.0,,False,False,False,False,False,False,False,False,True,False,False,Pottery,Coastal Bronze Age pottery,Otterböte Ware,Otterböte,2.0,,,,,,,,,ÅM 611_20,"20,14218113","60,30080189",,,,,,,,hiekka,,True,False,False,,,
BA,uusi 5206,Saltvik,,ÅM,624,"1,4,7",6712142.0,3114332.0,,False,False,False,False,False,False,False,False,True,False,False,Pottery,Coastal Bronze Age pottery,Otterböte Ware,Otterböte,2.0,,,,,,,,,"ÅM 624_1,4,7","20,00551824","60,33598074",,,,,,,,hiekka,,True,False,False,,,
BA,Lu 3.3,Lumparland,,ÅM,632,1-146,6685649.0,3124742.0,,False,False,False,False,False,False,False,True,True,False,False,Pottery,Coastal Bronze Age pottery,Paimio Ware,Paimio,2.0,,,,,,,,karsta (138),ÅM 632_1-146,"20,24166675","60,10961764",,,,,,,,kivimurska,,False,False,True,,,
BA,Sa 21.11,Saltvik,,ÅM,642,1-254,6712455.0,3113557.0,,False,False,False,False,False,False,False,False,True,False,False,Pottery,Coastal Bronze Age pottery,Lausitz Ware,Maljatyyppi,2.0,,,,,,,,karsta (2),ÅM 642_1-254,"19,99099079","60,33803219",,,,,,,,sekoitteeton,,False,True,False,,,
BA,Sa 21.11,Saltvik,,ÅM,642,1-254,6712455.0,3113557.0,,False,False,False,False,False,False,False,False,True,False,False,Pottery,Coastal Bronze Age pottery,Otterböte Ware,Otterböte,1.0,,,,,,,,karsta (147),ÅM 642_1-254,"19,99099079","60,33803219",,,,,,,,hiekka,,False,False,True,,,
BA,Sa 21.11,Saltvik,,ÅM,642,1-254,6712455.0,3113557.0,,False,False,False,False,False,False,False,True,True,False,False,Pottery,Coastal Bronze Age pottery,Paimio Ware,Paimio,2.0,,,,,,,,,ÅM 642_1-254,"19,99099079","60,33803219",,,,,,,,kivimurska,,False,False,True,,,
BA,Su 16.16,Sund,,ÅM,682,1-200,6704140.0,3124922.0,,False,False,False,False,False,False,False,False,True,False,False,Pottery,Coastal Bronze Age pottery,Otterböte Ware,Otterböte,1.0,,,,,,,,,ÅM 682_1-200,"20,21077408","60,27458803",,,,,,,,hiekka,,False,True,False,,,
BA,Ge 15.12,Geta,,ÅM,684,1-39,6716966.0,3105866.0,,False,False,False,False,False,False,False,False,True,False,False,Pottery,Coastal Bronze Age pottery,Otterböte Ware,Otterböte,2.0,,,,,,,,,ÅM 684_1-39,"19,84397278","60,3708128",,,,,,,,hiekka,,False,True,False,,,
BA,uusi 8382,tuntematon,,KHMESIE,2612,,,,,False,False,False,False,False,False,False,True,True,False,False,Stone artefacts,Stone shaft-hole axe,Rhombus shaft-hole axe,Rombikirves,3.0,False,,,,58.0,63.0,47.0,Voi myös olla yksinkertainen reikäkirves.,KHMESIE 2612,#NUM!,#NUM!,,,,,,,,oliviinidiabaasi,,,,,,Rhombus shaft-hole axe,
BA,kuopio124,Kuopio,Riistavesi,KHMESIE,3478,,6977200.0,3556000.0,,False,False,False,False,False,False,False,True,True,False,False,Stone artefacts,Stone shaft-hole axe,Rhombus shaft-hole axe,"Rombikirves, teräväsärmäinen",1.0,True,116.0,48.0,13.0,,,,,KHMESIE 3478,"28,09782301","62,89419865",,,,,,,,diabaasi,,,,,,Rhombus shaft-hole axe with sharp edges,
BA,kuopio150,Kuopio,Lohilahti,KHMESIE,4391,,6984340.0,3550780.0,,False,False,False,False,False,False,False,False,True,False,False,Stone artefacts,Stone shaft-hole axe,Rhombus shaft-hole axe,"Rombikirves, viisisärmäinen",1.0,False,91.0,48.0,29.0,,,,,KHMESIE 4391,"27,99737209","62,95900861",,,,,,,,diabaasi,,,,,,"Rhombus shaft-hole axe, pentagonal",
BA,1000016756,Kuopio,Vanhapiha,KHMESIE,5844,,7022110.0,3510110.0,90,False,False,False,False,False,False,True,True,True,False,False,Stone artefacts,Stone arrowhead,Even-based arrowhead,"Kvartsinuolenkärki, tasakantainen",1.0,True,48.0,20.0,8.0,,,,,KHMESIE 5844,"27,19818518","63,30124328",,,,,,,,kvartsi,,,,,,Even-based quartz arrowhead,
BA,204010001,Kaavi,Tyynelä,KHMESIE,6165,,6970343.0,3595986.0,102,False,False,False,False,False,False,True,True,True,False,False,Stone artefacts,Stone arrowhead,Even-based arrowhead,"Piinuolenkärki, tasakantainen",1.0,False,,,,36.0,14.0,4.0,,KHMESIE 6165,"28,87977067","62,8244053",,,,,,,,pii,,,,,,Even-based flint arrowhead,
BA,749010006,Siilinjärvi,Saunalahti,KHMESIE,6251,1.0,6988620.0,3523680.0,"97,5",False,False,False,False,False,False,True,True,True,False,False,Stone artefacts,Stone arrowhead,Even-based arrowhead,"Piinuolenkärki, tasakantainen",1.0,False,,,,38.0,12.0,7.0,Lapinrauniolöytö.,KHMESIE 6251_1,"27,46394386","63,00016572",,,,,,,,pii,,,,,,Even-based flint arrowhead,
BA,kuopio197,Kuopio,Vaajasalo,KHMESIE,6509,,6978863.0,3541171.0,,False,False,False,False,False,False,False,True,True,False,False,Stone artefacts,Stone shaft-hole axe,Rhombus shaft-hole axe,"Rombikirves, teräväsärmäinen",2.0,False,168.0,80.0,40.0,,,,"Tyylillisesti teräväsärmäisen ja A-tyypin rombikirveen välimuoto. Todennäköisesti paikallista tuotantoa. Löydetty rantahiekasta, tarkempi löytöpaikka ei selvillä.",KHMESIE 6509,"27,80667647","62,91108457",,,,,,,,harmaa kivi,,,,,,Rhombus shaft-hole axe with sharp edges,
BA,a483,Harjavalta,Harjavalta,KM,78,,6810267.0,3240036.0,,False,False,False,False,False,False,False,False,True,False,False,Stone artefacts,Stone shaft-hole axe,Rhombus shaft-hole axe,"Rombikirves, viisisärmäinen",1.0,True,109.0,56.0,37.0,,,,,KM 78,"22,14117778","61,31369683",,,,,,,,porfyyri,,,,,,"Rhombus shaft-hole axe, pentagonal",
BA,a742,Hattula,Anomaa,KM,1693,,6783540.0,3359530.0,,False,False,False,False,False,False,False,True,True,False,False,Stone artefacts,Stone shaft-hole axe,Rhombus shaft-hole axe,"Rombikirves, teräväsärmäinen",2.0,False,,,,90.0,43.0,31.0,,KM 1693,"24,38911864","61,13557409",,,,,,,,porfyyri,,,,,,Rhombus shaft-hole axe with sharp edges,
BA,uusi 7034,Pori,,KM,1907,10.0,6842519.0,3227971.0,,False,False,False,False,False,False,False,True,True,False,False,Stone artefacts,Stone shaft-hole axe,Rhombus shaft-hole axe,"Rombikirves, teräväsärmäinen",2.0,False,,,,97.0,44.0,35.0,Kärki tylppä ja hionta keskeneräisen oloista.,KM 1907_10,"21,86957006","61,59373698",,,,,,,,diabaasi,,,,,,Rhombus shaft-hole axe with sharp edges,
BA,uusi 5738,Inari,Patjoki,KM,2012,5.0,7647100.0,3557147.0,,False,False,False,False,False,False,True,True,True,False,False,Stone artefacts,Stone arrowhead,Even-based arrowhead,"Kvartsiittinuolenkärki, tasakantainen",1.0,True,62.0,18.0,6.0,,,,,KM 2012_5,"28,41768336","68,90034526",,,,,,,,kvartsiitti,,,,,,Even-based quartzite arrowhead,
BA,1000016758,Kuopio,Korppiniemi,KM,2023,104.0,7014360.0,3512000.0,85,False,False,False,False,False,False,True,True,True,False,False,Stone artefacts,Stone arrowhead,Even-based arrowhead,"Kvartsinuolenkärki, tasakantainen",1.0,False,,,,42.0,15.0,7.0,"""Alkujaan oli se n. 6 tuumaa pitkä, kuin se useita kymmeniä vuosia sitten löy-dettiin pellosta Korppiniemeltä Viannon kylästä Maaningan pitäjää.""",KM 2023_104,"27,23530552","63,2316587",,,,,,,,kvartsi,,,,,,Even-based quartz arrowhead,
BA,601010019,Pihtipudas,Majaniemi,KM,2029,102.0,7037925.0,3419187.0,115,False,False,False,False,False,False,False,True,True,False,False,Stone artefacts,Stone shaft-hole axe,Rhombus shaft-hole axe,"Rombikirves, teräväsärmäinen",1.0,False,105.0,35.0,34.0,,,,Esine kahdessa yhteenliimatussa osassa.,KM 2029_102,"25,37756342","63,43405642",,,,,,,,vihreäliuske,,,,,,Rhombus shaft-hole axe with sharp edges,
BA,uusi 6058,Ikaalinen,,KM,2041,3.0,6858473.0,3300007.0,,False,False,False,False,False,False,False,False,True,False,False,Stone artefacts,Stone shaft-hole axe,Rhombus shaft-hole axe,"Rombikirves, käyräselkäinen",1.0,True,140.0,56.0,52.0,,,,"Hyvin karkeatekoinen tyyppinsä edustajaksi, selvästi paikallista tuotantoa. Reikä porattu kahdelta puolelta.",KM 2041_3,"23,20566174","61,78075182",,,,,,,,porfyriitti,,,,,,Rhombus shaft-hole axe with curved back,
BA,uusi 6210,Sastamala,,KM,2084,278.0,6804662.0,3269133.0,,False,False,False,False,False,False,False,False,True,False,False,Stone artefacts,Stone shaft-hole axe,Rhombus shaft-hole axe,"Rombikirves, poikkileikkaukseltaan suorakulmainen",2.0,False,,,,92.0,59.0,36.0,,KM 2084_278,"22,68962458","61,28186679",,,,,,,,porfyriitti,,,,,,"Rhombus shaft-hole axe, square in section",
BA,turku273,Huittinen,,KM,2252,29.0,6793020.0,3268892.0,,False,False,False,False,False,False,False,True,True,False,False,Stone artefacts,Stone shaft-hole axe,Rhombus shaft-hole axe,Rombikirves,1.0,True,97.0,55.0,37.0,,,,,KM 2252_29,"22,69941408","61,17754418",,,,,,,,porfyyri,,,,,,Rhombus shaft-hole axe,
BA,262010002,Eura,Heikkilä,KM,2994,7.0,6797473.0,3230980.0,31,False,False,False,False,False,False,False,False,True,False,False,Stone artefacts,Stone shaft-hole axe,Rhombus shaft-hole axe,"Rombikirves, A-tyyppi",1.0,False,,,,77.0,66.0,37.0,"Löytäjän mukaan löydetty kiviröykkiöstä, yhdessä toisen pronssikautisen kivikirveen katkelman kanssa.",KM 2994_7,"21,9910616","61,19318098",,,,,,,,diabaasi,,,,,tyyppi,"Rhombus shaft-hole axe, A-type",
BA,262010002,Eura,Heikkilä,KM,2994,8.0,6797473.0,3230980.0,31,False,False,False,False,False,False,False,True,True,False,False,Stone artefacts,Stone shaft-hole axe,Rhombus shaft-hole axe,"Rombikirves, teräväsärmäinen",1.0,False,,,,81.0,28.0,30.0,"Löytäjän mukaan löytynyt kiviröykkiöstä, yhdessä toisen pronssikautisen kivikiveen fragmentin kanssa.",KM 2994_8,"21,9910616","61,19318098",,,,,,,,musta liuske,,,,,tyyppi,Rhombus shaft-hole axe with sharp edges,
BA,uusi 8472,Lemi,Hietamies,KM,3078,8.0,6768904.0,3538933.0,,False,False,False,False,False,False,False,False,True,False,False,Stone artefacts,Stone shaft-hole axe,Rhombus shaft-hole axe,"Rombikirves, A-tyyppi",1.0,True,75.0,58.0,42.0,0.0,0.0,0.0,Lapinrauniolöytö.,KM 3078_8,"27,71703676","61,02752141",,,,,,,,diabaasi,,,,,,"Rhombus shaft-hole axe, A-type",
BA,uusi 8472,Virrat,,KM,3078,8.0,6907821.0,3332493.0,,False,False,False,False,False,False,False,False,True,False,False,Stone artefacts,Stone shaft-hole axe,Rhombus shaft-hole axe,"Rombikirves, A-tyyppi",1.0,True,75.0,58.0,42.0,0.0,0.0,0.0,Lapinrauniolöytö.,KM 3078_8,"23,77374156","62,23848253",,,,,,,,diabaasi,,,,,,"Rhombus shaft-hole axe, A-type",
BA,785010008,Vaala,Nimisjärvi Sillankorva,KM,3147,19.0,7157900.0,3490030.0,123,False,False,False,False,False,False,False,False,True,False,False,Stone artefacts,Stone cast,Ananjino axe cast,"Valinmuotti, Ananjinon kirves",2.0,False,0.0,0.0,0.0,52.0,49.0,13.0,,KM 3147_19,"26,78881403","64,5193369",,,,,,,,vuolukivi,,,,,,,
BA,785010008,Vaala,Nimisjärvi Sillankorva,KM,3147,20.0,7157900.0,3490030.0,123,False,False,False,False,False,False,False,False,True,False,False,Stone artefacts,Stone cast,Ananjino axe cast,"Valinmuotti, Ananjinon kirves",2.0,False,0.0,0.0,0.0,38.0,18.0,17.0,,KM 3147_20,"26,78881403","64,5193369",,,,,,,,vuolukivi,,,,,,,
BA,785010008,Vaala,Nimisjärvi Sillankorva,KM,3147,21.0,7157900.0,3490030.0,123,False,False,False,False,False,False,False,False,True,False,False,Stone artefacts,Stone cast,Ananjino axe cast,"Valinmuotti, Ananjinon kirves",2.0,False,0.0,0.0,0.0,38.0,21.0,7.0,,KM 3147_21,"26,78881403","64,5193369",,,,,,,,vuolukivi,,,,,,,
BA,uusi 8473,Salo,Ervelä,KM,3469,,6684981.0,3288685.0,,False,False,False,False,False,False,False,True,True,False,False,Stone artefacts,Stone shaft-hole axe,Rhombus shaft-hole axe,Rombikirves,2.0,False,,,,88.0,56.0,41.0,,KM 3469,"23,18301738","60,22131842",,,,,,,,porfyyri,,,,,,Rhombus shaft-hole axe,
BA,151010005,Isojoki,Peltosaari,KM,5630,,6898303.0,3224744.0,60,False,False,False,False,False,False,False,True,True,False,False,Stone artefacts,Stone shaft-hole axe,Rhombus shaft-hole axe,"Rombikirves, teräväsärmäinen",2.0,True,134.0,51.0,35.0,,,,Löydetty joesta.,KM 5630,"21,72386415","62,0899186",,,,,,,,musta kivilaji,,,,,tyyppi,Rhombus shaft-hole axe with sharp edges,
BA,501010028,Salo,Jokiranta,KM,6548,1.0,6698980.0,3295140.0,25,False,False,False,False,False,False,True,True,True,False,False,Stone artefacts,Stone arrowhead,Even-based arrowhead,"Piinuolenkärki, tasakantainen",1.0,True,33.0,15.0,5.0,,,,,KM 6548_1,"23,28501638","60,34999693",,,,,,,,pii,,,,,,Even-based flint arrowhead,
BA,uusi 6709,Akaa,Lapio,KM,6678,,6790190.0,3323467.0,,False,False,False,False,False,False,False,False,True,False,False,Stone artefacts,Stone shaft-hole axe,Rhombus shaft-hole axe,"Rombikirves, A-tyyppi",1.0,True,120.0,47.0,35.0,,,,,KM 6678,"23,71460115","61,18059126",,,,,,,,porfyyri,,,,,,"Rhombus shaft-hole axe, A-type",
BA,Kaukola 18,Kaukola,Kyöstälänharju,KM,6940,45.0,6779166.0,3648664.0,,False,False,False,False,False,False,False,True,True,False,False,Stone artefacts,Stone shaft-hole axe,Rhombus shaft-hole axe,Rombikirves,1.0,False,,,,51.0,56.0,35.0,,KM 6940_45,"29,75307669","61,09348824",,,,,,,,porfyyri,,,,,,Rhombus shaft-hole axe,
BA,uusi 4669,Salla,Rohmuoisten tunturi,KM,7162,3.0,7416620.0,3573513.0,,False,False,False,False,False,False,False,False,True,False,False,Stone artefacts,Stone cast,Stone cast,Putkikirveen valinmuotti,1.0,True,102.0,52.0,26.0,,,,,KM 7162_3,"28,66993605","66,83097722",,,,,,,,,,,,,,,
BA,409010028,Kristiinankaupunki,Lappfjärd-Langäng,KM,7959,3.0,6910898.0,3222697.0,"37,5",False,False,False,False,False,False,True,True,True,False,False,Stone artefacts,Stone arrowhead,Even-based arrowhead,"Kvartsinuolenkärki, tasakantainen",1.0,True,53.0,16.0,7.0,,,,,KM 7959_3,"21,66503263","62,20094484",,,,,,,,kvartsi,,,,,,Even-based quartz arrowhead,
BA,uusi 4364,Salo,Hossamaa,KM,8579,2.0,6697991.0,3287358.0,,False,False,False,False,False,False,False,True,True,False,False,Stone artefacts,Stone shaft-hole axe,Rhombus shaft-hole axe,Rombikirves,1.0,False,,,,82.0,61.0,46.0,,KM 8579_2,"23,14542545","60,33713302",,,,,,,,vihreä kivilaji,,,,,,Rhombus shaft-hole axe,
BA,uusi 4468,Enontekiö,Posionniemi,KM,8762,,7622939.0,3323842.0,,False,False,False,False,False,False,False,False,True,False,False,Stone artefacts,Stone shaft-hole axe,Rhombus shaft-hole axe,"Rombikirves, kuusikulmainen",1.0,True,86.0,50.0,37.0,,,,,KM 8762,"22,66183794","68,63387166",,,,,,,,porfyyri,,,,,,"Rhombus shaft-hole axe, hexagonal",
BA,1000009914,Ylitornio,Vuennonkoski,KM,8807,3.0,7345656.0,3357539.0,50,False,False,False,False,False,False,False,True,True,False,False,Stone artefacts,Stone shaft-hole axe,Rhombus shaft-hole axe,Rombikirves,1.0,False,,,,52.0,44.0,29.0,,KM 8807_3,"23,8363498","66,17110846",,,,,,,,porfyyri,,,,,,Rhombus shaft-hole axe,
BA,250010005,Kihniö,Ruohonen,KM,8847,,6898877.0,3299376.0,145,False,False,False,False,False,False,True,True,True,False,False,Stone artefacts,Stone arrowhead,Even-based arrowhead,"Piinuolenkärki, tasakantainen",1.0,True,78.0,17.0,6.0,,,,,KM 8847,"23,14833697","62,14215769",,,,,,,,pii,,,,,,Even-based flint arrowhead,
BA,uusi 4526,Laitila,Saha,KM,8849,,6781567.0,3212193.0,,False,False,False,False,False,False,False,False,True,False,False,Stone artefacts,Stone shaft-hole axe,Rhombus shaft-hole axe,"Rombikirves, provinsiaalinen",1.0,True,95.0,61.0,35.0,,,,Meinander: Bronzezeit s. 74,KM 8849,"21,66728281","61,03771362",,,,,,,,kiillegneissi,,,,,,"Rhombus shaft-hole axe, provincial",
BA,uusi 4066,Räisälä,Tiuri,KM,9074,,6751961.0,3653191.0,,False,False,False,False,False,False,False,False,True,False,False,Stone artefacts,Stone shaft-hole axe,Rhombus shaft-hole axe,"Rombikirves, käyräselkäinen",1.0,True,92.0,55.0,40.0,,,,vai vasarakirves?,KM 9074,"29,81523528","60,84790456",,,,,,,,porfyyri,,,,,,Rhombus shaft-hole axe with curved back,
BA,148010025,Inari,Toivoniemi koillinen,KM,9125,12.0,7665300.0,3504800.0,147,False,False,False,False,False,False,True,True,True,False,False,Stone artefacts,Stone arrowhead,Even-based arrowhead,"Kvartsinuolenkärki, tasakantainen",1.0,True,47.0,18.0,6.0,,,,,KM 9125_12,"27,11601917","69,06935769",,,,,,,,kvartsi,,,,,,Even-based quartz arrowhead,
BA,uusi 4132,Suistamo,Tuomela,KM,9201,,6879260.0,3722588.0,,False,False,False,False,False,False,False,True,True,False,False,Stone artefacts,Stone shaft-hole axe,Rhombus shaft-hole axe,"Rombikirves, teräväsärmäinen",1.0,True,180.0,56.0,36.0,,,,,KM 9201,"31,2405817","61,95449729",,,,,,,,vihreäliuske,,,,,typologia,Rhombus shaft-hole axe with sharp edges,
BA,1000004093,Lohja,Luokola,KM,9453,,6695304.0,3325091.0,65,False,False,False,False,False,False,False,False,True,False,False,Stone artefacts,Stone shaft-hole axe,Rhombus shaft-hole axe,"Rombikirves, kuusikulmainen",1.0,True,95.0,55.0,47.0,,,,,KM 9453,"23,82985071","60,33109196",,,,,,,,porfyyri,,,,,,"Rhombus shaft-hole axe, hexagonal",
BA,uusi 4271,Äänekoski,,KM,9468,,6948383.0,3423059.0,,False,False,False,False,False,False,False,False,True,False,False,Stone artefacts,Stone shaft-hole axe,Rhombus shaft-hole axe,"Rombikirves, suorakulmainen",1.0,True,94.0,64.0,34.0,,,,iskunjälkiä,KM 9468,"25,4970402","62,63186124",,,,,,,,porfyyri,,,,,,"Rhombus shaft-hole axe, right-angled",
BA,uusi 3769,Uusikaarlepyy,Konttila,KM,9559,,7035450.0,3286037.0,,False,False,False,False,False,False,False,False,True,False,False,Stone artefacts,Stone shaft-hole axe,Rhombus shaft-hole axe,"Rombikirves, käyräselkäinen",1.0,True,110.0,49.0,52.0,,,,,KM 9559,"22,7195018","63,35686818",,,,,,,,harmaa kivilaji,,,,,,Rhombus shaft-hole axe with curved back,
BA,9040015,Alavieska,Lammasniemi 1,KM,9730,,7123866.0,3370714.0,47,False,False,False,False,False,False,True,True,True,False,False,Stone artefacts,Stone arrowhead,Even-based arrowhead,"Kvartsinuolenkärki, tasakantainen",1.0,False,44.0,21.0,7.0,,,,,KM 9730,"24,33564456","64,18988831",,,,,,,,kvartsi,,,,,,Even-based quartz arrowhead,
BA,uusi 3901,Sysmä,Valittula,KM,9802,1.0,6825468.0,3438458.0,,False,False,False,False,False,False,True,True,True,False,False,Stone artefacts,Stone arrowhead,Even-based arrowhead,"Kvartsinuolenkärki, tasakantainen",1.0,True,45.0,19.0,8.0,,,,,KM 9802_1,"25,83995645","61,53209388",,,,,,,,kvartsi,,,,,,Even-based quartz arrowhead,
BA,uusi 3922,Kouvola,Ummeljoki,KM,9843,1.0,6739357.0,3487223.0,,False,False,False,False,False,False,False,False,True,False,False,Stone artefacts,Stone shaft-hole axe,Rhombus shaft-hole axe,"Rombikirves, kuusikulmainen",1.0,True,130.0,44.0,38.0,,,,,KM 9843_1,"26,76248021","60,76404591",,,,,,,,porfyyri,,,,,,"Rhombus shaft-hole axe, hexagonal",
BA,uusi 3964,Kruunupyy,Poras,KM,9922,,7074751.0,3306421.0,,False,False,False,False,False,False,True,True,True,False,False,Stone artefacts,Stone arrowhead,Even-based arrowhead,"Kvartsinuolenkärki, tasakantainen",1.0,True,46.0,18.0,7.0,,,,,KM 9922,"23,07769163","63,72024437",,,,,,,,kvartsi,,,,,,Even-based quartz arrowhead,
BA,1000015709,Pyhäjärvi,Pyhäjoen niska,KM,10002,4.0,7069940.0,3449300.0,140,False,False,False,False,False,False,True,True,True,False,False,Stone artefacts,Stone arrowhead,Even-based arrowhead,"Kvartsinuolenkärki, tasakantainen",1.0,True,73.0,17.0,8.0,,,,,KM 10002_4,"25,97037406","63,72678603",,,,,,,,kvartsi,,,,,,Even-based quartz arrowhead,
BA,uusi 2720,Seinäjoki,,KM,10097,,6942186.0,3299852.0,,False,False,False,False,False,False,False,False,True,False,False,Stone artefacts,Stone shaft-hole axe,Rhombus shaft-hole axe,"Rombikirves, A-tyyppi",2.0,True,116.0,57.0,39.0,,,,,KM 10097,"23,10751173","62,53011739",,,,,,,,diabaasi,,,,,,"Rhombus shaft-hole axe, A-type",
BA,912010022,Sastamala,Haapakallio,KM,10401,1.0,6811222.0,3282245.0,59,False,False,False,False,False,False,True,True,True,False,False,Stone artefacts,Stone arrowhead,Even-based arrowhead,"Piinuolenkärki, tasakantainen",1.0,False,,,,14.0,18.0,4.0,,KM 10401_1,"22,92587533","61,34812455",,,,,,,,pii,,,,,,Even-based flint arrowhead,
BA,912010022,Sastamala,Haapakallio,KM,10657,10.0,6811222.0,3282245.0,59,False,False,False,False,False,False,True,True,True,False,False,Stone artefacts,Stone arrowhead,Even-based arrowhead,"Kvartsinuolenkärki, tasakantainen",1.0,False,,,,25.0,15.0,6.0,,KM 10657_10,"22,92587533","61,34812455",,,,,,,,kvartsi,,,,,,Even-based quartz arrowhead,
BA,912010022,Sastamala,Haapakallio,KM,10657,88.0,6811222.0,3282245.0,59,False,False,False,False,False,False,True,True,True,False,False,Stone artefacts,Stone arrowhead,Even-based arrowhead,"Kvartsinuolenkärki, tasakantainen",2.0,False,,,,21.0,19.0,6.0,,KM 10657_88,"22,92587533","61,34812455",,,,,,,,kvartsi,,,,,,Even-based quartz arrowhead,
BA,uusi 2586,Kalajoki,,KM,10859,,7125376.0,3362162.0,,False,False,False,False,False,False,True,True,True,False,False,Stone artefacts,Stone arrowhead,Even-based arrowhead,"Serttinuolenkärki, tasakantainen",1.0,True,84.0,22.0,8.0,,,,mahdollisesti lidiittiä?,KM 10859,"24,15850256","64,20010034",,,,,,,,sertti,,,,,,Even-based chert arrowhead,
BA,uusi 3146,Ilomantsi,Tykkyläinen,KM,11140,3.0,6970791.0,3699851.0,,False,False,False,False,False,False,False,False,True,False,False,Stone artefacts,Stone cast,Stone cast,Valinmuotti,1.0,True,176.0,44.0,22.0,,,,"""Tasaista lapetta käytetty löytymisen jälkeen hiomiseen""",KM 11140_3,"30,91380016","62,78652979",,,,,,,,vuolukivi,,,,,pronssiteknologian kehitys alueella,,
BA,uusi 3346,Laihia,Kylänpää,KM,11499,1.0,6986931.0,3249659.0,,False,False,False,False,False,False,False,False,True,False,False,Stone artefacts,Stone shaft-hole axe,Rhombus shaft-hole axe,"Rombikirves, kuusikulmainen",2.0,False,,,,54.0,59.0,34.0,,KM 11499_1,"22,06964583","62,89960436",,,,,,,,diabaasi,,,,,,"Rhombus shaft-hole axe, hexagonal",
BA,x757,Kiuruvesi,Luvelahti,KM,11708,,7054444.0,3486441.0,,False,False,False,False,False,False,False,False,True,False,False,Stone artefacts,Stone shaft-hole axe,Rhombus shaft-hole axe,"Rombikirves, ihmispäinen",1.0,True,158.0,66.0,41.0,,,,ihmispääkirves (kipsikopio nähty),KM 11708,"26,72343588","63,59118582",,,,,,,,porfyyri,,,,,,"Rhombus shaft-hole axe, human figure",
BA,1000000291,Kauhava,Sittalan mäki,KM,12061,2.0,7012513.0,3291528.0,,False,False,False,False,False,False,False,False,True,False,False,Stone artefacts,Stone shaft-hole axe,Rhombus shaft-hole axe,"Rombikirves, A-tyyppi",2.0,True,121.0,59.0,44.0,,,,"keskeneräinen reikä, paikallinen muunnos?",KM 12061_2,"22,85847284","63,15487832",,,,,,,,porfyyri,,,,,,"Rhombus shaft-hole axe, A-type",
BA,uusi 3485,Hamina,Summa,KM,12448,,6716320.0,3505295.0,,False,False,False,False,False,False,False,False,True,False,False,Stone artefacts,Stone shaft-hole axe,Rhombus shaft-hole axe,"Rombikirves, A-tyyppi",1.0,True,103.0,48.0,31.0,,,,,KM 12448,"27,09342702","60,55747285",,,,,,,,diabaasi,,,,,,"Rhombus shaft-hole axe, A-type",
BA,1000016622,Pirkkala,Virosmäki,KM,12530,,6821868.0,3317508.0,82,False,False,False,False,False,False,False,False,True,False,False,Stone artefacts,Stone cast,Stone cast,Valinmuotti,1.0,True,0.0,0.0,0.0,0.0,0.0,0.0,,KM 12530,"23,57315495","61,46163117",,,,,,,,kiilleliuske,,,,,,,
BA,605010001,Närpiö,Pörtom-Raineåsen,KM,12545,119.0,6971720.0,3221046.0,"37,8",False,False,False,False,False,False,True,True,True,False,False,Stone artefacts,Stone arrowhead,Even-based arrowhead,"Kvartsiittinuolenkärki, tasakantainen",2.0,False,,,,19.0,20.0,4.0,,KM 12545_119,"21,53476633","62,74300306",,,,,,,,kvartsiitti,,,,,,Even-based quartzite arrowhead,
BA,uusi 3527,Närpiö,Pirttikylä,KM,12546,,6967982.0,3224811.0,,False,False,False,False,False,False,False,True,True,False,False,Stone artefacts,Stone shaft-hole axe,Rhombus shaft-hole axe,"Rombikirves, teräväsärmäinen",2.0,False,,,,80.0,48.0,13.0,,KM 12546,"21,6141944","62,71245493",,,,,,,,harmaa kivilaji,,,,,,Rhombus shaft-hole axe with sharp edges,
BA,uusi 2074,Viitasaari,Rajaniemi,KM,13010,,6983614.0,3464815.0,,False,False,False,False,False,False,True,True,True,False,False,Stone artefacts,Stone arrowhead,Even-based arrowhead,"Piinuolenkärki, tasakantainen",1.0,True,59.0,14.0,6.0,,,,lovikantainen,KM 13010,"26,30335202","62,95429467",,,,,,,,pii,,,,,,Even-based flint arrowhead,
BA,uusi 2115,Espoo,Morby,KM,13224,,6680197.0,3369394.0,,False,False,False,False,False,False,False,False,True,False,False,Stone artefacts,Stone shaft-hole axe,Rhombus shaft-hole axe,"Rombikirves, kuusikulmainen",1.0,False,,,,69.0,62.0,52.0,,KM 13224,"24,64088986","60,21231569",,,,,,,,porfyyri,,,,,,"Rhombus shaft-hole axe, hexagonal",
BA,699010235,Rovaniemi,Hakaluoma,KM,13545,3.0,7349564.0,3425886.0,45,False,False,False,False,False,False,True,True,True,False,False,Stone artefacts,Stone arrowhead,Even-based arrowhead,"Kvartsinuolenkärki, tasakantainen",1.0,True,27.0,16.0,4.0,,,,,KM 13545_3,"25,3489015","66,22968491",,,,,,,,kvartsi,,,,,,Even-based quartz arrowhead,
BA,1000003863,Porvoo,Rånas,KM,13916,,6692340.0,3439050.0,"2,5",False,False,False,False,False,False,False,False,True,False,False,Stone artefacts,Stone shaft-hole axe,Rhombus shaft-hole axe,"Rombikirves, A-tyyppi",1.0,True,147.0,77.0,42.0,,,,,KM 13916,"25,89333726","60,33767758",,,,,,,,porfyyri,,,,,,"Rhombus shaft-hole axe, A-type",
BA,699010288,Rovaniemi,Luusuanvaara,KM,14087,1.0,7421760.0,3444700.0,150,False,False,False,False,False,False,False,False,True,False,False,Stone artefacts,Stone cast,Mälar axe cast,"Valinmuotti, Mälarin kirves",,True,122.0,62.0,21.0,,,,,KM 14087_1,"25,73440501","66,88082387",,,,,,,,,,,,,,,
BA,699010288,Rovaniemi,Luusuanvaara,KM,14087,3.0,7421760.0,3444700.0,150,False,False,False,False,False,False,True,True,True,False,False,Stone artefacts,Stone arrowhead,Even-based arrowhead,"Kvartsinuolenkärki, tasakantainen",1.0,False,,,,28.0,15.0,6.0,,KM 14087_3,"25,73440501","66,88082387",,,,,,,,kvartsi,,,,,,Even-based quartz arrowhead,
BA,691010033,Reisjärvi,Luomala,KM,14271,1.0,7058537.0,3400230.0,120,False,False,False,False,False,False,False,False,True,False,False,Stone artefacts,Stone shaft-hole axe,Rhombus shaft-hole axe,"Rombikirves, A-tyyppi",1.0,True,105.0,62.0,40.0,,,,,KM 14271_1,"24,9850358","63,61404252",,,,,,,,musta kivilaji,,,,,,"Rhombus shaft-hole axe, A-type",
BA,uusi 3705,Asikkala,Rutalahti,KM,14277,,6791750.0,3440413.0,,False,False,False,False,False,False,False,True,True,False,False,Stone artefacts,Stone shaft-hole axe,Rhombus shaft-hole axe,Rombikirves,2.0,True,126.0,55.0,44.0,,,,paikallinen muunnos,KM 14277,"25,88750232","61,2298807",,,,,,,,diabaasi,,,,,,Rhombus shaft-hole axe,
BA,777010025,Suomussalmi,Kalmosärkkä,KM,14504,350.0,7237045.0,3614621.0,199,False,False,False,False,False,False,True,True,True,False,False,Stone artefacts,Stone arrowhead,Even-based arrowhead,"Piinuolenkärki, tasakantainen",2.0,False,,,,22.0,16.0,5.0,,KM 14504_350,"29,44567113","65,2094768",,,,,,,,pii,,,,,,Even-based flint arrowhead,
BA,777010025,Suomussalmi,Kalmosärkkä,KM,14504,526.0,7237045.0,3614621.0,199,False,False,False,False,False,False,True,True,True,False,False,Stone artefacts,Stone arrowhead,Even-based arrowhead,"Piinuolenkärki, tasakantainen",1.0,False,,,,17.0,13.0,3.0,,KM 14504_526,"29,44567113","65,2094768",,,,,,,,pii,,,,,,Even-based flint arrowhead,
BA,x485,Rauma,Kaukola,KM,14603,,6784493.0,3225812.0,,False,False,False,False,False,False,False,True,True,False,False,Stone artefacts,Stone shaft-hole axe,Rhombus shaft-hole axe,Rombikirves,1.0,True,205.0,90.0,36.0,,,,,KM 14603,"21,91408014","61,07357515",,,,,,,,diabaasi,,,,,,Rhombus shaft-hole axe,
BA,301010001,Kurikka,Kaistila  ja Keski-Jyrä,KM,14713,,6953174.0,3263059.0,70,False,False,False,False,False,False,True,True,True,False,False,Stone artefacts,Stone arrowhead,Even-based arrowhead,"Kvartsinuolenkärki, tasakantainen",2.0,True,35.0,13.0,6.0,,,,,KM 14713,"22,37986015","62,60668591",,,,,,,,kvartsi,,,,,,Even-based quartz arrowhead,
BA,777010025,Suomussalmi,Kalmosärkkä,KM,14829,274.0,7237045.0,3614621.0,199,False,False,False,False,False,False,True,True,True,False,False,Stone artefacts,Stone arrowhead,Even-based arrowhead,"Piinuolenkärki, tasakantainen",1.0,True,55.0,14.0,4.0,,,,,KM 14829_274,"29,44567113","65,2094768",,,,,,,,pii,,,,,,Even-based flint arrowhead,
BA,777010025,Suomussalmi,Kalmosärkkä,KM,14830,1270.0,7237045.0,3614621.0,199,False,False,False,False,False,False,True,True,True,False,False,Stone artefacts,Stone spearhead,Even-based spearhead,"Piikeihäänkärki, tasakantainen",1.0,True,147.0,33.0,8.0,,,,,KM 14830_1270,"29,44567113","65,2094768",,,,,,,,pii,,,,,,Even-based flint spearhead,
BA,777010025,Suomussalmi,Kalmosärkkä,KM,14830,1502.0,7237045.0,3614621.0,199,False,False,False,False,False,False,True,True,True,False,False,Stone artefacts,Stone arrowhead,Even-based arrowhead,"Kvartsinuolenkärki, tasakantainen",1.0,False,,,,17.0,15.0,6.0,koverakantainen,KM 14830_1502,"29,44567113","65,2094768",,,,,,,,kvartsi,,,,,,Even-based quartz arrowhead,
BA,777010025,Suomussalmi,Kalmosärkkä,KM,14830,1577.0,7237045.0,3614621.0,199,False,False,False,False,False,False,True,True,True,False,False,Stone artefacts,Stone arrowhead,Even-based arrowhead,"Kvartsinuolenkärki, tasakantainen",1.0,False,,,,19.0,9.0,5.0,koverakantainen,KM 14830_1577,"29,44567113","65,2094768",,,,,,,,kvartsi,,,,,,Even-based quartz arrowhead,
BA,777010027,Suomussalmi,Kellolaisten Tuli,KM,14831,1491.0,7237822.0,3614945.0,199,False,False,False,False,False,False,True,True,True,False,False,Stone artefacts,Stone spearhead,Even-based spearhead,"Piikeihäänkärki, tasakantainen",1.0,False,,,,40.0,34.0,5.0,,KM 14831_1491,"29,45323205","65,21632654",,,,,,,,pii,,,,,,Even-based flint spearhead,
BA,148010040,Inari,Lahdenmäki,KM,14878,1.0,7641050.0,3553630.0,125,False,False,False,False,False,False,True,True,True,False,False,Stone artefacts,Stone arrowhead,Even-based arrowhead,"Kvartsiittinuolenkärki, tasakantainen",1.0,True,74.0,19.0,7.0,,,,,KM 14878_1,"28,32694933","68,84682822",,,,,,,,,,,,,,Even-based quartzite arrowhead,
BA,148010040,Inari,Lahdenmäki,KM,14878,2.0,7641050.0,3553630.0,125,False,False,False,False,False,False,True,True,True,False,False,Stone artefacts,Stone spearhead,Even-based spearhead,"Kvartsiittikeihäänkärki, tasakantainen",1.0,True,63.0,42.0,10.0,,,,,KM 14878_2,"28,32694933","68,84682822",,,,,,,,kvartsiitti,,,,,,Even-based quartzite spearhead,
BA,148010040,Inari,Lahdenmäki,KM,14897,1.0,7641050.0,3553630.0,125,False,False,False,False,False,False,True,True,True,False,False,Stone artefacts,Stone arrowhead,Even-based arrowhead,"Kvartsiittinuolenkärki, tasakantainen",1.0,True,60.0,19.0,7.0,,,,,KM 14897_1,"28,32694933","68,84682822",,,,,,,,kvartsiitti,,,,,,Even-based quartzite arrowhead,
BA,148010040,Inari,Lahdenmäki,KM,14897,2.0,7641050.0,3553630.0,125,False,False,False,False,False,False,True,True,True,False,False,Stone artefacts,Stone arrowhead,Even-based arrowhead,"Kvartsiittinuolenkärki, tasakantainen",1.0,True,63.0,19.0,7.0,,,,,KM 14897_2,"28,32694933","68,84682822",,,,,,,,kvartsiitti,,,,,,Even-based quartzite arrowhead,
BA,148010040,Inari,Lahdenmäki,KM,14897,3.0,7641050.0,3553630.0,125,False,False,False,False,False,False,True,True,True,False,False,Stone artefacts,Stone arrowhead,Even-based arrowhead,"Kvartsiittinuolenkärki, tasakantainen",1.0,True,63.0,21.0,7.0,,,,,KM 14897_3,"28,32694933","68,84682822",,,,,,,,kvartsiitti,,,,,,Even-based quartzite arrowhead,
BA,148010040,Inari,Lahdenmäki,KM,14897,4.0,7641050.0,3553630.0,125,False,False,False,False,False,False,True,True,True,False,False,Stone artefacts,Stone arrowhead,Even-based arrowhead,"Kvartsiittinuolenkärki, tasakantainen",1.0,True,61.0,22.0,7.0,,,,,KM 14897_4,"28,32694933","68,84682822",,,,,,,,kvartsiitti,,,,,,Even-based quartzite arrowhead,
BA,148010040,Inari,Lahdenmäki,KM,14897,5.0,7641050.0,3553630.0,125,False,False,False,False,False,False,True,True,True,False,False,Stone artefacts,Stone arrowhead,Even-based arrowhead,"Kvartsiittinuolenkärki, tasakantainen",1.0,True,58.0,18.0,5.0,,,,,KM 14897_5,"28,32694933","68,84682822",,,,,,,,kvartsiitti,,,,,,Even-based quartzite arrowhead,
BA,148010040,Inari,Lahdenmäki,KM,14897,6.0,7641050.0,3553630.0,125,False,False,False,False,False,False,True,True,True,False,False,Stone artefacts,Stone arrowhead,Even-based arrowhead,"Kvartsiittinuolenkärki, tasakantainen",1.0,True,55.0,17.0,2.0,,,,,KM 14897_6,"28,32694933","68,84682822",,,,,,,,kvartsiitti,,,,,,Even-based quartzite arrowhead,
BA,148010040,Inari,Lahdenmäki,KM,14897,7.0,7641050.0,3553630.0,125,False,False,False,False,False,False,True,True,True,False,False,Stone artefacts,Stone arrowhead,Even-based arrowhead,"Kvartsiittinuolenkärki, tasakantainen",1.0,True,52.0,19.0,5.0,,,,,KM 14897_7,"28,32694933","68,84682822",,,,,,,,kvartsiitti,,,,,,Even-based quartzite arrowhead,
BA,148010040,Inari,Lahdenmäki,KM,14897,8.0,7641050.0,3553630.0,125,False,False,False,False,False,False,True,True,True,False,False,Stone artefacts,Stone arrowhead,Even-based arrowhead,"Kvartsiittinuolenkärki, tasakantainen",1.0,True,52.0,20.0,6.0,,,,,KM 14897_8,"28,32694933","68,84682822",,,,,,,,kvartsiitti,,,,,,Even-based quartzite arrowhead,
BA,148010040,Inari,Lahdenmäki,KM,14897,9.0,7641050.0,3553630.0,125,False,False,False,False,False,False,True,True,True,False,False,Stone artefacts,Stone arrowhead,Even-based arrowhead,"Kvartsiittinuolenkärki, tasakantainen",1.0,True,48.0,20.0,6.0,,,,,KM 14897_9,"28,32694933","68,84682822",,,,,,,,kvartsiitti,,,,,,Even-based quartzite arrowhead,
BA,148010040,Inari,Lahdenmäki,KM,14897,10.0,7641050.0,3553630.0,125,False,False,False,False,False,False,True,True,True,False,False,Stone artefacts,Stone arrowhead,Even-based arrowhead,"Kvartsiittinuolenkärki, tasakantainen",1.0,True,46.0,20.0,7.0,,,,,KM 14897_10,"28,32694933","68,84682822",,,,,,,,kvartsiitti,,,,,,Even-based quartzite arrowhead,
BA,148010040,Inari,Lahdenmäki,KM,14897,11.0,7641050.0,3553630.0,125,False,False,False,False,False,False,True,True,True,False,False,Stone artefacts,Stone arrowhead,Even-based arrowhead,"Kvartsiittinuolenkärki, tasakantainen",1.0,False,,,,40.0,21.0,7.0,kärki poikki,KM 14897_11,"28,32694933","68,84682822",,,,,,,,kvartsiitti,,,,,,Even-based quartzite arrowhead,
BA,148010040,Inari,Lahdenmäki,KM,14897,12.0,7641050.0,3553630.0,125,False,False,False,False,False,False,True,True,True,False,False,Stone artefacts,Stone arrowhead,Even-based arrowhead,"Kvartsiittinuolenkärki, tasakantainen",1.0,True,46.0,17.0,7.0,,,,,KM 14897_12,"28,32694933","68,84682822",,,,,,,,kvartsiitti,,,,,,Even-based quartzite arrowhead,
BA,148010040,Inari,Lahdenmäki,KM,14897,14.0,7641050.0,3553630.0,125,False,False,False,False,False,False,True,True,True,False,False,Stone artefacts,Stone arrowhead,Even-based arrowhead,"Kvartsiittinuolenkärki, tasakantainen",1.0,False,,,,42.0,16.0,6.0,kärki poikki,KM 14897_14,"28,32694933","68,84682822",,,,,,,,kvartsiitti,,,,,,Even-based quartzite arrowhead,
BA,148010040,Inari,Lahdenmäki,KM,14897,15.0,7641050.0,3553630.0,125,False,False,False,False,False,False,True,True,True,False,False,Stone artefacts,Stone arrowhead,Even-based arrowhead,"Piinuolenkärki, tasakantainen",1.0,True,52.0,16.0,5.0,,,,,KM 14897_15,"28,32694933","68,84682822",,,,,,,,pii,,,,,,Even-based flint arrowhead,
BA,148010040,Inari,Lahdenmäki,KM,14999,1.0,7641050.0,3553630.0,125,False,False,False,False,False,False,True,True,True,False,False,Stone artefacts,Stone arrowhead,Even-based arrowhead,"Kvartsiittinuolenkärki, tasakantainen",1.0,True,66.0,16.0,6.0,,,,,KM 14999_1,"28,32694933","68,84682822",,,,,,,,kvartsiitti,,,,,,Even-based quartzite arrowhead,
BA,148010040,Inari,Lahdenmäki,KM,14999,2.0,7641050.0,3553630.0,125,False,False,False,False,False,False,True,True,True,False,False,Stone artefacts,Stone arrowhead,Even-based arrowhead,"Kvartsiittinuolenkärki, tasakantainen",1.0,True,61.0,18.0,5.0,,,,,KM 14999_2,"28,32694933","68,84682822",,,,,,,,kvartsiitti,,,,,,Even-based quartzite arrowhead,
BA,x621,Kemijärvi,Luusua Haveri,KM,15043,252.0,7370439.0,3515203.0,,False,False,False,False,False,False,True,True,True,False,False,Stone artefacts,Stone arrowhead,Even-based arrowhead,"Kvartsinuolenkärki, tasakantainen",1.0,True,31.0,16.0,6.0,,,,,KM 15043_252,"27,33665949","66,42530792",,,,,,,,kvartsi,,,,,,Even-based quartz arrowhead,
BA,777010048,Suomussalmi,Salmenniemi,KM,15053,1.0,7237497.0,3615481.0,199,False,False,False,False,False,False,True,True,True,True,False,Stone artefacts,Stone arrowhead,Even-based arrowhead,"Liuskenuolenkärki, tasakantainen",1.0,True,118.0,23.0,11.0,,,,reunoissa heikko hammastus,KM 15053_1,"29,46440486","65,2132271",,,,,,,,harmaa kivilaji,,,,,,Even-based slate arrowhead,
BA,91010003,Helsinki,Shemeikankuja 3,KM,15147,1.0,6684107.0,3382620.0,20,False,False,False,False,False,False,True,True,True,False,False,Stone artefacts,Stone arrowhead,Even-based arrowhead,"Piinuolenkärki, tasakantainen",1.0,True,24.0,15.0,6.0,,,,,KM 15147_1,"24,87700851","60,25141241",,,,,,,,pii,,,,,,Even-based flint arrowhead,
BA,uusi 2053,Turku,Tupamäki,KM,15300,,6720414.0,3244628.0,,False,False,False,False,False,False,False,True,True,False,False,Stone artefacts,Stone shaft-hole axe,Rhombus shaft-hole axe,"Rombikirves, teräväsärmäinen",1.0,False,162.0,46.0,22.0,,,,,KM 15300,"22,34554884","60,51308224",,,,,,,,harmaa liuske,,,,,,Rhombus shaft-hole axe with sharp edges,
BA,uusi 2056,Rovaniemi,Kiviniemi,KM,15307,,7375720.0,3457129.0,,False,False,False,False,False,False,True,True,True,False,False,Stone artefacts,Stone arrowhead,Even-based arrowhead,"Kvartsiittinuolenkärki, tasakantainen",1.0,False,,,,68.0,22.0,6.0,kantakatkelma,KM 15307,"26,03417484","66,47004394",,,,,,,,kvartsiitti,,,,,,Even-based quartzite arrowhead,
BA,105010018,Hyrynsalmi,Vonkka 2,KM,15393,7.0,7177900.0,3571460.0,156,False,False,False,False,False,False,True,True,True,False,False,Stone artefacts,Stone arrowhead,Even-based arrowhead,"Piinuolenkärki, tasakantainen",1.0,False,,,,21.0,19.0,5.0,"kantakatkelma, palanut",KM 15393_7,"28,49402038","64,69134666",,,,,,,,pii,,,,,,Even-based flint arrowhead,
BA,105010018,Hyrynsalmi,Vonkka 2,KM,15393,611.0,7177900.0,3571460.0,156,False,False,False,False,False,False,False,False,True,False,False,Stone artefacts,Stone cast,Ananjino axe cast,"Valinmuotti, Ananjinon kirves",1.0,False,,,,78.0,22.0,18.0,Kaksi yhteenliimattua palaa.,KM 15393_611,"28,49402038","64,69134666",,,,,,,,vuolukivi,,,,,,,
BA,1000007659,Vihti,Ruskeala,KM,15429,,6697588.0,3368733.0,,False,False,False,False,False,False,False,True,True,False,False,Stone artefacts,Stone shaft-hole axe,Rhombus shaft-hole axe,Rombikirves,3.0,False,97.0,50.0,38.0,,,,"Joko rombikirves tai yksinkertainen reikäkirves, se vähä mikä alkuperäisestä pinnasta jäljellä viittaa ensinmainittuun.",KM 15429,"24,61765135","60,36805752",,,,,,,,uraliittiporfyriitti?,,,,,,Rhombus shaft-hole axe,
BA,x416,Posio,Kynsiperä Valkeinen,KM,15447,,7320167.0,3560390.0,,False,False,False,False,False,False,True,True,True,False,False,Stone artefacts,Stone arrowhead,Even-based arrowhead,"Kvartsinuolenkärki, tasakantainen",1.0,False,44.0,17.0,7.0,,,,,KM 15447,"28,32472596","65,96914255",,,,,,,,kvartsi,,,,,,Even-based quartz arrowhead,
BA,320010133,Kemijärvi,Hietalahti 3,KM,15667,349.0,7380680.0,3513980.0,"148,5",False,False,False,False,False,False,True,True,True,False,False,Stone artefacts,Stone arrowhead,Even-based arrowhead,"Piinuolenkärki, tasakantainen",1.0,False,24.0,16.0,5.0,,,,kantakatkelma,KM 15667_349,"27,31040626","66,51719879",,,,,,,,pii,,,,,,Even-based flint arrowhead,
BA,320010104,Kemijärvi,Neitilä 4,KM,15671,1305.0,7373790.0,3516815.0,146,False,False,False,False,False,False,True,True,True,False,False,Stone artefacts,Stone arrowhead,Even-based arrowhead,"Piinuolenkärki, tasakantainen",2.0,False,71.0,23.0,9.0,,,,"tyvessä pienet ""korvat""",KM 15671_1305,"27,37321181","66,45527531",,,,,,,,pii,,,,,,Even-based flint arrowhead,
BA,1000006907,Tammela,Rantaniitty,KM,15902,,6752200.0,3329740.0,107,False,False,False,False,False,False,True,True,True,False,False,Stone artefacts,Stone arrowhead,Even-based arrowhead,"Kvartsiittinuolenkärki, tasakantainen",2.0,False,63.0,15.0,8.0,,,,,KM 15902,"23,86480778","60,84295122",,,,,,,,,,,,,,Even-based quartzite arrowhead,
BA,uusi 1987,Rovaniemi,Nuorajärvi,KM,16092,,7397634.0,3420467.0,,False,False,False,False,False,False,True,True,True,False,False,Stone artefacts,Stone arrowhead,Even-based arrowhead,"Kvartsiittinuolenkärki, tasakantainen",1.0,False,51.0,17.0,7.0,,,,,KM 16092,"25,19772559","66,65921365",,,,,,,,kvartsiitti,,,,,,Even-based quartzite arrowhead,
BA,uusi 1993,Kemijärvi,Koivusaari,KM,16107,189.0,7400197.0,3521856.0,,False,False,False,False,False,False,True,True,True,False,False,Stone artefacts,Stone arrowhead,Even-based arrowhead,"Kvartsinuolenkärki, tasakantainen",2.0,False,,,,20.0,16.0,4.0,kantakatkelma,KM 16107_189,"27,49090405","66,69175614",,,,,,,,kvartsi,,,,,,Even-based quartz arrowhead,
BA,1000001135,Kalajoki,Koskela,KM,16112,,7125945.0,3357040.0,20,False,False,False,False,False,False,False,False,True,False,False,Stone artefacts,Stone shaft-hole axe,Rhombus shaft-hole axe,"Rombikirves, käyrähamarainen",1.0,True,,132.0,55.0,56.0,,,Kaarrekantainen kirves vastaa käyräniskaisa typologisena luokituksena,KM 16112,"24,05266799","64,2031089",,,,,,,,porfyyrinen diabaasi,,,,,,Rhombus shaft-hole axe with curved butt,
BA,uusi 2000,Pihtipudas,Pääkkölä,KM,16218,,7031203.0,3428293.0,,False,False,False,False,False,False,False,False,True,False,False,Stone artefacts,Stone shaft-hole axe,Rhombus shaft-hole axe,"Rombikirves, A-tyyppi",1.0,False,,,,,,,,KM 16218,"25,56294017","63,37572411",,,,,,,,diabaasi,,,,,,"Rhombus shaft-hole axe, A-type",
BA,1000006913,Tammela,Perttula,KM,16310,,6755460.0,3328689.0,105,False,False,False,False,False,False,False,False,True,False,False,Stone artefacts,Stone shaft-hole axe,Rhombus shaft-hole axe,"Rombikirves, A-tyyppi",1.0,False,117.0,57.0,41.0,,,,,KM 16310,"23,8426237","60,87171173",,,,,,,,diabaasi,,,,,,"Rhombus shaft-hole axe, A-type",
BA,601010012,Pihtipudas,Madeneva,KM,16422,169.0,7031680.0,3427980.0,115,False,False,False,False,False,False,True,True,True,False,False,Stone artefacts,Stone arrowhead,Even-based arrowhead,"Kvartsinuolenkärki, tasakantainen",1.0,False,52.0,25.0,4.0,,,,"ruodollinen, väkäsellinen",KM 16422_169,"25,55646993","63,37993891",,,,,,,,kvartsi,,,,,tyyppi,Even-based quartz arrowhead,
BA,320010101,Kemijärvi,Neitilä 1 a/b,KM,16489,5.0,7374230.0,3516830.0,"145,5",False,False,False,False,False,False,True,True,True,False,False,Stone artefacts,Stone arrowhead,Even-based arrowhead,"Piinuolenkärki, tasakantainen",1.0,False,,,,12.0,18.0,5.0,kantakatkelma,KM 16489_5,"27,37360713","66,45922011",,,,,,,,pii,,,,,,Even-based flint arrowhead,
BA,320010101,Kemijärvi,Neitilä 1 a/b,KM,16489,63.0,7374230.0,3516830.0,"145,5",False,False,False,False,False,False,True,True,True,False,False,Stone artefacts,Stone arrowhead,Even-based arrowhead,"Kvartsiittinuolenkärki, tasakantainen",1.0,False,,,,26.0,18.0,5.0,kantakatkelma,KM 16489_63,"27,37360713","66,45922011",,,,,,,,kvartsiitti,,,,,,Even-based quartzite arrowhead,
BA,1000003878,Porvoo,Forsbacka,KM,16865,,6698160.0,3420240.0,10,False,False,False,False,False,False,False,True,True,False,False,Stone artefacts,Stone shaft-hole axe,Rhombus shaft-hole axe,"Rombikirves, teräväsärmäinen",2.0,False,126.0,49.0,32.0,,,,keskikatkelma,KM 16865,"25,55054894","60,38662642",,,,,,,,harmaa liuske,,,,,,Rhombus shaft-hole axe with sharp edges,
BA,1000007661,Vihti,Murto,KM,17122,,6702923.0,3363730.0,80,False,False,False,False,False,False,False,False,True,False,False,Stone artefacts,Stone shaft-hole axe,Rhombus shaft-hole axe,"Rombikirves, käyrähamarainen",1.0,True,140.0,57.0,55.0,,,,,KM 17122,"24,52343419","60,41424167",,,,,,,,diabaasi,,,,,,Rhombus shaft-hole axe with curved butt,
BA,140010001,Iisalmi,Jysmä,KM,17296,,7055050.0,3495500.0,100,False,False,False,False,False,False,False,False,True,False,False,Stone artefacts,Stone cast,Ananjino axe cast,"Valinmuotti, Ananjinon kirves",1.0,True,63.0,51.0,9.0,,,,,KM 17296,"26,90589151","63,59685791",,,,,,,,vuolukivi,,,,,,,
BA,211010004,Kangasala,Pohtiolampi ja Tiilitehdas,KM,17340,188.0,6819197.0,3346749.0,88,False,False,False,False,False,False,True,True,True,False,False,Stone artefacts,Stone arrowhead,Even-based arrowhead,"Kvartsinuolenkärki, tasakantainen",2.0,False,27.0,18.0,7.0,,,,,KM 17340_188,"24,12304656","61,45037381",,,,,,,,kvartsi,,,,,,Even-based quartz arrowhead,
BA,696010003,Mikkeli,Astuvansalmi,KM,17636,2.0,6815240.0,3529200.0,80,False,False,False,False,False,False,True,True,True,False,False,Stone artefacts,Stone arrowhead,Even-based arrowhead,"Kvartsinuolenkärki, tasakantainen",1.0,False,,,,27.0,17.0,6.0,kantakatkelma,KM 17636_2,"27,5441389","61,44415699",,,,,,,,kvartsi,,,,,,Even-based quartz arrowhead,
BA,494010040,Muhos,Halosentörmä,KM,17646,95.0,7200150.0,3442850.0,"32,5",False,False,False,False,False,False,True,True,True,False,False,Stone artefacts,Stone arrowhead,Even-based arrowhead,"Liuskenuolenkärki, tasakantainen",2.0,False,,,,40.0,18.0,7.0,kantakatkelma,KM 17646_95,"25,78968889","64,89353249",,,,,,,,,,,,,,Even-based slate arrowhead,
BA,494010040,Muhos,Halosentörmä,KM,17646,166.0,7200150.0,3442850.0,"32,5",False,False,False,False,False,False,True,True,True,False,False,Stone artefacts,Stone arrowhead,Even-based arrowhead,"Kvartsinuolenkärki, tasakantainen",2.0,False,,,,,,,kantakatkelma,KM 17646_166,"25,78968889","64,89353249",,,,,,,,kvartsi,,,,,,Even-based quartz arrowhead,
BA,uusi 8399,Pälkäne,Mallasvesi,KM,17853,,6804468.0,3353161.0,,False,False,False,False,False,False,False,True,True,False,False,Stone artefacts,Stone shaft-hole axe,Rhombus shaft-hole axe,Rombikirves,2.0,False,,,,,,,,KM 17853,"24,25472905","61,32083557",,,,,,,,,,,,,,Rhombus shaft-hole axe,
BA,146010017,Ilomantsi,Syväys I,KM,18200,192.0,6985369.0,3694859.0,144,False,False,False,False,False,False,True,True,True,False,False,Stone artefacts,Stone arrowhead,Even-based arrowhead,"Kvartsinuolenkärki, tasakantainen",2.0,False,,,,,,,ei mittoja,KM 18200_192,"30,83320824","62,91971481",,,,,,,,kvartsi,,,,,,Even-based quartz arrowhead,
BA,777010053,Suomussalmi,Tormuan särkkä,KM,18322,14.0,7245553.0,3615819.0,201,False,False,False,False,False,False,True,True,True,False,False,Stone artefacts,Stone arrowhead,Even-based arrowhead,"Kvartsinuolenkärki, tasakantainen",2.0,False,,,,21.0,18.0,7.0,kantakatkelma,KM 18322_14,"29,47837987","65,28529449",,,,,,,,kvartsi,,,,,,Even-based quartz arrowhead,
BA,777010053,Suomussalmi,Tormuan särkkä,KM,18322,656.0,7245553.0,3615819.0,201,False,False,False,False,False,False,True,True,True,False,False,Stone artefacts,Stone arrowhead,Even-based arrowhead,"Kvartsinuolenkärki, tasakantainen",1.0,False,,,,19.0,20.0,7.0,kantakatkelma,KM 18322_656,"29,47837987","65,28529449",,,,,,,,kvartsi,,,,,,Even-based quartz arrowhead,
BA,777010053,Suomussalmi,Tormuan särkkä,KM,18322,762.0,7245553.0,3615819.0,201,False,False,False,False,False,False,True,True,True,False,False,Stone artefacts,Stone arrowhead,Even-based arrowhead,"Kvartsinuolenkärki, tasakantainen",1.0,False,,,,13.0,13.0,5.0,"koverokantainen, kantakatkelma",KM 18322_762,"29,47837987","65,28529449",,,,,,,,kvartsi,,,,,,Even-based quartz arrowhead,
BA,777010053,Suomussalmi,Tormuan särkkä,KM,18322,840.0,7245553.0,3615819.0,201,False,False,False,False,False,False,True,True,True,False,False,Stone artefacts,Stone arrowhead,Even-based arrowhead,"Kvartsinuolenkärki, tasakantainen",1.0,False,,,,10.0,16.0,6.0,kantakatkelma,KM 18322_840,"29,47837987","65,28529449",,,,,,,,kvartsi,,,,,,Even-based quartz arrowhead,
BA,90010014,Heinävesi,Jalaskangas,KM,18828,,6920680.0,3592850.0,85,False,False,False,False,False,False,False,False,True,False,False,Stone artefacts,Stone shaft-hole axe,Rhombus shaft-hole axe,"Rombikirves, viisisärmäinen",2.0,True,80.0,47.0,31.0,,,,,KM 18828,"28,79125046","62,37984833",,,,,,,,diabaasi,,,,,tyyppi,"Rhombus shaft-hole axe, pentagonal",
BA,890010001,Utsjoki,Ala-Jalve,KM,18899,13.0,7777280.0,3527000.0,45,False,False,False,False,False,False,True,True,True,False,False,Stone artefacts,Stone arrowhead,Even-based arrowhead,"Kvartsiittinuolenkärki, tasakantainen",1.0,False,36.0,20.0,6.0,,,,kantakatkelma,KM 18899_13,"27,70496792","70,07180011",,,,,,,,kvartsiitti,,,,,,Even-based quartzite arrowhead,
BA,895010071,Uusikaupunki,Vähä-Kuuanvuori,KM,18913,,6753059.0,3205007.0,20,False,False,False,False,False,False,False,False,True,False,False,Stone artefacts,Stone shaft-hole axe,Rhombus shaft-hole axe,"Rombikirves, kuusikulmainen",1.0,False,,,,101.0,60.0,62.0,teräkatkelma,KM 18913,"21,57846276","60,7777157",,,,,,,,porfyyri,,,,,,"Rhombus shaft-hole axe, hexagonal",
BA,18010044,Askola,Järvensuo,KM,18947,9.0,6718000.0,3422300.0,40,False,False,False,False,False,False,True,True,True,False,False,Stone artefacts,Stone arrowhead,Even-based arrowhead,"Kvartsinuolenkärki, tasakantainen",1.0,False,,,,43.0,17.0,7.0,kantakatkelma,KM 18947_9,"25,58013297","60,5650375",,,,,,,,kvartsi,,,,,,Even-based quartz arrowhead,
BA,890010041,Utsjoki,Kenestupa,KM,18974,27.0,7733580.0,3503360.0,95,False,False,False,False,False,False,True,True,True,False,False,Stone artefacts,Stone arrowhead,Even-based arrowhead,"Kvartsiittinuolenkärki, tasakantainen",1.0,False,32.0,17.0,6.0,,,,kärkikatkelma,KM 18974_27,"27,0822114","69,68145649",,,,,,,,kvartsiitti,,,,,,Even-based quartzite arrowhead,
BA,680010008,Raisio,Tuomala,KM,19000,5514.0,6718440.0,3235246.0,17,False,False,False,False,False,False,False,False,True,False,False,Stone artefacts,Stone shaft-hole axe,Rhombus shaft-hole axe,"Rombikirves, käyrähamarainen",2.0,False,,,,79.0,37.0,56.0,Löytynyt rautakautisen kalmiston alueelta. Samasta kohteesta myös kivikautisia kiviesineitä.,KM 19000_5514,"22,17799026","60,48937197",,,,,,,,porfyyrinen diabaasi,,,,,tyyppi,Rhombus shaft-hole axe with curved butt,
BA,uusi 1442,Hämeenlinna,Lampaansalmi,KM,19387,,6794721.0,3372514.0,,False,False,False,False,False,False,True,True,True,False,False,Stone artefacts,Stone arrowhead,Even-based arrowhead,"Kvartsinuolenkärki, tasakantainen",2.0,False,30.0,18.0,6.0,,,,,KM 19387,"24,62235617","61,24026154",,,,,,,,kvartsi,,,,,,Even-based quartz arrowhead,
BA,148010037,Inari,Paatsjoen Luusua,KM,19428,121.0,7646500.0,3555240.0,120,False,False,False,False,False,False,True,True,True,False,False,Stone artefacts,Stone arrowhead,Even-based arrowhead,"Kvartsiittinuolenkärki, tasakantainen",1.0,False,,,,,,,,KM 19428_121,"28,36991606","68,89535593",,,,,,,,kvartsiitti,,,,,,Even-based quartzite arrowhead,
BA,148010037,Inari,Paatsjoen Luusua,KM,19428,165.0,7646500.0,3555240.0,120,False,False,False,False,False,False,True,True,True,False,False,Stone artefacts,Stone arrowhead,Even-based arrowhead,"Kvartsiittinuolenkärki, tasakantainen",1.0,False,,,,,,,kantakatkelma,KM 19428_165,"28,36991606","68,89535593",,,,,,,,kvartsiitti,,,,,,Even-based quartzite arrowhead,
BA,uusi 1460,Lapinlahti,Vanhapiha,KM,19580,,7039253.0,3513565.0,,False,False,False,False,False,False,True,True,True,False,False,Stone artefacts,Stone arrowhead,Even-based arrowhead,"Kvartsinuolenkärki, tasakantainen",2.0,False,48.0,20.0,8.0,,,,,KM 19580,"27,26850856","63,45492246",,,,,,,,,,,,,,Even-based quartz arrowhead,
BA,uusi 1530,Virolahti,Sepänpelto,KM,19896,,6712880.0,3539000.0,10,False,False,False,False,False,False,False,False,True,False,False,Stone artefacts,Stone shaft-hole axe,Rhombus shaft-hole axe,"Rombikirves, viisisärmäinen",2.0,False,161.0,50.0,42.0,,,,,KM 19896,"27,70711929","60,52476105",,,,,,,,,,,,,,"Rhombus shaft-hole axe, pentagonal",
BA,92010051,Vantaa,Maarinkunnas,KM,19992,457.0,6688640.0,3393238.0,20,False,False,False,False,False,False,True,True,True,False,False,Stone artefacts,Stone arrowhead,Even-based arrowhead,"Kvartsinuolenkärki, tasakantainen",1.0,False,27.0,16.0,6.0,,,,,KM 19992_457,"25,0662407","60,29500152",,,,,,,,kvartsi,,,,,,Even-based quartz arrowhead,
BA,1000015758,Reisjärvi,Tiala,KM,20065,,7068768.0,3389034.0,,False,False,False,False,False,False,True,True,True,False,False,Stone artefacts,Stone arrowhead,Even-based arrowhead,"Kvartsinuolenkärki, tasakantainen",1.0,False,57.0,21.0,8.0,,,,,KM 20065,"24,75225554","63,70241199",,,,,,,,kvartsi,,,,,,Even-based quartz arrowhead,
BA,1000002888,Enontekiö,Pöyrisjärvi länsi,KM,20131,,7630052.0,3369319.0,430,False,False,False,False,False,False,True,True,True,False,False,Stone artefacts,Stone arrowhead,Even-based arrowhead,"Kvartsiittinuolenkärki, tasakantainen",1.0,False,49.0,21.0,8.0,,,,,KM 20131,"23,76890749","68,72257323",,,,,,,,kvartsiitti,,,,,,Even-based quartzite arrowhead,
BA,777010116,Suomussalmi,Putikka,KM,20374,2.0,7216165.0,3597431.0,199,False,False,False,False,False,False,False,False,True,False,False,Stone artefacts,Stone cast,Stone cast,Valinmuotti,1.0,False,,,,95.0,35.0,17.0,Veistä tai muuta pitkulaista terävää esinettä varten.,KM 20374_2,"29,06407939","65,02785023",,,,,,,,vuolukivi,,,,,,,
BA,777010117,Suomussalmi,Joenniemi,KM,20375,1.0,7216972.0,3597610.0,199,False,False,False,False,False,False,False,False,True,False,False,Stone artefacts,Stone cast,Ananjino axe cast,"Valinmuotti, Ananjinon kirves",1.0,False,,,,101.0,67.0,17.0,,KM 20375_1,"29,06843545","65,03503115",,,,,,,,,,,,,,,
BA,777010089,Suomussalmi,Salonsaari,KM,20376,2.0,7219890.0,3602427.0,199,False,False,False,False,False,False,True,True,True,False,False,Stone artefacts,Stone arrowhead,Even-based arrowhead,"Piinuolenkärki, tasakantainen",2.0,False,,,,87.0,17.0,8.0,,KM 20376_2,"29,17273302","65,05973581",,,,,,,,pii,,,,,,Even-based flint arrowhead,
BA,777010109,Suomussalmi,Vanha Kirkkosaari,KM,20394,3.0,7199467.0,3592457.0,199,False,False,False,False,False,False,True,True,True,False,False,Stone artefacts,Stone arrowhead,Even-based arrowhead,"Piinuolenkärki, tasakantainen",2.0,False,90.0,28.0,9.0,,,,sidelovet kannassa,KM 20394_3,"28,94768641","64,87958819",,,,,,,,pii,,,,,,Even-based flint arrowhead,
BA,777010114,Suomussalmi,Kukkosaari,KM,20400,24.0,7201478.0,3592642.0,199,False,False,False,False,False,False,False,False,True,False,False,Stone artefacts,Stone cast,Stone cast,Valinmuotti,1.0,True,100.0,64.0,15.0,,,,,KM 20400_24,"28,95289744","64,89756391",,,,,,,,vuolukivi,,,,,,,
BA,777010103,Suomussalmi,TB:n ranta,KM,20417,1.0,7199396.0,3592010.0,199,False,False,False,False,False,False,False,False,True,False,False,Stone artefacts,Stone cast,Ananjino axe cast,"Valinmuotti, Ananjinon kirves",1.0,True,72.0,63.0,6.0,,,,,KM 20417_1,"28,93821315","64,8790748",,,,,,,,,,,,,,,
BA,777010103,Suomussalmi,TB:n ranta,KM,20417,3.0,7199396.0,3592010.0,199,False,False,False,False,False,False,False,False,True,False,False,Stone artefacts,Stone cast,Stone cast,Valinmuotti,1.0,False,63.0,49.0,7.0,,,,,KM 20417_3,"28,93821315","64,8790748",,,,,,,,,,,,,,,
BA,777010049,Suomussalmi,Maikonsärkkä,KM,20442,1.0,7236703.0,3615912.0,199,False,False,False,False,False,False,False,False,True,False,False,Stone artefacts,Stone cast,Ananjino axe cast,"Valinmuotti, Ananjinon kirves",1.0,True,105.0,82.0,62.0,20.0,,,Sidontauurteita kyljiässä ja kirveen kärkipäässä,KM 20442_1,"29,4729413","65,20596123",,,,,,,,vuolukivi,,,,,,,
BA,47010057,Enontekiö,Mustalompolo koillinen,KM,20469,1.0,7633240.0,3371040.0,420,False,False,False,False,False,False,True,True,True,False,False,Stone artefacts,Stone arrowhead,Even-based arrowhead,"Piinuolenkärki, tasakantainen",1.0,False,,,,28.0,13.0,4.0,kantakatkelma,KM 20469_1,"23,80723612","68,75191414",,,,,,,,pii,,,,,,Even-based flint arrowhead,
BA,uusi 1627,Kajaani,Likolahti,KM,20478,,7133540.0,3547740.0,121,False,False,False,False,False,False,True,True,True,False,False,Stone artefacts,Stone arrowhead,Even-based arrowhead,"Piinuolenkärki, tasakantainen",2.0,False,41.0,17.0,4.0,,,,kantakatkelma,KM 20478,"27,98263694","64,29768602",,,,,,,,pii,,,,,,Even-based flint arrowhead,
BA,50010032,Eura,Luistari,KM,20552,10.0,6787882.0,3238661.0,38,False,False,False,False,False,False,False,True,True,False,False,Stone artefacts,Stone shaft-hole axe,Rhombus shaft-hole axe,Rombikirves,2.0,False,,,,67.0,57.0,38.0,"Löydetty rautakautista ja pronssikautista materiaalia sisältävän hautaröykkiön reunakehää vasten asetettujen laakakivien alta, kehän ulkopuolelta.",KM 20552_10,"22,14658916","61,11261932",,,,,,,,diabaasi,,,,,tyyppi,Rhombus shaft-hole axe,
BA,734010025,Salo,Ketohaka,KM,20562,353.0,6705524.0,3287453.0,,False,False,False,False,False,False,True,True,True,False,False,Stone artefacts,Stone arrowhead,Even-based arrowhead,"Piinuolenkärki, tasakantainen",2.0,False,34.0,12.0,7.0,,,,,KM 20562_353,"23,13915811","60,40463943",,,,,,,,pii,,,,,,Even-based flint arrowhead,
BA,777010114,Suomussalmi,Kukkosaari,KM,20806,1.0,7201478.0,3592642.0,199,False,False,False,False,False,False,True,True,True,False,False,Stone artefacts,Stone arrowhead,Even-based arrowhead,"Piinuolenkärki, tasakantainen",2.0,False,99.0,22.0,7.0,,,,ruodollinen,KM 20806_1,"28,95289744","64,89756391",,,,,,,,pii,,,,,,Even-based flint arrowhead,
BA,1000002807,Inari,Tuuruharju,KM,20864,,7673000.0,3508400.0,155,False,False,False,False,False,False,True,True,True,False,False,Stone artefacts,Stone arrowhead,Even-based arrowhead,"Kvartsiittinuolenkärki, tasakantainen",1.0,False,55.0,22.0,8.0,,,,,KM 20864_,"27,20693101","69,1382994",,,,,,,,kvartsiitti,,,,,,Even-based quartzite arrowhead,
BA,777010056,Suomussalmi,Mikonsärkkä,KM,21018,18.0,7236404.0,3614044.0,199,False,False,False,False,False,False,True,True,True,False,False,Stone artefacts,Stone arrowhead,Even-based arrowhead,"Piinuolenkärki, tasakantainen",1.0,False,,,,60.0,14.0,6.0,hieman katkennut kärjestä,KM 21018_18,"29,43282705","65,20393286",,,,,,,,pii,,,,,,Even-based flint arrowhead,
BA,777010085,Suomussalmi,Jalonniemi,KM,21034,1.0,7200199.0,3591001.0,199,False,False,False,False,False,False,False,False,True,False,False,Stone artefacts,Stone cast,Stone cast,Valinmuotti,1.0,False,117.0,52.0,21.0,,,,,KM 21034_1,"28,91744645","64,88654872",,,,,,,,vuolukivi,,,,,,,
BA,uusi 8395,Suomi,,KM,21436,53.0,,,,False,False,False,False,False,False,False,True,True,False,False,Stone artefacts,Stone shaft-hole axe,Rhombus shaft-hole axe,"Rombikirves, teräväsärmäinen",1.0,False,145.0,51.0,33.0,,,,,KM 21436_53,#NUM!,#NUM!,,,,,,,,musta liuske,,,,,,Rhombus shaft-hole axe with sharp edges,
BA,290040007,Kuhmo,Papinniemi,KM,21518,,7129529.0,3598792.0,,False,False,False,False,False,False,True,True,True,False,False,Stone artefacts,Stone arrowhead,Even-based arrowhead,"Piinuolenkärki, tasakantainen",1.0,False,87.0,13.0,6.0,,,,,KM 21518,"29,03398702","64,25086058",,,,,,,,pii,,,,,,Even-based flint arrowhead,
BA,421040024,Lestijärvi,Sammalisniemi 1,KM,21539,2.0,7048427.0,3385018.0,140,False,False,False,False,False,False,True,True,True,False,False,Stone artefacts,Stone arrowhead,Even-based arrowhead,"Piinuolenkärki, tasakantainen",1.0,False,85.0,25.0,7.0,,,,,KM 21539_2,"24,68598944","63,51879491",,,,,,,,pii,,,,,,Even-based flint arrowhead,
BA,uusi 783,Virolahti,Metsäkuokka,KM,21625,,6721770.0,3543570.0,10,False,False,False,False,False,False,True,True,True,False,False,Stone artefacts,Stone arrowhead,Even-based arrowhead,"Kvartsinuolenkärki, tasakantainen",1.0,False,50.0,18.0,8.0,,,,,KM 21625,"27,79228125","60,60407372",,,,,,,,kvartsi,,,,,,Even-based quartz arrowhead,
BA,890010001,Utsjoki,Ala-Jalve,KM,21749,6.0,7777280.0,3527000.0,45,False,False,False,False,False,False,True,True,True,False,False,Stone artefacts,Stone arrowhead,Even-based arrowhead,"Kvartsiittinuolenkärki, tasakantainen",1.0,False,,,,50.0,23.0,8.0,,KM 21749_6,"27,70496792","70,07180011",,,,,,,,kvartsiitti,,,,,,Even-based quartzite arrowhead,
BA,890010001,Utsjoki,Ala-Jalve,KM,21749,7.0,7777280.0,3527000.0,45,False,False,False,False,False,False,True,True,True,False,False,Stone artefacts,Stone arrowhead,Even-based arrowhead,"Kvartsiittinuolenkärki, tasakantainen",1.0,False,,,,48.0,29.0,9.0,kärkikatkelma,KM 21749_7,"27,70496792","70,07180011",,,,,,,,kvartsiitti,,,,,,Even-based quartzite arrowhead,
BA,410010004,Laukaa,Saraakallio I ja II,KM,21774,,6924000.0,3448340.0,89,False,False,False,False,False,False,True,True,True,False,False,Stone artefacts,Stone arrowhead,Even-based arrowhead,"Liuskenuolenkärki, tasakantainen",1.0,False,,,,17.0,15.0,5.0,keskikatkelma,KM 21774,"25,99705334","62,4175425",,,,,,,,sädekiviliuske,,,,,,Even-based slate arrowhead,
BA,uusi 817,Utsjoki,Patoniva,KM,21835,1.0,7744645.0,3501043.0,,False,False,False,False,False,False,True,True,True,False,False,Stone artefacts,Stone arrowhead,Even-based arrowhead,"Kvartsiittinuolenkärki, tasakantainen",1.0,False,,,,20.0,15.0,4.0,kantakatkelma,KM 21835_1,"27,02255198","69,78065956",,,,,,,,kvartsiitti,,,,,,Even-based quartzite arrowhead,
BA,909040018,Kouvola,Tytärniemi,KM,21962,,6761570.0,3512560.0,"68,2",False,False,False,False,False,False,True,True,True,False,False,Stone artefacts,Stone arrowhead,Even-based arrowhead,"Piinuolenkärki, tasakantainen",1.0,False,41.0,17.0,5.0,,,,,KM 21962,"27,22872673","60,96341313",,,,,,,,pii,,,,,,Even-based flint arrowhead,
BA,777010117,Suomussalmi,Joenniemi,KM,22003,,7216972.0,3597610.0,199,False,False,False,False,False,False,False,False,True,False,False,Stone artefacts,Stone cast,Stone cast,Valinmuotti,1.0,False,93.0,28.0,13.0,,,,"Tehty ohutta, pitkulaista, kaksihaaraista esinettä varten (?)",KM 22003,"29,06843545","65,03503115",,,,,,,,vuolukivi,,,,,,,
BA,426040042,Liperi,Koivukumpu,KM,22035,,6939736.0,3612519.0,80,False,False,False,False,False,False,True,True,True,False,False,Stone artefacts,Stone arrowhead,Even-based arrowhead,"Liuskenuolenkärki, tasakantainen",1.0,False,47.0,16.0,7.0,,,,,KM 22035,"29,18354215","62,54529728",,,,,,,,musta liuske,,,,,,Even-based slate arrowhead,
BA,777010056,Suomussalmi,Mikonsärkkä,KM,22065,9.0,7236404.0,3614044.0,199,False,False,False,False,False,False,False,False,True,False,False,Stone artefacts,Stone cast,Stone cast,Valinmuotti,1.0,False,83.0,44.0,18.0,,,,,KM 22065_9,"29,43282705","65,20393286",,,,,,,,vuolukivi,,,,,,,
BA,Karjala 63,Sortavala,Helylä,KM,22245,2.0,6854619.0,3693827.0,,False,False,False,False,False,False,False,False,True,False,False,Stone artefacts,Stone shaft-hole axe,Rhombus shaft-hole axe,"Rombikirves, viisisärmäinen",1.0,False,113.0,45.0,35.0,,,,,KM 22245_2,"30,66718431","61,74960432",,,,,,,,,,,,,,"Rhombus shaft-hole axe, pentagonal",
BA,148010013,Inari,Saamen museo / Vuopaja,KM,22443,72.0,7647620.0,3500800.0,121,False,False,False,False,False,False,True,True,True,False,False,Stone artefacts,Stone arrowhead,Even-based arrowhead,"Piinuolenkärki, tasakantainen",2.0,False,,,,36.0,13.0,4.0,,KM 22443_72,"27,01561672","68,91090111",,,,,,,,pii,,,,,,Even-based flint arrowhead,
BA,890010001,Utsjoki,Ala-Jalve,KM,22488,164.0,7777280.0,3527000.0,45,False,False,False,False,False,False,True,True,True,False,False,Stone artefacts,Stone spearhead,Even-based spearhead,"Kvartsiittikeihäänkärki, tasakantainen",1.0,False,,,,50.0,41.0,8.0,Kantakatkelma,KM 22488_164,"27,70496792","70,07180011",,,,,,,,kvartsiitti,,,,,,Even-based quartzite spearhead,
BA,890010001,Utsjoki,Ala-Jalve,KM,22488,235.0,7777280.0,3527000.0,45,False,False,False,False,False,False,True,True,True,False,False,Stone artefacts,Stone arrowhead,Even-based arrowhead,"Kvartsiittinuolenkärki, tasakantainen",1.0,False,,,,34.0,33.0,8.0,"Sidelovet, kantakatkelma",KM 22488_235,"27,70496792","70,07180011",,,,,,,,kvartsiitti,,,,,,Even-based quartzite arrowhead,
BA,890010001,Utsjoki,Ala-Jalve,KM,22488,645.0,7777280.0,3527000.0,45,False,False,False,False,False,False,True,True,True,False,False,Stone artefacts,Stone arrowhead,Even-based arrowhead,"Kvartsiittinuolenkärki, tasakantainen",1.0,False,,,,14.0,12.0,4.0,Kantakatkelma,KM 22488_645,"27,70496792","70,07180011",,,,,,,,kvartsiitti,,,,,,Even-based quartzite arrowhead,
BA,890010001,Utsjoki,Ala-Jalve,KM,22488,660.0,7777280.0,3527000.0,45,False,False,False,False,False,False,True,True,True,False,False,Stone artefacts,Stone arrowhead,Even-based arrowhead,"Kvartsiittinuolenkärki, tasakantainen",1.0,False,33.0,15.0,8.0,,,,,KM 22488_660,"27,70496792","70,07180011",,,,,,,,kvartsiitti,,,,,,Even-based quartzite arrowhead,
BA,890010001,Utsjoki,Ala-Jalve,KM,22488,899.0,7777280.0,3527000.0,45,False,False,False,False,False,False,True,True,True,False,False,Stone artefacts,Stone arrowhead,Even-based arrowhead,"Kvartsiittinuolenkärki, tasakantainen",1.0,False,,,,16.0,14.0,4.0,Kantakatkelma,KM 22488_899,"27,70496792","70,07180011",,,,,,,,kvartsiitti,,,,,,Even-based quartzite arrowhead,
BA,890010001,Utsjoki,Ala-Jalve,KM,22488,900.0,7777280.0,3527000.0,45,False,False,False,False,False,False,True,True,True,False,False,Stone artefacts,Stone arrowhead,Even-based arrowhead,"Kvartsiittinuolenkärki, tasakantainen",1.0,False,,,,29.0,24.0,7.0,Kantakatkelma,KM 22488_900,"27,70496792","70,07180011",,,,,,,,kvartsiitti,,,,,,Even-based quartzite arrowhead,
BA,890010001,Utsjoki,Ala-Jalve,KM,22488,901.0,7777280.0,3527000.0,45,False,False,False,False,False,False,True,True,True,False,False,Stone artefacts,Stone arrowhead,Even-based arrowhead,"Kvartsiittinuolenkärki, tasakantainen",1.0,False,,,,31.0,27.0,6.0,Kantakatkelma,KM 22488_901,"27,70496792","70,07180011",,,,,,,,kvartsiitti,,,,,,Even-based quartzite arrowhead,
BA,890010001,Utsjoki,Ala-Jalve,KM,22488,1158.0,7777280.0,3527000.0,45,False,False,False,False,False,False,True,True,True,False,False,Stone artefacts,Stone arrowhead,Even-based arrowhead,"Kvartsiittinuolenkärki, tasakantainen",1.0,False,,,,27.0,15.0,6.0,Kantakatkelma,KM 22488_1158,"27,70496792","70,07180011",,,,,,,,kvartsiitti,,,,,,Even-based quartzite arrowhead,
BA,890010001,Utsjoki,Ala-Jalve,KM,22488,1511.0,7777280.0,3527000.0,45,False,False,False,False,False,False,True,True,True,False,False,Stone artefacts,Stone arrowhead,Even-based arrowhead,"Piinuolenkärki, tasakantainen",1.0,False,,,,26.0,21.0,7.0,"Sidelovellinen, kantakatkelma",KM 22488_1511,"27,70496792","70,07180011",,,,,,,,pii,,,,,,Even-based flint arrowhead,
BA,890010001,Utsjoki,Ala-Jalve,KM,22488,1512.0,7777280.0,3527000.0,45,False,False,False,False,False,False,True,True,True,False,False,Stone artefacts,Stone arrowhead,Even-based arrowhead,"Kvartsiittinuolenkärki, tasakantainen",1.0,False,,,,29.0,15.0,5.0,Kantakatkelma,KM 22488_1512,"27,70496792","70,07180011",,,,,,,,kvartsiitti,,,,,,Even-based quartzite arrowhead,
BA,890010001,Utsjoki,Ala-Jalve,KM,22488,1755.0,7777280.0,3527000.0,45,False,False,False,False,False,False,True,True,True,False,False,Stone artefacts,Stone arrowhead,Even-based arrowhead,"Liuskenuolenkärki, tasakantainen",1.0,False,,,,36.0,17.0,5.0,Kantakatkelma,KM 22488_1755,"27,70496792","70,07180011",,,,,,,,?,,,,,,Even-based slate arrowhead,
BA,890010001,Utsjoki,Ala-Jalve,KM,22488,1943.0,7777280.0,3527000.0,45,False,False,False,False,False,False,True,True,True,False,False,Stone artefacts,Stone arrowhead,Even-based arrowhead,"Kvartsiittinuolenkärki, tasakantainen",1.0,False,,,,25.0,26.0,7.0,Kantakatkelma,KM 22488_1943,"27,70496792","70,07180011",,,,,,,,kvartsiitti,,,,,,Even-based quartzite arrowhead,
BA,890010001,Utsjoki,Ala-Jalve,KM,22488,2084.0,7777280.0,3527000.0,45,False,False,False,False,False,False,True,True,True,False,False,Stone artefacts,Stone arrowhead,Even-based arrowhead,"Kvartsiittinuolenkärki, tasakantainen",1.0,False,,,,15.0,19.0,5.0,Kantakatkelma,KM 22488_2084,"27,70496792","70,07180011",,,,,,,,kvartsiitti,,,,,,Even-based quartzite arrowhead,
BA,890010001,Utsjoki,Ala-Jalve,KM,22630,3.0,7777280.0,3527000.0,45,False,False,False,False,False,False,True,True,True,False,False,Stone artefacts,Stone arrowhead,Even-based arrowhead,"Liuskenuolenkärki, tasakantainen",1.0,False,,,,26.0,39.0,6.0,"Kantakatkelma, sidelovellinen, kannassa karstaa",KM 22630_3,"27,70496792","70,07180011",,,,,,,,sarvikivi,,,,,,Even-based slate arrowhead,
BA,uusi 8395,Suomi,,KM,22806,3.0,,,,False,False,False,False,False,False,False,True,True,False,False,Stone artefacts,Stone shaft-hole axe,Rhombus shaft-hole axe,Rombikirves,1.0,False,,,,81.0,29.0,27.0,,KM 22806_3,#NUM!,#NUM!,,,,,,,,,,,,,,Rhombus shaft-hole axe,
BA,47010076,Enontekiö,Proksinkenttä,KM,22841,29.0,7593361.0,3363136.0,288,False,False,False,False,False,False,True,True,True,False,False,Stone artefacts,Stone arrowhead,Even-based arrowhead,"Kvartsiittinuolenkärki, tasakantainen",1.0,False,,,,32.0,19.0,6.0,Kantakatkelma,KM 22841_29,"23,6655816","68,39121928",,,,,,,,kvartsiitti,,,,,"konteksti, 14C",Even-based quartzite arrowhead,
BA,47010076,Enontekiö,Proksinkenttä,KM,22841,95.0,7593361.0,3363136.0,288,False,False,False,False,False,False,True,True,True,False,False,Stone artefacts,Stone arrowhead,Even-based arrowhead,"Kvartsiittinuolenkärki, tasakantainen",1.0,False,,,,44.0,16.0,6.0,Kantakatkelma,KM 22841_95,"23,6655816","68,39121928",,,,,,,,kvartsiitti,,,,,"konteksti, 14C",Even-based quartzite arrowhead,
BA,47010076,Enontekiö,Proksinkenttä,KM,22841,156.0,7593361.0,3363136.0,288,False,False,False,False,False,False,True,True,True,False,False,Stone artefacts,Stone arrowhead,Even-based arrowhead,"Kvartsiittinuolenkärki, tasakantainen",1.0,False,,,,20.0,18.0,5.0,Kantakatkelma,KM 22841_156,"23,6655816","68,39121928",,,,,,,,kvartsiitti,,,,,"konteksti, 14C",Even-based quartzite arrowhead,
BA,47010076,Enontekiö,Proksinkenttä,KM,22841,189.0,7593361.0,3363136.0,288,False,False,False,False,False,False,True,True,True,False,False,Stone artefacts,Stone arrowhead,Even-based arrowhead,"Jaspisnuolenkärki, tasakantainen",2.0,False,,,,34.0,23.0,9.0,Kärkikatkelma,KM 22841_189,"23,6655816","68,39121928",,,,,,,,jaspis,,,,,"konteksti, 14C",Even-based jasper arrowhead,
BA,47010076,Enontekiö,Proksinkenttä,KM,22841,206.0,7593361.0,3363136.0,288,False,False,False,False,False,False,True,True,True,False,False,Stone artefacts,Stone arrowhead,Even-based arrowhead,"Kvartsiittinuolenkärki, tasakantainen",1.0,False,61.0,20.0,5.0,,,,"Kanta numerossa 206, kärki numerossa 214",KM 22841_206,"23,6655816","68,39121928",,,,,,,,kvartsiitti,,,,,"konteksti, 14C",Even-based quartzite arrowhead,
BA,47010076,Enontekiö,Proksinkenttä,KM,22841,215.0,7593361.0,3363136.0,288,False,False,False,False,False,False,True,True,True,False,False,Stone artefacts,Stone arrowhead,Even-based arrowhead,"Kvartsiittinuolenkärki, tasakantainen",1.0,False,,,,26.0,17.0,5.0,,KM 22841_215,"23,6655816","68,39121928",,,,,,,,kvartsiitti,,,,,"konteksti, 14C",Even-based quartzite arrowhead,
BA,47010076,Enontekiö,Proksinkenttä,KM,22841,229.0,7593361.0,3363136.0,288,False,False,False,False,False,False,True,True,True,False,False,Stone artefacts,Stone spearhead,Even-based spearhead,"Kvartsiittikeihäänkärki, tasakantainen",2.0,False,100.0,30.0,8.0,,,,"Kantaosa numerossa 300, kärkiosa numerossa 229",KM 22841_229,"23,6655816","68,39121928",,,,,,,,kvartsiitti,,,,,"konteksti, 14C",Even-based quartzite spearhead,
BA,47010076,Enontekiö,Proksinkenttä,KM,22841,308.0,7593361.0,3363136.0,288,False,False,False,False,False,False,True,True,True,False,False,Stone artefacts,Stone arrowhead,Even-based arrowhead,"Jaspisnuolenkärki, tasakantainen",1.0,False,42.0,18.0,7.0,,,,,KM 22841_308,"23,6655816","68,39121928",,,,,,,,jaspis,,,,,"konteksti, 14C",Even-based jasper arrowhead,
BA,148010350,Inari,Salosenniemi,KM,22868,14.0,7646380.0,3556300.0,120,False,False,False,False,False,False,True,True,True,False,False,Stone artefacts,Stone arrowhead,Even-based arrowhead,"Kvartsiittinuolenkärki, tasakantainen",1.0,False,21.0,19.0,3.0,,,,,KM 22868_14,"28,39620826","68,89406651",,,,,,,,kvartsiitti,,,,,,Even-based quartzite arrowhead,
BA,890010001,Utsjoki,Ala-Jalve,KM,22897,262.0,7777280.0,3527000.0,45,False,False,False,False,False,False,True,True,True,False,False,Stone artefacts,Stone arrowhead,Even-based arrowhead,"Kvartsiittinuolenkärki, tasakantainen",1.0,False,,,,22.0,17.0,6.0,Kantakatkelma,KM 22897_262,"27,70496792","70,07180011",,,,,,,,kvartsiitti,,,,,,Even-based quartzite arrowhead,
BA,890010001,Utsjoki,Ala-Jalve,KM,22897,890.0,7777280.0,3527000.0,45,False,False,False,False,False,False,True,True,True,False,False,Stone artefacts,Stone arrowhead,Even-based arrowhead,"Kvartsiittinuolenkärki, tasakantainen",1.0,False,,,,35.0,18.0,5.0,Kantakatkelma,KM 22897_890,"27,70496792","70,07180011",,,,,,,,kvartsiitti,,,,,,Even-based quartzite arrowhead,
BA,890010001,Utsjoki,Ala-Jalve,KM,22897,1064.0,7777280.0,3527000.0,45,False,False,False,False,False,False,True,True,True,False,False,Stone artefacts,Stone arrowhead,Even-based arrowhead,"Kvartsiittinuolenkärki, tasakantainen",1.0,False,,,,15.0,20.0,4.0,Kantakatkelma,KM 22897_1064,"27,70496792","70,07180011",,,,,,,,kvartsiitti,,,,,,Even-based quartzite arrowhead,
BA,890010001,Utsjoki,Ala-Jalve,KM,22897,1468.0,7777280.0,3527000.0,45,False,False,False,False,False,False,True,True,True,False,False,Stone artefacts,Stone arrowhead,Even-based arrowhead,"Kvartsiittinuolenkärki, tasakantainen",1.0,False,56.0,17.0,6.0,,,,,KM 22897_1468,"27,70496792","70,07180011",,,,,,,,kvartsiitti,,,,,,Even-based quartzite arrowhead,
BA,890010001,Utsjoki,Ala-Jalve,KM,22897,1824.0,7777280.0,3527000.0,45,False,False,False,False,False,False,True,True,True,False,False,Stone artefacts,Stone arrowhead,Even-based arrowhead,"Kvartsiittinuolenkärki, tasakantainen",1.0,False,,,,26.0,15.0,5.0,Kantakatkelma,KM 22897_1824,"27,70496792","70,07180011",,,,,,,,kvartsiitti,,,,,,Even-based quartzite arrowhead,
BA,890010001,Utsjoki,Ala-Jalve,KM,22897,2025.0,7777280.0,3527000.0,45,False,False,False,False,False,False,True,True,True,False,False,Stone artefacts,Stone arrowhead,Even-based arrowhead,"Kvartsiittinuolenkärki, tasakantainen",1.0,False,,,,15.0,20.0,5.0,Kantakatkelma,KM 22897_2025,"27,70496792","70,07180011",,,,,,,,kvartsiitti,,,,,,Even-based quartzite arrowhead,
BA,890010001,Utsjoki,Ala-Jalve,KM,22897,2125.0,7777280.0,3527000.0,45,False,False,False,False,False,False,True,True,True,False,False,Stone artefacts,Stone arrowhead,Even-based arrowhead,"Kvartsiittinuolenkärki, tasakantainen",1.0,False,,,,32.0,13.0,5.0,Kantakatkelma,KM 22897_2125,"27,70496792","70,07180011",,,,,,,,kvartsiitti,,,,,,Even-based quartzite arrowhead,
BA,890010001,Utsjoki,Ala-Jalve,KM,22897,2431.0,7777280.0,3527000.0,45,False,False,False,False,False,False,True,True,True,False,False,Stone artefacts,Stone spearhead,Even-based spearhead,"Kvartsiittikeihäänkärki, tasakantainen",2.0,False,,,,60.0,44.0,12.0,Kärkikatkelma,KM 22897_2431,"27,70496792","70,07180011",,,,,,,,kvartsiitti,,,,,,Even-based quartzite spearhead,
BA,890010001,Utsjoki,Ala-Jalve,KM,22897,2575.0,7777280.0,3527000.0,45,False,False,False,False,False,False,True,True,True,False,False,Stone artefacts,Stone arrowhead,Even-based arrowhead,"Kvartsiittinuolenkärki, tasakantainen",1.0,False,56.0,14.0,8.0,,,,,KM 22897_2575,"27,70496792","70,07180011",,,,,,,,kvartsiitti,,,,,,Even-based quartzite arrowhead,
BA,777010085,Suomussalmi,Jalonniemi,KM,23057,13.0,7200199.0,3591001.0,199,False,False,False,False,False,False,True,True,True,True,False,Stone artefacts,Stone arrowhead,Even-based arrowhead,"Piinuolenkärki, tasakantainen",2.0,False,50.0,18.0,8.0,,,,,KM 23057_13,"28,91744645","64,88654872",,,,,,,,pii,,,,,,Even-based flint arrowhead,
BA,777010103,Suomussalmi,TB:n ranta,KM,23058,43.0,7199396.0,3592010.0,199,False,False,False,False,False,False,True,True,True,False,False,Stone artefacts,Stone arrowhead,Even-based arrowhead,"Piinuolenkärki, tasakantainen",1.0,False,,,,32.0,15.0,7.0,Kantakatkelma,KM 23058_43,"28,93821315","64,8790748",,,,,,,,pii,,,,,,Even-based flint arrowhead,
BA,47010076,Enontekiö,Proksinkenttä,KM,23241,148.0,7593361.0,3363136.0,288,False,False,False,False,False,False,True,True,True,False,False,Stone artefacts,Stone arrowhead,Even-based arrowhead,"Kvartsiittinuolenkärki, tasakantainen",1.0,False,,,,24.0,15.0,6.0,kantakatkelma,KM 23241_148,"23,6655816","68,39121928",,,,,,,,kvartsiitti,,,,,"konteksti, 14C",Even-based quartzite arrowhead,
BA,890010001,Utsjoki,Ala-Jalve,KM,23306,839.0,7777280.0,3527000.0,45,False,False,False,False,False,False,True,True,True,False,False,Stone artefacts,Stone arrowhead,Even-based arrowhead,"Kvartsiittinuolenkärki, tasakantainen",1.0,False,52.0,18.0,7.0,,,,,KM 23306_839,"27,70496792","70,07180011",,,,,,,,kvartsiitti,,,,,,Even-based quartzite arrowhead,
BA,777010103,Suomussalmi,TB:n ranta,KM,23329,287.0,7199396.0,3592010.0,199,False,False,False,False,False,False,True,True,True,False,False,Stone artefacts,Stone arrowhead,Even-based arrowhead,"Kvartsiittinuolenkärki, tasakantainen",1.0,False,,,,19.0,13.0,4.0,kantakatkelma,KM 23329_287,"28,93821315","64,8790748",,,,,,,,kvartsiitti,,,,,,Even-based quartzite arrowhead,
BA,777010114,Suomussalmi,Kukkosaari,KM,23332,32.0,7201478.0,3592642.0,199,False,False,False,False,False,False,True,True,True,False,False,Stone artefacts,Stone arrowhead,Even-based arrowhead,"Piinuolenkärki, tasakantainen",3.0,False,81.0,32.0,8.0,,,,,KM 23332_32,"28,95289744","64,89756391",,,,,,,,pii,,,,,,Even-based flint arrowhead,
BA,148010381,Inari,Kaidanvuono kaakko,KM,23354,10.0,7628950.0,3516950.0,130,False,False,False,False,False,False,True,True,True,False,False,Stone artefacts,Stone arrowhead,Even-based arrowhead,"Kvartsinuolenkärki, tasakantainen",2.0,False,,,,16.0,14.0,5.0,,KM 23354_10,"27,41449464","68,74302174",,,,,,,,kvartsi,,,,,,Even-based quartz arrowhead,
BA,uusi 262,Hyrynsalmi,Niskapuro,KM,23480,,7170400.0,3570400.0,165,False,False,False,False,False,False,True,True,True,False,False,Stone artefacts,Stone arrowhead,Even-based arrowhead,"Piinuolenkärki, tasakantainen",1.0,False,34.0,17.0,4.0,,,,,KM 23480,"28,46817553","64,62431921",,,,,,,,pii,,,,,,Even-based flint arrowhead,
BA,777010103,Suomussalmi,TB:n ranta,KM,23605,4.0,7199396.0,3592010.0,199,False,False,False,False,False,False,True,True,True,False,False,Stone artefacts,Stone arrowhead,Even-based arrowhead,"Kvartsinuolenkärki, tasakantainen",1.0,False,35.0,15.0,6.0,,,,,KM 23605_4,"28,93821315","64,8790748",,,,,,,,kvartsi,,,,,,Even-based quartz arrowhead,
BA,777010117,Suomussalmi,Joenniemi,KM,23701,59.0,7216972.0,3597610.0,199,False,False,False,False,False,False,True,True,True,False,False,Stone artefacts,Stone arrowhead,Even-based arrowhead,"Kvartsiittinuolenkärki, tasakantainen",1.0,False,35.0,18.0,6.0,,,,,KM 23701_59,"29,06843545","65,03503115",,,,,,,,kvartsiitti,,,,,,Even-based quartzite arrowhead,
BA,890010001,Utsjoki,Ala-Jalve,KM,23808,363.0,7777280.0,3527000.0,45,False,False,False,False,False,False,True,True,True,False,False,Stone artefacts,Stone arrowhead,Even-based arrowhead,"Kvartsiittinuolenkärki, tasakantainen",1.0,False,,,,32.0,18.0,7.0,kantakatkelma,KM 23808_363,"27,70496792","70,07180011",,,,,,,,kvartsiitti,,,,,,Even-based quartzite arrowhead,
BA,890010001,Utsjoki,Ala-Jalve,KM,23808,1860.0,7777280.0,3527000.0,45,False,False,False,False,False,False,True,True,True,False,False,Stone artefacts,Stone arrowhead,Even-based arrowhead,"Kvartsiittinuolenkärki, tasakantainen",1.0,False,,,,13.0,15.0,6.0,kantakatkelma,KM 23808_1860,"27,70496792","70,07180011",,,,,,,,kvartsiitti,,,,,,Even-based quartzite arrowhead,
BA,890010001,Utsjoki,Ala-Jalve,KM,23808,2072.0,7777280.0,3527000.0,45,False,False,False,False,False,False,True,True,True,False,False,Stone artefacts,Stone arrowhead,Even-based arrowhead,"Kvartsiittinuolenkärki, tasakantainen",1.0,False,,,,19.0,23.0,7.0,,KM 23808_2072,"27,70496792","70,07180011",,,,,,,,kvartsiitti,,,,,,Even-based quartzite arrowhead,
BA,890010001,Utsjoki,Ala-Jalve,KM,23808,2888.0,7777280.0,3527000.0,45,False,False,False,False,False,False,True,True,True,False,False,Stone artefacts,Stone arrowhead,Even-based arrowhead,"Kvartsiittinuolenkärki, tasakantainen",1.0,False,,,,30.0,13.0,5.0,kantakatkelma,KM 23808_2888,"27,70496792","70,07180011",,,,,,,,kvartsiitti,,,,,,Even-based quartzite arrowhead,
BA,uusi 328,Seinäjoki,Peräseinäjoki,KM,23938,,6946664.0,3298045.0,,False,False,False,False,False,False,True,True,True,False,False,Stone artefacts,Stone spearhead,Even-based spearhead,"Kvartsiittikeihäänkärki, tasakantainen",1.0,False,104.0,26.0,8.0,,,,,KM 23938,"23,06720299","62,56921969",,,,,,,,kvartsiitti,,,,,,Even-based quartzite spearhead,
BA,420040015,Leppävirta,Palosalmi,KM,24195,,6937620.0,3549340.0,83,False,False,False,False,False,False,True,True,True,False,False,Stone artefacts,Stone arrowhead,Even-based arrowhead,"Kvartsinuolenkärki, tasakantainen",1.0,False,62.0,16.0,10.0,,,,löytynyt puronpohjasta,KM 24195,"27,95535457","62,54009351",,,,,,,,kvartsi,,,,,,Even-based quartz arrowhead,
BA,777010134,Suomussalmi,Peuronhieta,KM,24237,1.0,7201555.0,3591717.0,199,False,False,False,False,False,False,False,False,True,False,False,Stone artefacts,Stone cast,Stone cast,Valinmuotti,1.0,False,,,,94.0,31.0,12.0,,KM 24237_1,"28,93342545","64,89850888",,,,,,,,vuolukivi,,,,,,,
BA,777010134,Suomussalmi,Peuronhieta,KM,24237,2.0,7201555.0,3591717.0,199,False,False,False,False,False,False,False,False,True,False,False,Stone artefacts,Stone cast,Stone cast,Valinmuotti,2.0,False,,,,70.0,48.0,13.0,,KM 24237_2,"28,93342545","64,89850888",,,,,,,,vuolukivi,,,,,,,
BA,148010423,Inari,Vaskojoen suu,KM,24359,2.0,7645400.0,3485540.0,142,False,False,False,False,False,False,True,True,True,False,False,Stone artefacts,Stone arrowhead,Even-based arrowhead,"Kvartsiittinuolenkärki, tasakantainen",1.0,False,37.0,18.0,5.0,,,,,KM 24359_2,"26,63608428","68,89061124",,,,,,,,kvartsiitti,,,,,,Even-based quartzite arrowhead,
BA,890010086,Utsjoki,Kenesjärvi S,KM,24401,3.0,7734100.0,3503300.0,93,False,False,False,False,False,False,True,True,True,False,False,Stone artefacts,Stone arrowhead,Even-based arrowhead,"Kvartsiittinuolenkärki, tasakantainen",1.0,False,45.0,16.0,7.0,,,,,KM 24401_3,"27,08068146","69,68611844",,,,,,,,kvartsiitti,,,,,,Even-based quartzite arrowhead,
BA,777010085,Suomussalmi,Jalonniemi,KM,24418,97.0,7200199.0,3591001.0,199,False,False,False,False,False,False,True,True,True,False,False,Stone artefacts,Stone arrowhead,Even-based arrowhead,"Kvartsinuolenkärki, tasakantainen",1.0,False,43.0,17.0,7.0,,,,,KM 24418_97,"28,91744645","64,88654872",,,,,,,,kvartsi,,,,,,Even-based quartz arrowhead,
BA,777010085,Suomussalmi,Jalonniemi,KM,24418,176.0,7200199.0,3591001.0,199,False,False,False,False,False,False,True,True,True,False,False,Stone artefacts,Stone arrowhead,Even-based arrowhead,"Kvartsinuolenkärki, tasakantainen",1.0,False,,,,33.0,22.0,8.0,kantakatkelma,KM 24418_176,"28,91744645","64,88654872",,,,,,,,kvartsi,,,,,,Even-based quartz arrowhead,
BA,777010085,Suomussalmi,Jalonniemi,KM,24418,177.0,7200199.0,3591001.0,199,False,False,False,False,False,False,True,True,True,False,False,Stone artefacts,Stone arrowhead,Even-based arrowhead,"Kvartsinuolenkärki, tasakantainen",1.0,False,,,,38.0,22.0,10.0,kantakatkelma,KM 24418_177,"28,91744645","64,88654872",,,,,,,,kvartsi,,,,,,Even-based quartz arrowhead,
BA,577010038,Paimio,Halkilahti,KM,24557,2139.0,6711516.0,3258850.0,19,False,False,False,False,False,False,False,True,True,False,False,Stone artefacts,Stone shaft-hole axe,Rhombus shaft-hole axe,Rombikirves,2.0,False,,,,67.0,51.0,45.0,,KM 24557_2139,"22,61445174","60,44222477",,,,,,,,diabaasi,,,,,,Rhombus shaft-hole axe,
BA,261010006,Kittilä,Rauhala,KM,24848,89.0,7536960.0,3383134.0,260,False,False,False,False,False,False,True,True,True,False,False,Stone artefacts,Stone arrowhead,Even-based arrowhead,"Kvartsinuolenkärki, tasakantainen",1.0,False,26.0,14.0,3.0,,,,ruodollinen,KM 24848_89,"24,21329742","67,89515433",,,,,,,,kvartsi,,,,,,Even-based quartz arrowhead,
BA,261010006,Kittilä,Rauhala,KM,24848,133.0,7536960.0,3383134.0,260,False,False,False,False,False,False,True,True,True,False,False,Stone artefacts,Stone arrowhead,Even-based arrowhead,"Kvartsinuolenkärki, tasakantainen",1.0,False,,,,23.0,16.0,5.0,kantakatkelma,KM 24848_133,"24,21329742","67,89515433",,,,,,,,kvartsi,,,,,,Even-based quartz arrowhead,
BA,uusi 365,Sodankylä,Juustovuopaja,KM,24888,7.0,7477840.0,3483380.0,175,False,False,False,False,False,False,True,True,True,False,False,Stone artefacts,Stone arrowhead,Even-based arrowhead,"Kvartsinuolenkärki, tasakantainen",1.0,False,49.0,18.0,8.0,,,,,KM 24888_7,"26,60878086","67,3882544",,,,,,,,kvartsi,,,,,,Even-based quartz arrowhead,
BA,a11,Enontekiö,Muotkajänela11,KM,25041,,7588603.0,3351896.0,"289,5",False,False,False,False,False,False,True,True,True,False,False,Stone artefacts,Stone arrowhead,Even-based arrowhead,"Kvartsiittinuolenkärki, tasakantainen",1.0,False,,,,38.0,28.0,8.0,kantakatkelma,KM 25041,"23,39948809","68,34297464",,,,,,,,kvartsiitti,,,,,,Even-based quartzite arrowhead,
BA,777010126,Suomussalmi,Vaamanlahti,KM,25075,1.0,7199002.0,3593621.0,199,False,False,False,False,False,False,True,True,True,False,False,Stone artefacts,Stone arrowhead,Even-based arrowhead,"Kvartsiittinuolenkärki, tasakantainen",1.0,False,,,,35.0,13.0,1.0,ruodollinen,KM 25075_1,"28,97192945","64,87509666",,,,,,,,kvartsiitti,,,,,,Even-based quartzite arrowhead,
BA,777010126,Suomussalmi,Vaamanlahti,KM,25075,2.0,7199002.0,3593621.0,199,False,False,False,False,False,False,True,True,True,False,False,Stone artefacts,Stone arrowhead,Even-based arrowhead,"Piinuolenkärki, tasakantainen",1.0,False,39.0,11.0,6.0,,,,ruodollinen,KM 25075_2,"28,97192945","64,87509666",,,,,,,,pii,,,,,,Even-based flint arrowhead,
BA,47010151,Enontekiö,Tsahkaljohka,KM,25174,1.0,7671725.0,3255915.0,500,False,False,False,False,False,False,True,True,True,False,False,Stone artefacts,Stone arrowhead,Even-based arrowhead,"Kvartsiittinuolenkärki, tasakantainen",1.0,False,,,,21.0,17.0,5.0,"kantakatkelma, koverakantainen",KM 25174_1,"20,88156422","69,01769912",,,,,,,,kvartsiitti,,,,,,Even-based quartzite arrowhead,
BA,699010474,Rovaniemi,Riitakanranta,KM,25375,64.0,7374200.0,3455300.0,83,False,False,False,False,False,False,True,True,True,False,False,Stone artefacts,Stone arrowhead,Even-based arrowhead,"Kvartsinuolenkärki, tasakantainen",2.0,False,28.0,20.0,6.0,,,,,KM 25375_64,"25,99369155","66,45615661",,,,,,,,,,,,,,Even-based quartz arrowhead,
BA,320010242,Kemijärvi,Revässaari,KM,25545,1.0,7396260.0,3525500.0,149,False,False,False,False,False,False,True,True,True,False,False,Stone artefacts,Stone arrowhead,Even-based arrowhead,"Kvartsinuolenkärki, tasakantainen",1.0,False,25.0,15.0,5.0,,,,,KM 25545_1,"27,57257879","66,65617536",,,,,,,,kvartsi,,,,,,Even-based quartz arrowhead,
BA,890010001,Utsjoki,Ala-Jalve,KM,25645,6.0,7777280.0,3527000.0,45,False,False,False,False,False,False,True,True,True,False,False,Stone artefacts,Stone arrowhead,Even-based arrowhead,"Kvartsiittinuolenkärki, tasakantainen",1.0,False,42.0,17.0,7.0,,,,,KM 25645_6,"27,70496792","70,07180011",,,,,,,,kvartsiitti,,,,,,Even-based quartzite arrowhead,
BA,47010073,Enontekiö,"Tervaniemi, saamenmuseo",KM,25690,148.0,7593843.0,3364722.0,288,False,False,False,False,False,False,True,True,True,False,False,Stone artefacts,Stone arrowhead,Even-based arrowhead,"Kvartsinuolenkärki, tasakantainen",1.0,False,33.0,18.0,7.0,,,,,KM 25690_148,"23,70346608","68,3962979",,,,,,,,kvartsi,,,,,,Even-based quartz arrowhead,
BA,47010073,Enontekiö,"Tervaniemi, saamenmuseo",KM,25690,183.0,7593843.0,3364722.0,288,False,False,False,False,False,False,True,True,True,False,False,Stone artefacts,Stone arrowhead,Even-based arrowhead,"Kvartsiittinuolenkärki, tasakantainen",1.0,False,,,,25.0,25.0,6.0,kantakatkelma,KM 25690_183,"23,70346608","68,3962979",,,,,,,,kvartsiitti,,,,,,Even-based quartzite arrowhead,
BA,148010673,Inari,Kaunisniemi 2,KM,26039,16.0,7626950.0,3509950.0,131,False,False,False,False,False,False,True,True,True,False,False,Stone artefacts,Stone spearhead,Even-based spearhead,"Kvartsiittikeihäänkärki, tasakantainen",2.0,False,,,,42.0,27.0,13.0,kärkikatkelma,KM 26039_16,"27,24136447","68,72542679",,,,,,,,kvartsiitti,,,,,,Even-based quartzite spearhead,
BA,700010018,Ruokolahti,Parrumäki,KM,26300,1.0,6804363.0,3594860.0,85,False,False,False,False,False,False,False,True,True,False,False,Stone artefacts,Stone shaft-hole axe,Rhombus shaft-hole axe,Rombikirves,3.0,False,,,,60.0,59.0,37.0,Voi myös olla yksinkertainen reikäkirves.,KM 26300_1,"28,76890105","61,33612772",,,,,,,,porfyyri,,,,,,Rhombus shaft-hole axe,
BA,a180,Rovaniemi,Niskanperä Riihelä,KM,26304,1.0,7374990.0,3438680.0,80,False,False,False,False,False,False,True,True,True,False,False,Stone artefacts,Stone arrowhead,Even-based arrowhead,"Kvartsinuolenkärki, tasakantainen",1.0,False,33.0,22.0,8.0,,,,teelmä,KM 26304_1,"25,6206925","66,4603947",,,,,,,,kvartsi,,,,,,Even-based quartz arrowhead,
BA,777010113,Suomussalmi,Joutenniemi,KM,26324,1.0,7200531.0,3593348.0,199,False,False,False,False,False,False,True,True,True,False,False,Stone artefacts,Stone arrowhead,Even-based arrowhead,"Piinuolenkärki, tasakantainen",1.0,False,,,,16.0,17.0,4.0,kantakatkelma,KM 26324_1,"28,96717542","64,88887884",,,,,,,,pii,,,,,,Even-based flint arrowhead,
BA,166010001,Uusikaarlepyy,Jepua-Knäbacken/Asplandet,KM,26618,2.0,7035402.0,3282279.0,35,False,False,False,False,False,False,True,True,True,False,False,Stone artefacts,Stone arrowhead,Even-based arrowhead,"Piinuolenkärki, tasakantainen",1.0,True,86.0,16.0,6.0,,,,Hiidenkiuaslöytö.,KM 26618_2,"22,6447031","63,35416989",,,,,,,,pii,,,,,tyyppi,Even-based flint arrowhead,
BA,148010031,Inari,Kiviniemi,KM,26701,4.0,7627020.0,3525520.0,120,False,False,False,False,False,False,True,True,True,False,False,Stone artefacts,Stone arrowhead,Even-based arrowhead,"Kvartsiittinuolenkärki, tasakantainen",1.0,False,,,,26.0,19.0,6.0,kantakatkelma,KM 26701_4,"27,62572298","68,72507033",,,,,,,,kvartsiitti,,,,,,Even-based quartzite arrowhead,
BA,a256,Inari,Selkäjärvi,KM,26733,,7716830.0,3540050.0,215,False,False,False,False,False,False,True,True,True,False,False,Stone artefacts,Stone arrowhead,Even-based arrowhead,"Kvartsiittinuolenkärki, tasakantainen",1.0,False,83.0,30.0,8.0,,,,"sidelovellinen, tummentumaa kannan ja kärjen ympärillä (karstaa?)",KM 26733,"28,02127024","69,5283443",,,,,,,,kvartsiitti,,,,,,Even-based quartzite arrowhead,
BA,47010193,Enontekiö,Jietajoensuu,KM,26773,1.0,7604973.0,3312523.0,"227,5",False,False,False,False,False,False,True,True,True,False,False,Stone artefacts,Stone arrowhead,Even-based arrowhead,"Kvartsiittinuolenkärki, tasakantainen",1.0,False,40.0,20.0,4.0,,,,,KM 26773_1,"22,41728848","68,46594641",,,,,,,,kvartsiitti,,,,,,Even-based quartzite arrowhead,
BA,148010746,Inari,Kirakkajoen suu itä 2,KM,26820,20.0,7626940.0,3508620.0,"132,5",False,False,False,False,False,False,True,True,True,False,False,Stone artefacts,Stone arrowhead,Even-based arrowhead,"Serttinuolenkärki, tasakantainen",1.0,False,,,,19.0,18.0,4.0,kantakatkelma,KM 26820_20,"27,20853157","68,72538075",,,,,,,,sertti,,,,,,Even-based chert arrowhead,
BA,148010746,Inari,Kirakkajoen suu itä 2,KM,26820,21.0,7626940.0,3508620.0,"132,5",False,False,False,False,False,False,True,True,True,False,False,Stone artefacts,Stone arrowhead,Even-based arrowhead,"Kvartsiittinuolenkärki, tasakantainen",1.0,False,23.0,16.0,5.0,,,,koverokantainen,KM 26820_21,"27,20853157","68,72538075",,,,,,,,kvartsiitti,,,,,,Even-based quartzite arrowhead,
BA,148010746,Inari,Kirakkajoen suu itä 2,KM,26820,22.0,7626940.0,3508620.0,"132,5",False,False,False,False,False,False,True,True,True,False,False,Stone artefacts,Stone arrowhead,Even-based arrowhead,"Kvartsiittinuolenkärki, tasakantainen",1.0,False,30.0,19.0,5.0,,,,,KM 26820_22,"27,20853157","68,72538075",,,,,,,,kvartsiitti,,,,,,Even-based quartzite arrowhead,
BA,1000000938,Utsjoki,Kaskatallu,KM,27240,2.0,7710240.0,3454810.0,115,False,False,False,False,False,False,True,True,True,False,False,Stone artefacts,Stone arrowhead,Even-based arrowhead,"Serttinuolenkärki, tasakantainen",1.0,False,30.0,21.0,7.0,,,,varttamislovellinen,KM 27240_2,"25,84147487","69,46840436",,,,,,,,sertti,,,,,,Even-based chert arrowhead,
BA,1000000436,Sodankylä,Poikamella,KM,27674,771.0,7486450.0,3482760.0,"177,5",False,False,False,False,False,False,True,True,True,False,False,Stone artefacts,Stone arrowhead,Even-based arrowhead,"Kvartsinuolenkärki, tasakantainen",2.0,False,,,,15.0,18.0,6.0,kantakatkelma,KM 27674_771,"26,59302079","67,46541708",,,,,,,,kvartsi,,,,,,Even-based quartz arrowhead,
BA,601010042,Pihtipudas,Koliman Hämeensaari,KM,27804,14.0,7028600.0,3431020.0,115,False,False,False,False,False,False,True,True,True,False,False,Stone artefacts,Stone arrowhead,Even-based arrowhead,"Kvartsinuolenkärki, tasakantainen",2.0,False,35.0,19.0,6.0,,,,,KM 27804_14,"25,61856338","63,35291702",,,,,,,,kvartsi,,,,,,Even-based quartz arrowhead,
BA,696010026,Mikkeli,Kitulansuo D,KM,28112,7.0,6822290.0,3519820.0,80,False,False,False,False,False,False,False,True,True,False,False,Stone artefacts,Stone arrowhead,Even-based arrowhead,"Kvartsinuolenkärki, tasakantainen",1.0,False,40.0,16.0,4.0,,,,,KM 28112_7,"27,36907159","61,50800832",,,,,,,,kvartsi,,,,,,Even-based quartz arrowhead,
BA,47010058,Enontekiö,Naapasuu,KM,28408,1.0,7627478.0,3371129.0,418,False,False,False,False,False,False,True,True,True,False,False,Stone artefacts,Stone arrowhead,Even-based arrowhead,"Liuskenuolenkärki, tasakantainen",2.0,False,70.0,33.0,10.0,,,,,KM 28408_1,"23,81680155","68,70037948",,,,,,,,sädekiviliuske,,,,,,Even-based slate arrowhead,
BA,47010210,Enontekiö,Myllymaa 2,KM,28755,3.0,7590271.0,3355826.0,288,False,False,False,False,False,False,True,True,True,False,False,Stone artefacts,Stone arrowhead,Even-based arrowhead,"Kvartsinuolenkärki, tasakantainen",1.0,False,,,,20.0,17.0,5.0,kantakatkelma,KM 28755_3,"23,49239075","68,35993022",,,,,,,,kvartsi,,,,,,Even-based quartz arrowhead,
BA,47010210,Enontekiö,Myllymaa 2,KM,28755,140.0,7590271.0,3355826.0,288,False,False,False,False,False,False,True,True,True,False,False,Stone artefacts,Stone arrowhead,Even-based arrowhead,"Kvartsinuolenkärki, tasakantainen",1.0,False,,,,30.0,27.0,7.0,"kantakatkelma, ruodollinen",KM 28755_140,"23,49239075","68,35993022",,,,,,,,kvartsi,,,,,,Even-based quartz arrowhead,
BA,494010040,Muhos,Halosentörmä,KM,28798,,7200150.0,3442850.0,"32,5",False,False,False,False,False,False,True,True,True,False,False,Stone artefacts,Stone arrowhead,Even-based arrowhead,"Liuskenuolenkärki, tasakantainen",1.0,False,38.0,19.0,6.0,,,,kärkikatkelma,KM 28798,"25,78968889","64,89353249",,,,,,,,sädekiviliuske,,,,,,Even-based slate arrowhead,
BA,40010027,Kemiönsaari,Kyrksundet,KM,28832,102.0,6649270.0,3247493.0,,False,False,False,False,False,False,True,True,True,False,False,Stone artefacts,Stone arrowhead,Even-based arrowhead,"Piinuolenkärki, tasakantainen",2.0,False,21.0,13.0,,,,,"koverakantainen, kolmiomainen piikärki",KM 28832_102,"22,4859907","59,87836397",,,,,,,,pii,,,,,,Even-based flint arrowhead,
BA,148010427,Inari,Menesjärvi,KM,28833,,7628200.0,3475950.0,203,False,False,False,False,False,False,True,True,True,False,False,Stone artefacts,Stone arrowhead,Even-based arrowhead,"Kvartsiittinuolenkärki, tasakantainen",1.0,False,43.0,20.0,6.0,,,,,KM 28833,"26,4017578","68,735748",,,,,,,,kvartsiitti,,,,,tyyppi,Even-based quartzite arrowhead,
BA,1000003337,Kitee,Mustapohja,KM,28937,,6868294.0,3640541.0,78,False,False,False,False,False,False,True,True,True,False,False,Stone artefacts,Stone arrowhead,Even-based arrowhead,"Piinuolenkärki, tasakantainen",1.0,False,48.0,12.0,5.0,,,,,KM 28937,"29,67030236","61,89542452",,,,,,,,pii,,,,,,Even-based flint arrowhead,
BA,1000004242,Kuhmo,Ukonniemi,KM,29050,1.0,7116420.0,3614360.0,159,False,False,False,False,False,False,True,True,True,False,False,Stone artefacts,Stone arrowhead,Even-based arrowhead,"Piinuolenkärki, tasakantainen",1.0,False,81.0,12.0,7.0,,,,,KM 29050_1,"29,34480806","64,12855386",,,,,,,,pii,,,,,,Even-based flint arrowhead,
BA,290010053,Kuhmo,Vasikkaniemi SW,KM,29136,1697.0,7112834.0,3598406.0,159,False,False,False,False,False,False,False,False,True,False,False,Stone artefacts,Stone cast,Stone cast,Valinmuotti,2.0,False,69.0,47.0,25.0,,,,kiveen on porattu kuoppa,KM 29136_1697,"29,01513604","64,10130682",,,,,,,,vuolukivi,,,,,,,
BA,777010103,Suomussalmi,TB:n ranta,KM,29707,,7199396.0,3592010.0,199,False,False,False,False,False,False,True,True,True,False,False,Stone artefacts,Stone arrowhead,Even-based arrowhead,"Kvartsinuolenkärki, tasakantainen",1.0,False,,,,31.0,28.0,8.0,kantakatkelma,KM 29707,"28,93821315","64,8790748",,,,,,,,kvartsi,,,,,,Even-based quartz arrowhead,
BA,b179,Eura,Laihiantie,KM,29801,,6803432.0,3236952.0,,False,False,False,False,False,False,False,False,True,False,False,Stone artefacts,Stone shaft-hole axe,Rhombus shaft-hole axe,"Rombikirves, A-tyyppi",2.0,False,,,,70.0,66.0,40.0,puolikas,KM 29801,"22,0933929","61,25051671",,,,,,,,diabaasi,,,,,,"Rhombus shaft-hole axe, A-type",
BA,283040011,Hollola,Järvi-Kukkola,KM,29820,,6768579.0,3402005.0,105,False,False,False,False,False,False,True,True,True,False,False,Stone artefacts,Stone arrowhead,Even-based arrowhead,"Kvartsinuolenkärki, tasakantainen",1.0,False,,,,60.0,22.0,8.0,kantakatkelma,KM 29820,"25,18476863","61,01429483",,,,,,,,kvartsi,,,,,,Even-based quartz arrowhead,
BA,b227,Sauvo,Raitniemi,KM,30213,,6695162.0,3260806.0,,False,False,False,False,False,False,False,False,True,False,False,Stone artefacts,Stone shaft-hole axe,Rhombus shaft-hole axe,"Rombikirves, A-tyyppi",1.0,False,108.0,53.0,35.0,,,,pronssikautinen,KM 30213,"22,66937827","60,2970294",,,,,,,,diabaasi,,,,,,"Rhombus shaft-hole axe, A-type",
BA,398010015,Lahti,Hölmänmäki,KM,30720,,6759610.0,3422390.0,75,False,False,False,False,False,False,False,True,True,False,False,Stone artefacts,Stone shaft-hole axe,Rhombus shaft-hole axe,Rombikirves,2.0,False,111.0,57.0,38.0,,,,,KM 30720,"25,56519501","60,93837348",,,,,,,,porfyyri,,,,,,Rhombus shaft-hole axe,
BA,494010040,Muhos,Halosentörmä,KM,30888,92.0,7200150.0,3442850.0,"32,5",False,False,False,False,False,False,True,True,True,False,False,Stone artefacts,Stone arrowhead,Even-based arrowhead,"Kvartsinuolenkärki, tasakantainen",1.0,False,29.0,15.0,5.0,,,,,KM 30888_92,"25,78968889","64,89353249",,,,,,,,kvartsi,,,,,,Even-based quartz arrowhead,
BA,uusi 923,Inari,Ristijärvi,KM,30932,,7712082.0,3575676.0,140,False,False,False,False,False,False,True,True,True,False,False,Stone artefacts,Stone arrowhead,Even-based arrowhead,"Kvartsiittinuolenkärki, tasakantainen",1.0,False,62.0,22.0,7.0,,,,,KM 30932,"28,92933452","69,47809438",,,,,,,,kvartsiitti,,,,,,Even-based quartzite arrowhead,
BA,564010051,Oulu,Hangaskangas,KM,31379,3.0,7200515.0,3442572.0,39,False,False,False,False,False,False,True,True,True,False,False,Stone artefacts,Stone arrowhead,Even-based arrowhead,"Liuskenuolenkärki, tasakantainen",1.0,False,35.0,10.0,8.0,,,,,KM 31379_3,"25,78367254","64,89675774",,,,,,,,,,,,,,Even-based slate arrowhead,
BA,564010051,Oulu,Hangaskangas,KM,31379,14.0,7200515.0,3442572.0,39,False,False,False,False,False,False,True,True,True,False,False,Stone artefacts,Stone arrowhead,Even-based arrowhead,"Kvartsinuolenkärki, tasakantainen",1.0,False,40.0,15.0,,,,,,KM 31379_14,"25,78367254","64,89675774",,,,,,,,kvartsi,,,,,,Even-based quartz arrowhead,
BA,564010051,Oulu,Hangaskangas,KM,31379,18.0,7200515.0,3442572.0,39,False,False,False,False,False,False,True,True,True,False,False,Stone artefacts,Stone arrowhead,Even-based arrowhead,"Liuskenuolenkärki, tasakantainen",1.0,False,,,,16.0,15.0,4.0,keskikatkelma,KM 31379_18,"25,78367254","64,89675774",,,,,,,,,,,,,,Even-based slate arrowhead,
BA,564010051,Oulu,Hangaskangas,KM,31379,78.0,7200515.0,3442572.0,39,False,False,False,False,False,False,True,True,True,False,False,Stone artefacts,Stone arrowhead,Even-based arrowhead,"Kvartsinuolenkärki, tasakantainen",1.0,False,,,,16.0,18.0,4.0,keskikatkelma,KM 31379_78,"25,78367254","64,89675774",,,,,,,,,,,,,,Even-based quartz arrowhead,
BA,409010047,Kristiinankaupunki,Lappfjärd-Lillsjö,KM,31434,2.0,6911800.0,3222942.0,35,False,False,False,False,False,False,True,True,True,False,False,Stone artefacts,Stone arrowhead,Even-based arrowhead,"Kvartsinuolenkärki, tasakantainen",1.0,False,44.0,16.0,6.0,,,,,KM 31434_2,"21,66829452","62,20918394",,,,,,,,kvartsi,,,,,,Even-based quartz arrowhead,
BA,494010040,Muhos,Halosentörmä,KM,32048,1180.0,7200150.0,3442850.0,"32,5",False,False,False,False,False,False,True,True,True,False,False,Stone artefacts,Stone arrowhead,Even-based arrowhead,"Kvartsinuolenkärki, tasakantainen",1.0,False,27.0,18.0,7.0,,,,,KM 32048_1180,"25,78968889","64,89353249",,,,,,,,kvartsi,,,,,,Even-based quartz arrowhead,
BA,494010040,Muhos,Halosentörmä,KM,32048,1528.0,7200150.0,3442850.0,"32,5",False,False,False,False,False,False,True,True,True,False,False,Stone artefacts,Stone arrowhead,Even-based arrowhead,"Kvartsinuolenkärki, tasakantainen",1.0,False,,,,21.0,14.0,5.0,,KM 32048_1528,"25,78968889","64,89353249",,,,,,,,kvartsi,,,,,,Even-based quartz arrowhead,
BA,616010032,Pukkila,Prusila,KM,32281,1.0,6731210.0,3426220.0,45,False,False,False,False,False,False,False,False,True,False,False,Stone artefacts,Stone shaft-hole axe,Rhombus shaft-hole axe,"Rombikirves, kuusikulmainen",1.0,False,,,,61.0,57.0,47.0,provinsiaalinen versio,KM 32281_1,"25,64662739","60,68430194",,,,,,,,porfyyri,,,,,,"Rhombus shaft-hole axe, hexagonal",
BA,1000001229,Utsjoki,Kalddasjohka 2,KM,32353,41.0,7767920.0,3537010.0,30,False,False,False,False,False,False,True,True,True,False,False,Stone artefacts,Stone arrowhead,Even-based arrowhead,"Kvartsiittinuolenkärki, tasakantainen",1.0,False,51.0,21.0,7.0,,,,,KM 32353_41,"27,96408202","69,98668165",,,,,,,,kvartsiitti,,,,,,Even-based quartzite arrowhead,
BA,uusi 1093,Joutsa,Huhtiniemi,KM,32465,,6856720.0,3466510.0,104,False,False,False,False,False,False,True,True,True,False,False,Stone artefacts,Stone arrowhead,Even-based arrowhead,"Kvartsinuolenkärki, tasakantainen",1.0,False,47.0,22.0,7.0,,,,,KM 32465,"26,36144759","61,81597641",,,,,,,,kvartsi,,,,,,Even-based quartz arrowhead,
BA,1000006804,Oulu,Ehtiäisentie N,KM,32708,1.0,7200804.0,3445190.0,"32,5",False,False,False,False,False,False,True,True,True,False,False,Stone artefacts,Stone arrowhead,Even-based arrowhead,"Kvartsinuolenkärki, tasakantainen",2.0,False,,,,22.0,18.0,8.0,kantakatkelma,KM 32708_1,"25,83883057","64,89979053",,,,,,,,kvartsi,,,,,,Even-based quartz arrowhead,
BA,1000006806,Oulu,Ehtiäisentie S,KM,32709,5.0,7200599.0,3445382.0,"32,5",False,False,False,False,False,False,True,True,True,False,False,Stone artefacts,Stone arrowhead,Even-based arrowhead,"Kvartsinuolenkärki, tasakantainen",2.0,False,34.0,18.0,7.0,,,,,KM 32709_5,"25,84296364","64,89798375",,,,,,,,kvartsi,,,,,,Even-based quartz arrowhead,
BA,1000001286,Raasepori,Björkholmen 1,KM,32797,1.0,6650540.0,3302770.0,20,False,False,False,False,False,True,True,True,True,False,False,Stone artefacts,Stone arrowhead,Even-based arrowhead,"Piinuolenkärki, tasakantainen",1.0,True,30.0,16.0,5.0,,,,"Löydetty röykkiöstä, yhdessä kolmen muun tasakantaisen piinuolenkärjen ja lukuisten kvartsi-iskosten kanssa.",KM 32797_1,"23,46980569","59,91984668",,,,,,,,pii,,,,,tyyppi,Even-based flint arrowhead,
BA,1000001286,Raasepori,Björkholmen 1,KM,32797,2.0,6650540.0,3302770.0,20,False,False,False,False,False,True,True,True,True,False,False,Stone artefacts,Stone arrowhead,Even-based arrowhead,"Piinuolenkärki, tasakantainen",1.0,True,39.0,17.0,4.0,,,,"Löydetty röykkiöstä, yhdessä kolmen muun tasakantaisen piinuolenkärjen ja lukuisten kvartsi-iskosten kanssa.",KM 32797_2,"23,46980569","59,91984668",,,,,,,,pii,,,,,tyyppi,Even-based flint arrowhead,
BA,1000001286,Raasepori,Björkholmen 1,KM,32797,3.0,6650540.0,3302770.0,20,False,False,False,False,False,True,True,True,True,False,False,Stone artefacts,Stone arrowhead,Even-based arrowhead,"Piinuolenkärki, tasakantainen",1.0,False,,,,22.0,16.0,6.0,"Löydetty röykkiöstä, yhdessä kolmen muun tasakantaisen piinuolenkärjen ja lukuisten kvartsi-iskosten kanssa.",KM 32797_3,"23,46980569","59,91984668",,,,,,,,pii,,,,,tyyppi,Even-based flint arrowhead,
BA,1000001286,Raasepori,Björkholmen 1,KM,32797,4.0,6650540.0,3302770.0,20,False,False,False,False,False,True,True,True,True,False,False,Stone artefacts,Stone arrowhead,Even-based arrowhead,"Piinuolenkärki, tasakantainen",1.0,True,33.0,17.0,6.0,,,,"Löydetty röykkiöstä, yhdessä kolmen muun tasakantaisen piinuolenkärjen ja lukuisten kvartsi-iskosten kanssa.",KM 32797_4,"23,46980569","59,91984668",,,,,,,,pii,,,,,tyyppi,Even-based flint arrowhead,
BA,777010109,Suomussalmi,Vanha Kirkkosaari,KM,32886,2.0,7199467.0,3592457.0,199,False,False,False,False,False,False,True,True,True,False,False,Stone artefacts,Stone arrowhead,Even-based arrowhead,"Jaspisnuolenkärki, tasakantainen",1.0,False,53.0,27.0,7.0,,,,,KM 32886_2,"28,94768641","64,87958819",,,,,,,,jaspis,,,,,,Even-based jasper arrowhead,
BA,1000005291,Humppila,Yli-Jaukkari,KM,32926,,6762400.0,3297470.0,95,False,False,False,False,False,False,True,True,True,False,False,Stone artefacts,Stone arrowhead,Even-based arrowhead,"Piinuolenkärki, tasakantainen",2.0,False,81.0,28.0,9.0,,,,"ruodollinen, väkäsellinen",KM 32926,"23,26185478","60,9191588",,,,,,,,pii,,,,,tyyppi (Hesjedal et al 1996:168),Even-based flint arrowhead,
BA,uusi 1152,Ylöjärvi,Talvisilta 2,KM,32981,,6874123.0,3323164.0,,False,False,False,False,False,False,True,True,True,False,False,Stone artefacts,Stone arrowhead,Even-based arrowhead,"Piinuolenkärki, tasakantainen",1.0,False,58.0,16.0,4.0,,,,,KM 32981,"23,62829415","61,93235924",,,,,,,,pii,,,,,,Even-based flint arrowhead,
BA,301010007,Kurikka,Vierikko/Pihlajaniemi,KM,33033,,6950350.0,3265107.0,68,False,False,False,False,False,False,True,True,True,False,False,Stone artefacts,Stone arrowhead,Even-based arrowhead,"Kvartsinuolenkärki, tasakantainen",1.0,False,39.0,18.0,7.0,,,,,KM 33033,"22,42350875","62,58273787",,,,,,,,kvartsi,,,,,,Even-based quartz arrowhead,
BA,142010048,Iitti,Kaunissaari,KM,33053,5.0,6770280.0,3453820.0,79,False,False,False,False,False,False,True,True,True,False,False,Stone artefacts,Stone arrowhead,Even-based arrowhead,"Kvartsinuolenkärki, tasakantainen",1.0,False,,,,22.0,20.0,6.0,keskikatkelma,KM 33053_5,"26,14230417","61,03904673",,,,,,,,kvartsi,,,,,,Even-based quartz arrowhead,
BA,uusi 1166,Mikkeli,Tupasaari,KM,33132,,6807020.0,3539180.0,80,False,False,False,False,False,False,True,True,True,False,False,Stone artefacts,Stone arrowhead,Even-based arrowhead,"Kvartsinuolenkärki, tasakantainen",1.0,False,33.0,11.0,5.0,,,,,KM 33132,"27,72946801","61,3695237",,,,,,,,kvartsi,,,,,,Even-based quartz arrowhead,
BA,1000001051,Konnevesi,Pynnölänniemi,KM,33603,2.0,6946550.0,3467122.0,95,False,False,False,False,False,False,True,True,True,False,False,Stone artefacts,Stone arrowhead,Even-based arrowhead,"Kvartsinuolenkärki, tasakantainen",1.0,False,30.0,15.0,7.0,,,,,KM 33603_2,"26,35610676","62,62199657",,,,,,,,kvartsi,,,,,,Even-based quartz arrowhead,
BA,174010005,Kuopio,Pikonniemi,KM,33700,1.0,6997660.0,3566860.0,95,False,False,False,False,False,False,True,True,True,False,False,Stone artefacts,Stone arrowhead,Even-based arrowhead,"Piinuolenkärki, tasakantainen",1.0,False,56.0,19.0,4.0,,,,,KM 33700_1,"28,31956403","63,0758882",,,,,,,,pii,,,,,,Even-based flint arrowhead,
BA,1000000591,Karkkila,Myllärinranta,KM,34220,,6727510.0,3339370.0,"110,5",False,False,False,False,False,False,True,True,True,False,False,Stone artefacts,Stone arrowhead,Even-based arrowhead,"Kvartsinuolenkärki, tasakantainen",1.0,False,34.0,18.0,6.0,,,,,KM 34220_,"24,06198179","60,62567242",,,,,,,,kvartsi,,,,,,Even-based quartz arrowhead,
BA,1000008898,Pelkosenniemi,Manolaissaari 1,KM,34369,1.0,7457640.0,3519040.0,150,False,False,False,False,False,False,True,True,True,False,False,Stone artefacts,Stone arrowhead,Even-based arrowhead,"Piinuolenkärki, tasakantainen",1.0,False,,,,27.0,16.0,5.0,kantakatkelma,KM 34369_1,"27,43626284","67,20701254",,,,,,,,pii,,,,,,Even-based flint arrowhead,
BA,uusi 1289,Tohmajärvi,Niirala,KM,34450,,6904400.0,3688900.0,,False,False,False,False,False,False,False,True,True,False,False,Stone artefacts,Stone shaft-hole axe,Rhombus shaft-hole axe,Rombikirves,3.0,False,,,,93.0,44.0,38.0,mahdollisesi vasarakirves tms,KM 34450_,"30,62672012","62,19786654",,,,,,,,musta liuske,,,,,,Rhombus shaft-hole axe,
BA,832010063,Taivalkoski,Lummelampi W,KM,34723,258.0,7268298.0,3570151.0,225,False,False,False,False,False,False,True,True,True,False,False,Stone artefacts,Stone arrowhead,Even-based arrowhead,"Serttinuolenkärki, tasakantainen",1.0,False,49.0,12.0,5.0,,,,,KM 34723_258,"28,51192829","65,5021327",,,,,,,,sertti,,,,,,Even-based chert arrowhead,
BA,1000003028,Kitee,Uitonkangas,KM,34788,3.0,6897830.0,3639363.0,79,False,False,False,False,False,False,True,True,True,False,False,Stone artefacts,Stone arrowhead,Even-based arrowhead,"Kvartsinuolenkärki, tasakantainen",1.0,False,,,,35.0,20.0,9.0,kantakatkelma,KM 34788_3,"29,67104001","62,16059597",,,,,,,,kvartsi,,,,,,Even-based quartz arrowhead,
BA,1000003447,Ylitornio,Roukoniemi,KM,36855,1.0,7396079.0,3396609.0,90,False,False,False,False,False,False,True,True,True,False,False,Stone artefacts,Stone arrowhead,Even-based arrowhead,"Kvartsinuolenkärki, tasakantainen",1.0,False,,,,12.0,19.0,6.0,kantakatkelma,KM 36855_1,"24,66006114","66,63817955",,,,,,,,kvartsi,,,,,,Even-based quartz arrowhead,
BA,uusi 1785,Kouvola,Lappalanjärvi,KM,37168,,6757650.0,3486520.0,56,False,False,False,False,False,False,False,True,True,False,False,Stone artefacts,Stone shaft-hole axe,Rhombus shaft-hole axe,Rombikirves,1.0,False,,,,87.0,50.0,45.0,"piirtokoristelua, Varhaispronssikautista skandinaavista tyyppiä (?)",KM 37168,"26,74829415","60,92819141",,,,,,,,diabaasi,,,,,,Rhombus shaft-hole axe,
BA,531010029,Nakkila,Lindvall,KM,39490,,6819416.0,3235535.0,30,False,False,False,False,False,False,True,True,True,False,False,Stone artefacts,Stone arrowhead,Even-based arrowhead,Tasakantainen piinuolenkärki,0.0,True,31.0,15.0,6.0,0.0,0.0,0.0,,KM 39490,"22,04452764","61,392465",,,,,,,,pii,,,,,tyyppi,Even-based flint arrowhead,
BA,uusi 8415,Salo,Saaripelto,KM,38611,1.0,6708729.0,3311514.0,,False,False,False,False,False,False,False,True,True,False,False,Stone artefacts,Stone shaft-hole axe,Rhombus shaft-hole axe,Rombikirves,2.0,False,,,,77.0,49.0,40.0,Voi myös olla yksinkertainen reikäkirves.,KM         38611_1,"23,57187207","60,44528601",,,,,,,,diabaasi,,,,,,Rhombus shaft-hole axe,
BA,777010263,Suomussalmi,Niemenkangas S,KM,38894,1.0,7190100.0,3604240.0,189,False,False,False,False,False,False,False,False,True,False,False,Stone artefacts,Stone cast,Stone cast,Valinmuotti,1.0,False,63.0,45.0,15.0,,,,"Ananjino-kirves, etulape",KM         38894_1,"29,18932501","64,79217431",,,,,,,,vuolukivi,,,,,,,
BA,777010263,Suomussalmi,Niemenkangas S,KM,38894,2.0,7190100.0,3604240.0,189,False,False,False,False,False,False,False,False,True,False,False,Stone artefacts,Stone cast,Stone cast,Valinmuotti,1.0,False,64.0,44.0,14.0,,,,"Ananjino-kirves, takalape",KM         38894_2,"29,18932501","64,79217431",,,,,,,,vuolukivi,,,,,,,
BA,777010263,Suomussalmi,Niemenkangas S,KM,38894,3.0,7190100.0,3604240.0,189,False,False,False,False,False,False,False,False,True,False,False,Stone artefacts,Stone cast,Stone cast,Valinmuotti,1.0,False,103.0,52.0,17.0,,,,"Veitsi?, etulape",KM         38894_3,"29,18932501","64,79217431",,,,,,,,vuolukivi,,,,,,,
BA,777010263,Suomussalmi,Niemenkangas S,KM,38894,4.0,7190100.0,3604240.0,189,False,False,False,False,False,False,False,False,True,False,False,Stone artefacts,Stone cast,Stone cast,Valinmuotti,1.0,False,103.0,50.0,18.0,,,,"Veitsi?, takalape",KM         38894_4,"29,18932501","64,79217431",,,,,,,,vuolukivi,,,,,,,
BA,1000037930,Kuopio,Päivärinne,KM,39455,1.0,7002322.0,3513711.0,,False,False,False,False,False,False,False,True,True,False,False,Stone artefacts,Stone shaft-hole axe,Rhombus shaft-hole axe,"Rombikirves, teräväsärmäinen",1.0,True,164.0,49.0,27.0,,,,Koverasivuinen,KM         39455_1,"27,26834076","63,1236013",,,,,,,,harmaa liuske,,,,,tyyppi,Rhombus shaft-hole axe with sharp edges,
BA,perniö 1,Salo,Haarla,Per,36,1.0,6683143.0,3285034.0,,False,False,False,False,False,False,False,True,True,False,False,Stone artefacts,Stone shaft-hole axe,Rhombus shaft-hole axe,Rombikirves,1.0,True,137.0,55.0,40.0,,,,,Per 36_1,"23,11924538","60,20294977",,,,,,,,diabaasi,,,,,,Rhombus shaft-hole axe,
BA,perniö 17,Salo,Nurkkila,Per,47,1.0,6680210.0,3279573.0,,False,False,False,False,False,False,True,True,True,False,False,Stone artefacts,Stone arrowhead,Even-based arrowhead,"Piinuolenkärki, tasakantainen",1.0,True,44.0,18.0,5.0,,,,,Per 47_1,"23,02419203","60,17377304",,,,,,,,pii,,,,,,Even-based flint arrowhead,
BA,1000001335,Nakkila,Uotinmäki ja Uotinmäki W,SatM,2618,,6809524.0,3230653.0,23,False,False,False,False,False,False,True,False,True,False,False,Stone artefacts,Stone shaft-hole axe,Rhombus shaft-hole axe,"Rombikirves, kuusikulmainen",1.0,False,0.0,0.0,0.0,96.0,67.0,49.0,,SatM 2618,"21,96777115","61,30068607",,,,,,,,diabaasi,,,,,tyyppi,"Rhombus shaft-hole axe, hexagonal",
BA,uusi 7299,Kristiinankaupunki,Myrkky,SatM,3726,,6930076.0,3218237.0,,False,False,False,False,False,False,False,False,True,False,False,Stone artefacts,Stone shaft-hole axe,Rhombus shaft-hole axe,"Rombikirves, käyräselkäinen",2.0,False,230.0,75.0,50.0,,,,keskentekoinen,SatM 3726,"21,54874965","62,36892964",,,,,,,,harmaa kivilaji,,,,,Kivikautinen,Rhombus shaft-hole axe with curved back,
BA,uusi 7308,Eura,Toriseva,SatM,5554,,6810142.0,3232763.0,,False,False,False,False,False,False,False,True,True,False,False,Stone artefacts,Stone shaft-hole axe,Rhombus shaft-hole axe,"Rombikirves, teräväsärmäinen",1.0,False,0.0,0.0,0.0,64.0,50.0,40.0,,SatM 5554,"22,00610994","61,30766218",,,,,,,,kiilleliuske,,,,,tyyppi,Rhombus shaft-hole axe with sharp edges,
BA,1000001335,Nakkila,Uotinmäki ja Uotinmäki W,SatM,6334,,6809524.0,3230653.0,23,False,False,False,False,False,False,True,True,True,False,False,Stone artefacts,Stone arrowhead,Even-based arrowhead,Tasakantainen kvartsiittinuolenkärki,0.0,False,0.0,0.0,0.0,51.0,19.0,9.0,,SatM 6334,"21,96777115","61,30068607",,,,,,,,kvartsiitti,,,,,tyyppi,Even-based quartzite arrowhead,
BA,uusi 7837,Kokemäki,?,SatM,8830,,6802999.0,3247944.0,,False,False,False,False,False,False,False,True,True,False,False,Stone artefacts,Stone shaft-hole axe,Rhombus shaft-hole axe,Rombikirves,1.0,True,112.0,54.0,39.0,,,,teelmä,SatM 8830,"22,29804203","61,25388833",,,,,,,,porfyyri,,,,,Kivikautinen,Rhombus shaft-hole axe,
BA,uusi 8195,Ikaalinen,Kartun kylä,SatM,10315,,6859720.0,3291739.0,,False,False,False,False,False,False,True,True,True,False,False,Stone artefacts,Stone arrowhead,Even-based arrowhead,Tasakantainen kvartsiittinuolenkärki,0.0,True,55.0,18.0,13.0,0.0,0.0,0.0,,SatM 10315,"23,04792925","61,78749958",,,,,,,,kvartsiitti,,,,,,Even-based quartzite arrowhead,
BA,886010013,Ulvila,Tuohimaa,SatM,16411,,6831897.0,3233923.0,30,False,False,False,False,False,False,True,False,False,False,False,Stone artefacts,Stone arrowhead,Even-based arrowhead,Tasakantainen piinuolenkärki,0.0,True,77.0,19.0,5.0,0.0,0.0,0.0,,SatM 16411,"21,9965835","61,50293999",,,,,,,,pii,,,,,tyyppi,Even-based flint arrowhead,
BA,uusi 8158,Pori,Noormarkun joki,SatM,16443,,6843356.0,3229851.0,,False,False,False,False,False,False,False,False,True,False,False,Stone artefacts,Stone shaft-hole axe,Rhombus shaft-hole axe,"Rombikirves, A-tyyppi",1.0,False,0.0,0.0,0.0,0.0,0.0,0.0,,SatM 16443,"21,90360636","61,60254059",,,,,,,,kiilleliuske,,,,,tyyppi,"Rhombus shaft-hole axe, A-type",
BA,uusi 8134,Tampere,?,SatM,17444,,6839524.0,3331140.0,,False,False,False,False,False,False,False,True,True,False,False,Stone artefacts,Stone shaft-hole axe,Rhombus shaft-hole axe,Rombikirves,1.0,False,122.0,54.0,46.0,,,,,SatM 17444,"23,8122235","61,62600996",,,,,,,,porfyyri,,,,,Kivikautinen,Rhombus shaft-hole axe,
BA,turku20,,,TMM,99,1.0,6699729.0,3256920.0,,False,False,False,False,False,False,False,False,True,False,False,Stone artefacts,Stone shaft-hole axe,Rhombus shaft-hole axe,"Rombikirves, käyrähamarainen",1.0,True,160.0,62.0,62.0,0.0,0.0,0.0,,TMM 99_1,"22,59380013","60,33559195",,,,,,,,hiekkakivi,,,,,tyyppi,Rhombus shaft-hole axe with curved butt,
BA,turku190,Turku,Kärsämäen kartano,TMM,13455,1.0,6716960.0,3241479.0,,False,False,False,False,False,False,False,True,True,False,False,Stone artefacts,Stone shaft-hole axe,Rhombus shaft-hole axe,"Rombikirves, teräväsärmäinen",1.0,True,123.0,45.0,32.0,0.0,0.0,0.0,OK 2010,TMM 13455_1,"22,29290914","60,48017871",,,,,,,,diabaasi,,,,,,Rhombus shaft-hole axe with sharp edges,
BA,tya 59,Laitila,"Haukka, Oskar-Setälä",TYA,150,,6758505.0,3215192.0,,False,False,False,False,False,False,False,False,False,False,True,Stone artefacts,Stone cast,Stone cast,Valinmuotti,1.0,False,70.0,54.0,23.0,,,,historiallinen,TYA 150,"21,7566308","60,83379573",,,,,,,,hiekkakivi,,,,,,,
BA,tya 222,Inkoo,"Tähtelä, Teira",TYA,430,,6666919.0,3335016.0,,False,False,False,False,False,False,False,False,False,False,True,Stone artefacts,Stone cast,Stone cast,Valinmuotti,2.0,False,75.0,42.0,7.0,,,,historiallinen,TYA 430,"24,03235953","60,08083049",,,,,,,,kiilleliuske,,,,,,,
BA,tya 254,Kuopio,"Tavinsalmi, Hussolansaari",TYA,668,92.0,7003500.0,3515000.0,,False,False,False,False,False,False,True,True,True,False,False,Stone artefacts,Stone arrowhead,Even-based arrowhead,"Kvartsinuolenkärki, tasakantainen",1.0,True,40.0,11.0,7.0,,,,,TYA 668_92,"27,29399291","63,13411904",,,,,,,,kvartsi,,,,,,Even-based quartz arrowhead,
BA,573010003,Parainen,Uppgård (Rösbacken),TYA,850,29.0,6696496.0,3230475.0,23,False,False,False,False,False,False,True,True,True,False,False,Stone artefacts,Stone arrowhead,Even-based arrowhead,"Piinuolenkärki, tasakantainen",1.0,True,33.0,17.0,5.0,,,,,TYA 850_29,"22,12103569","60,2899794",,,,,,,,pii,,,,,,Even-based flint arrowhead,
BA,uusi 4907,Eckerö,Torp,ÅM,91,,6697845.0,3089108.0,,False,False,False,False,False,False,False,True,True,False,False,Stone artefacts,Stone shaft-hole axe,Rhombus shaft-hole axe,Rombikirves,2.0,False,,,,80.0,60.0,30.0,,ÅM 91,"19,58162622","60,18401403",,,,,,,,diabaasi,,,,,,Rhombus shaft-hole axe,
BA,uusi 4929,Sund,Lövvik,ÅM,143,,6701123.0,3121144.0,,False,False,False,False,False,False,False,True,True,False,False,Stone artefacts,Stone shaft-hole axe,Rhombus shaft-hole axe,Rombikirves,1.0,True,95.0,60.0,35.0,,,,,ÅM 143,"20,14863574","60,24420463",,,,,,,,porfyyri,,,,,,Rhombus shaft-hole axe,
BA,uusi 5214,Saltvik,,ÅM,624,28.0,6707885.0,3120936.0,,False,False,False,False,False,False,False,True,True,False,False,Stone artefacts,Stone shaft-hole axe,Rhombus shaft-hole axe,Rombikirves,2.0,False,,,,59.0,40.0,39.0,,ÅM 624_28,"20,13222922","60,30426724",,,,,,,,porfyyri,,,,,,Rhombus shaft-hole axe,
BA,849010009,Toholampi,Nurmela/Riihimäki,KM,2678,567.0,7076704.0,3365179.0,92,False,False,False,False,False,False,False,False,False,False,False,Wooden artefacts,Wooden spoon,Wooden spoon,Puulusikka,,,,,,,,,"Ua-18767: 2455+/-60 BP, 765-410 calBCE. Puulji mänty (Pinus silvestris)",KM 2678_567,"24,26352044","63,76519183",,,,,,,,,,,,,,,
BA,uusi 1880,Paimio,Sähköyhtiöntie 4,KM,37946,,6713714.0,3262699.0,15,False,False,False,False,False,False,False,False,False,False,False,Wooden artefacts,Shaft of an axe,Shaft of an axe,Esimaaningan kirveen varren katkelma,,,,,,,,,Löydetty pronssikirveen putkesta in situ. Julkaisematon radiohiiliajoitus (Asplund et al. in press) n. 1620-1420 calBCE,KM 37946,"22,6815504","60,46417567",,,,,,,,,,,,,,,
